residue,pc1,pc2,pc3,pc4,pc5
1,0.3414779707956598,0.17300116817263647,0.21122173842384007,0.08942859070373063,0.25302449553031126
2,0.2871833446110677,0.15202571367627488,0.1562416528834593,0.10005433564673344,0.25561239335063807
3,0.25193914324665134,0.15127331964250854,0.11174249325042829,0.06735137385734408,0.24441004063241664
4,0.23466172573148794,0.15293513147893373,0.10016783795370632,0.037913532701290525,0.21166345822642427
5,0.1671719101380952,0.15314409598974593,0.09789720267040058,0.03181201858284205,0.20988727623345976
6,0.14286607499752807,0.14340132620727097,0.09773415337477392,0.08192940448346646,0.15827235699917
7,0.12488783769773178,0.1460710677184534,0.10969168601292095,0.08330600002557137,0.13396561091702502
8,0.09487804084968061,0.14569446926539784,0.12709838924248806,0.14273461226024253,0.05215940781007705
9,0.0875702030454454,0.13026874024877044,0.13029980382912457,0.15847698000008043,0.09453505126336008
10,0.08313884675430448,0.12588518893444145,0.1504184765836408,0.19811713513887927,0.10248724064776514
11,0.07041678819423051,0.1419791103767567,0.1519511917471588,0.16144083630085626,0.12284697182815695
12,0.0504463733097141,0.14864870266578772,0.17007933700235076,0.12693171021746225,0.16832559614262385
13,0.042269875491318436,0.10408257706362463,0.1540234682002255,0.18159720123747675,0.14305595998699122
14,0.04051166076707794,0.08480434909879006,0.13060842951544124,0.12456271617913804,0.15118565591916747
15,0.024465367097948013,0.11732444932809144,0.12349859795571036,0.12389889468997817,0.10111278485013443
16,0.03883149428931899,0.12432254735911635,0.12625151602670298,0.1994923434837202,0.1614806809493217
17,0.045617383169444775,0.13494953191324038,0.1188988235077403,0.2163494872144724,0.11663914754279245
18,0.05658638079989947,0.13257579784975387,0.09968146995065996,0.14125452712834582,0.05641859581895677
19,0.09700870881953734,0.15736492927148849,0.14545017994529472,0.21165693191142182,0.05345908591352182
20,0.06976998097708645,0.12317592199364781,0.10750694472266178,0.13212574066712027,0.07387233251645495
21,0.05511890111994032,0.14737040226929865,0.10976824550288226,0.11278299253141225,0.05178892466912972
22,0.023107481089878798,0.058051583349187405,0.07832499602782382,0.056994875946286674,0.02806614636186907
23,0.02123212307513113,0.012641764402017301,0.04860186755407678,0.029209609539445312,0.035432214358464664
24,0.045324626318411394,0.014628007487754984,0.05133247155620316,0.012297223690941907,0.04702627446850861
25,0.02509317666636461,0.010225331632681302,0.03063363081646255,0.02131866909608383,0.0278825806114601
26,0.02438159364892479,0.009100715550418666,0.029412459247976502,0.02095833748037722,0.015931695514198957
27,0.02362436902282063,0.007803929780730607,0.021358009043630128,0.0151630562150673,0.014683117945915997
28,0.02287706980459114,0.006027807485353976,0.021120355570465443,0.015012102402007068,0.012888417193196196
29,0.019205326716999382,0.0058748239633182285,0.018092569207866265,0.010238868345975887,0.010537460975672656
30,0.020506955938688547,0.005511061152126994,0.018754998037810774,0.010238929834096052,0.012600538312468868
31,0.0191174416332564,0.006573509859932869,0.017950912594049278,0.005952482655316816,0.009347545362923655
32,0.018378703922555854,0.005796070140699005,0.014966900015785524,0.004763350928156043,0.005975287101204162
33,0.018187875490311214,0.006802182490125718,0.01404353058661279,0.0023637953171682536,0.003641759082578254
34,0.015069758352459132,0.007853290796913796,0.012793332282726519,0.0010131654128702396,0.005381306675188452
35,0.010351135933857104,0.007033002775092826,0.009706554547165451,0.0024719215402053433,0.0028406830768801616
36,0.00777602737833628,0.007254473382746377,0.011283308836889076,5.811047996227201e-4,0.003948609187783777
37,0.011579094358609399,0.006346777886189517,0.013126813994213123,0.0013358366665814825,0.0031716527231282093
38,0.01174345818936815,0.006454766346473331,0.01165052350365118,0.0025088187899141414,0.0034157533638046497
39,0.008077334151855605,0.006828368878850301,0.009390242090364109,0.0026375460678981434,0.0034131793821986925
40,0.00946369105370297,0.006978733730797081,0.011550392276999605,0.0017753913192180607,0.0035965247241372053
41,0.013531075441559508,0.006570549569730185,0.011738279112535903,0.0023907488975945,0.004117000356089592
42,0.011133723386948359,0.007222167698760247,0.009753215264160947,0.00482230919128875,0.003781512623870008
43,0.011558450975605646,0.008149007483508337,0.009401745605959537,0.0057231385802243425,0.006003944937515501
44,0.01738645968323319,0.009337211118051466,0.011351141582421162,0.006073855102827061,0.007664719392704851
45,0.02044105141806095,0.010718066934460218,0.013107176347135275,0.004853552397126173,0.006028829322650813
46,0.019653280536041116,0.01103126115714927,0.010831963468019382,0.010055408409630477,0.009669035692102953
47,0.035764997703744715,0.028653067333376542,0.04047005111477323,0.01575862184573107,0.01246419469746666
48,0.009446848106908273,0.030972719904679598,0.052825405351965,0.013503895542756333,0.015405754430934716
49,0.027958929858076763,0.016203439437513553,0.047117528131342665,0.017886159026036207,0.010532338585353584
50,0.020615133744115496,0.010067692088611432,0.027788091495585268,0.013321526841553062,0.011059074814671955
51,0.028843493631128758,0.005689014292102194,0.03303556865920316,0.019304592583425678,0.019819481969405618
52,0.02658652379271302,0.008078952049325697,0.026467435475883847,0.015392778483848617,0.015515659544749897
53,0.025001499393734774,0.011253935812247503,0.01700610830311367,0.006956229404522645,0.010466756831400538
54,0.025103625188343904,0.00652454564044827,0.017470157157124758,0.008796754317254947,0.010545198662571614
55,0.023907270928719835,0.0031643696331707803,0.01794837361586538,0.007858054444689826,0.008884351945166695
56,0.024556053262884674,0.0048898443178443185,0.01991995239703371,0.006760792983935002,0.007919404677398448
57,0.023951902812042347,0.0055660820323617625,0.018954378470803366,0.007006916274129762,0.007051269147042719
58,0.028340523080295662,0.008568861183074334,0.02033122056465866,0.011497017313945552,0.008032995347001264
59,0.027986003991920808,0.008054995624639951,0.021447770570261367,0.009448919720528446,0.0053162698103738
60,0.02304323049353149,0.008319855205973815,0.016617993145950586,0.00729155515174851,0.0030629919674613924
61,0.02388608731800623,0.0058810481791029805,0.017576894018990055,0.0036311297473418697,0.003770450903471558
62,0.02317008265718843,0.005493858268214465,0.016738191024088644,0.003973233385859327,0.004504902215829865
63,0.02133388824084367,0.009183424548811424,0.014435006542510438,0.005145498764702838,0.001826995778132302
64,0.020230458228404854,0.00887013488097779,0.014116909037974969,0.004533650268878228,0.0012492774067510664
65,0.022125008676806085,0.006151560268594916,0.016113140980323338,0.004452990138861349,0.003471711776352508
66,0.021563608429613374,0.006853035377386412,0.012327964386403474,0.0026337029275801034,0.0058735504149856855
67,0.018692409619968132,0.005832854122743496,0.01142408994213767,0.004686872801529385,0.004304047074653217
68,0.018136801176725243,0.004719793339884119,0.014990998913821973,0.0035109015920473364,0.002223251639712187
69,0.021090359342426604,0.004694071173533323,0.013888888259722771,0.0038293979014612277,0.0041727918165760285
70,0.017724823325560645,0.004315716617073493,0.012202833822366655,0.004498343267997322,0.005238000140914548
71,0.01725002645361172,0.008558293338833758,0.010787036239676907,0.0054894095021684785,0.007066820227505951
72,0.018761923844902766,0.018774078456620248,0.012281999265317641,0.0038940853672388507,0.006653210953966296
73,0.0273651934137948,0.011676946296081615,0.022080514585558028,0.007268559470120706,0.0120206056630486
74,0.03621509342522019,0.02184873004818579,0.027751548136970366,0.009149203929069039,0.01659258497757628
75,0.031104983952391793,0.019976059918063394,0.015327326972958914,0.00544118836864425,0.011351895055901796
76,0.033421487303046234,0.009340907058907383,0.018541570411769206,0.006146344430250039,0.013520386722846205
77,0.029251054706723154,0.006624074924206119,0.0174912834038219,0.007336502671591251,0.009166541373503645
78,0.034517206965708314,0.003911268712270317,0.017137424172713075,0.0139695306581928,0.009323258534214972
79,0.03130637182808189,0.002177060753037928,0.016909701116329928,0.008971180345003452,0.005049578958463748
80,0.030761208468268648,0.004238743615734349,0.020155361207315987,0.006152949989763832,0.008284720649645902
81,0.03069598444966193,0.0036607871271982,0.02132159602218739,0.004937035052474368,0.009289376375618608
82,0.02956058007862408,0.004547000799928946,0.022348237710893466,0.011302864846418504,0.010632874323655034
83,0.027353461784825506,0.005254300010578077,0.023133797709804182,0.01496742661982849,0.01106170845685641
84,0.03345338260790595,0.0061585556841621605,0.024347503108668414,0.015098252560570598,0.013025454898120545
85,0.03188145103956771,0.005946589939317605,0.022913496795897145,0.011531710867976974,0.008517794760589389
86,0.026634955538561572,0.004624018738052951,0.022280006909357743,0.015615515731382356,0.011348967679080559
87,0.02837359565788838,0.006540422626079548,0.020483622340937827,0.019160721491308368,0.01010508361025392
88,0.03180788255598925,0.0054697485900443345,0.02273629867168736,0.01723477950376837,0.012837596498847198
89,0.030179745708786593,0.0036705992112741484,0.02320476567041978,0.014731467501724917,0.010009618869741365
90,0.02891546202003011,0.006554647389430232,0.022305635762074727,0.018053024806968767,0.009131242478259815
91,0.03271142528361569,0.007889589443321724,0.03133167797014597,0.020078354875888094,0.011620891520796558
92,0.031487878352214956,0.008895540284051352,0.030523345478186345,0.019252804356830893,0.008392598414301154
93,0.025046235241348587,0.009027941652352905,0.02670109077973168,0.022548253848657444,0.015718470755734733
94,0.022831821837852713,0.007904679023130592,0.023457329982922808,0.01857486329870468,0.009873876443072926
95,0.021499422609422704,0.007270095478453509,0.01955306652895252,0.016941900473856523,0.011690708001432178
96,0.020580909568377503,0.006157952574679117,0.018246561915836387,0.015084223248504478,0.012632277646481288
97,0.0171529390566533,0.0054304089008801225,0.016814205650957672,0.009954261670304401,0.01182925839618121
98,0.012885023707404953,0.005378859169296264,0.016810194640787098,0.009724990832754087,0.012857541524717447
99,0.013929314379120017,0.005617387363510069,0.01624579009710969,0.005297806750220758,0.014803866349871698
100,0.014393458056251902,0.0043320749624769575,0.017892905249027438,0.007634245208540454,0.013209258817837877
101,0.014296295705984322,0.0039018252936778254,0.019741737812990844,0.009284408228951255,0.012783589652658542
102,0.016768646060473975,0.01501410077323388,0.026950574261303806,0.008420367060536582,0.016138037533536577
103,0.023946733875374028,0.021947277969919684,0.03586219825388258,0.01600948588729193,0.033784381243156796
104,0.02839773414864903,0.03273684644023123,0.03205626369269322,0.020698161177056196,0.04565118970961968
105,0.01935578014368991,0.03216635142641003,0.037313509456359126,0.019646383716630276,0.040113300826573696
106,0.026382830292389903,0.02977545298132057,0.04457501288519224,0.016759339602439246,0.054068560693799374
107,0.03125386904032872,0.005147307558322911,0.04848654711141205,0.02001127303783798,0.05040699814189124
108,0.027301373228677876,0.01387436645744777,0.04569114507525025,0.015583660535372985,0.03483029845064835
109,0.026766775160047218,0.01835842250849986,0.040779115185914164,0.013681382299026372,0.025621756685490157
110,0.02345770041048642,0.019663044015323837,0.03498902213736398,0.01737847875870439,0.021764912528833946
111,0.017383300221698015,0.01541132240354126,0.028266675033002155,0.01769944267340397,0.017222379438321497
112,0.017290468757602435,0.012970926182262971,0.02941907048408073,0.014381324820179257,0.015599386254204003
113,0.017668614035948313,0.013537169269424575,0.02968856236812515,0.016890016198065898,0.0164128243460947
114,0.013619057145583213,0.009831546071191473,0.023286488334099308,0.016626244732033488,0.013303632597458861
115,0.012851026797435466,0.008723168779967058,0.021584261144930082,0.014842268541833023,0.01314632359334439
116,0.015271529320228593,0.008532286758124065,0.022675501102387897,0.014767217369419192,0.014644375598566774
117,0.01267012438624632,0.007925415371918678,0.023015482787848228,0.013269040090922108,0.013262042437732852
118,0.009729184592199857,0.007432626726685075,0.02003827698378754,0.01562647732253282,0.012434189216540034
119,0.012468061192261787,0.008477332466981475,0.021140096929175022,0.01576687260510468,0.014674078674098283
120,0.015116205908651568,0.006977306267682576,0.0218521213069433,0.012825695935229342,0.014712013927744802
121,0.011949838069066104,0.0047642430070547965,0.01871623053153054,0.012585709042218072,0.012226575369801623
122,0.010478407063101504,0.007193108283412017,0.017173752751481343,0.01467893992097681,0.012170160963447692
123,0.014697580604323492,0.0070383035784620735,0.020824837412196325,0.01478705369673869,0.014781664094678489
124,0.01627330520413894,0.004126274663958406,0.019474292181636103,0.012172633928959968,0.014744251012489303
125,0.014406295702138954,0.003387191253343117,0.01597346634333581,0.014661587771670674,0.011141885182076082
126,0.015299682572151854,0.004180180434456647,0.017491032421929547,0.018412966727963713,0.00805840506419129
127,0.019663197660654174,0.0037060640011554297,0.01976772076027454,0.019363882083544497,0.007736073710583161
128,0.01938357813881771,0.0028661440334475947,0.017066066802184976,0.01650682567282154,0.008699661397588605
129,0.018301276207906454,0.003004934192352312,0.01613207502624787,0.02118555741531862,0.006674667726664439
130,0.022112845836244597,0.004632873997349718,0.023747742197872998,0.02623657491466472,0.012635036523693069
131,0.026148284488216513,0.003117181230435471,0.02269419249514973,0.022466180863656766,0.008782447616402171
132,0.02524973052461475,0.0038751040490681127,0.01950362863969625,0.02277319772114732,0.008256961056944517
133,0.022857481418344743,0.006221213658113564,0.01564471841872902,0.028319099063650637,0.010465610157642155
134,0.024221428467643517,0.007389786330348075,0.016888032758913783,0.033198973166770625,0.00905986743701696
135,0.02529324562200376,0.007758938001604242,0.020942946072317132,0.02294810080909662,0.011212544857699487
136,0.02040919804544607,0.00855426187405993,0.017196321109132006,0.017907451772489293,0.009961659145041666
137,0.017715747600502683,0.005132629115799702,0.015422241649744324,0.01664763611489159,0.013230877934381846
138,0.015415985073092458,0.005983568779581937,0.009186996017065298,0.00829882425945425,0.008737260628215004
139,0.007478173534138126,0.004693165871773527,0.009472464981815832,0.008282937852303333,0.011422044278707117
140,0.007684871488658406,0.004984954386577742,0.0127692285406073,0.003948660163197765,0.01296415259457816
141,0.007533145657520808,0.007371097111313504,0.017844887519037688,0.005147721528858159,0.010854978122898202
142,0.008533822685350809,0.007288825762598578,0.01715744701703455,0.007685905841963555,0.0146981895344618
143,0.007767659955677586,0.004539534222916691,0.013180976992631793,0.008036732784577118,0.008002999641775742
144,0.0055492797123829355,0.0036312299960058773,0.00928608731573831,0.007733615393456298,0.011812339308725564
145,0.005477881615897488,0.007263955833353647,0.009159407272353183,0.0069310237931185445,0.010760118336574389
146,0.005316736510597773,0.008732106962838798,0.008888777931025306,0.006535632065883184,0.01175469849826365
147,0.005172741393114669,0.005614291345663175,0.008473827737636814,0.009149011285720772,0.012265526029716181
148,0.005112317828464883,0.007269555111517375,0.004886028967429902,0.009516800553826211,0.011461153817462162
149,0.006062828755600348,0.009215984133956077,0.004306876120874433,0.011669318229421358,0.011208818721486836
150,0.004733418618441945,0.0079038927991994,0.008179774393853544,0.014495295645927908,0.011536711368538705
151,0.007618339963575166,0.006578941410607307,0.007251079354021359,0.012257799287552969,0.011218797978314333
152,0.009406591276192554,0.00663044237425245,0.005636077998665666,0.016259771795948976,0.011708865114522555
153,0.005730891850656986,0.007415198519767511,0.0074643393173776055,0.021800715144236114,0.011447612185717377
154,0.007884067022317715,0.006853507200706898,0.009929060934535138,0.02043483712020354,0.010187176557800635
155,0.012923168892743093,0.005915720578640472,0.01017427596517298,0.020984015391548014,0.009114368990605595
156,0.014649222087913407,0.006391615084185826,0.011797897744899125,0.023452766902496664,0.007362971935255481
157,0.0139554423438838,0.006707706247665175,0.010947794797091289,0.02626715804729456,0.010374613383671556
158,0.015448714898707049,0.005773108301276719,0.010053782810472455,0.02831846806478387,0.00784666583232699
159,0.019088157468234026,0.005483844195987014,0.011954950771680411,0.030059573113072342,0.009023214723422808
160,0.0185943228172923,0.004216644419879961,0.0103797298496067,0.02729505078715031,0.008931329968971865
161,0.01581138846793119,0.006170531735035678,0.006474423113364276,0.02115436597893981,0.006674805244752237
162,0.018516293534159966,0.008657555431668768,0.0062438991161476495,0.016758533551142395,0.005466670755325244
163,0.01748924208598741,0.012747700275557371,0.00851313665774768,0.010624184949870198,0.008451833473459144
164,0.020397684752745938,0.010996513714282332,0.00843299041721083,0.013878919588206699,0.007620081865478437
165,0.01906429383477995,0.008744863534079331,0.011125676910218582,0.0165571322429337,0.006871897013867912
166,0.013557595818460081,0.005771310043282903,0.008678129886951144,0.012266737257822909,0.009859006657628233
167,0.01134985421461576,0.008204851949857355,0.0049272699122133974,0.007435356292964111,0.01011933640204882
168,0.00784611736086619,0.006504500444634254,0.00475188440613463,0.005527484218324351,0.013312946918427845
169,0.007045808065791201,0.006240846739540693,0.004710965587642721,0.004137137552420004,0.01370909046195599
170,0.007112895515870362,0.0100079695145371,0.007702260757136389,0.004395690836087062,0.011920437913054735
171,0.009376889517851575,0.010864905920885093,0.010401624202631712,0.005186873141373397,0.011418759988976504
172,0.006954880829093273,0.010223465126864537,0.01160213936438449,0.004250759120787117,0.011348108620800703
173,0.007893664246762773,0.006096978502960149,0.009965121164652903,0.006558745455652397,0.013062760711698904
174,0.010594482442439091,0.011520053401283224,0.010689190302123239,0.004921744522548617,0.012856497511751224
175,0.008675056770224827,0.011226959398717694,0.011200848463318083,0.0052987119620965615,0.012635787235967236
176,0.008435300893245113,0.00890917167583615,0.011834757924065754,0.005834591993392246,0.014718011273783768
177,0.010863264848220838,0.010341064113483966,0.012418146151849966,0.005918332424053143,0.014282855794917745
178,0.011526099195466247,0.013385923880374748,0.01324547248838173,0.0049958986345436385,0.014507317269465638
179,0.010187549802441739,0.012246075759050838,0.015000244960222947,0.003938270700567751,0.014405844761122211
180,0.011487344478894044,0.010024675551811213,0.017907183697166987,0.007649904574410286,0.015860457832571388
181,0.014569996143770855,0.012697803584684602,0.018997250019117253,0.00622893312633756,0.018702144477889655
182,0.01372676954251063,0.015302233703605827,0.02216879544982213,0.005026954368882224,0.01754040713532847
183,0.011912063960708772,0.014079320147163493,0.026329665311174158,0.0019944649753255834,0.017902673543347847
184,0.01659100929970868,0.012338330952489355,0.027759615731796174,0.004681320571303599,0.022849938880327693
185,0.018313019570976002,0.015541839852559277,0.029399955154856345,0.005007873751553937,0.02705502945056644
186,0.017893451604298772,0.018518323858198082,0.0323862994427037,7.240269056837079e-4,0.024118798587599778
187,0.017530284799003922,0.01872101469487057,0.029195884471029162,0.006357033251875394,0.022679204203657596
188,0.015792628912593948,0.019136615948155647,0.02703379307680217,0.007435244095179037,0.017870155441447967
189,0.012827339394379151,0.01531386117661387,0.027207141861726146,0.005952524373874871,0.011424679749446562
190,0.013095875381533038,0.018412643296230925,0.03210771383971908,0.008049290738915745,0.013364695919748362
191,0.013604549734582876,0.01962456795359053,0.026818748200399714,0.009761864800320113,0.01959035155492684
192,0.015583764563164725,0.017980177802019957,0.01911544256942828,0.005613282029733451,0.018894504189246132
193,0.017059118872650048,0.01787512117469904,0.015992485273520745,0.007500744365620615,0.014931993220844734
194,0.016773865091820085,0.014377985869059367,0.00855234754520274,0.007690698897856552,0.011658845472896348
195,0.01755359410146126,0.015710973039307987,0.008276289327808856,0.008136024801233512,0.010744041798301606
196,0.015437895019733078,0.015310334995965284,0.00644587490943553,0.00833827088998999,0.011142791622672992
197,0.014021843388235186,0.015488278660395708,0.003535733199215772,0.0071239747035995934,0.01084272427336039
198,0.013341362594772466,0.014543187318021041,0.005910984850514474,0.008074724796705382,0.011138068448300805
199,0.01169173108729437,0.010181881751090166,0.006070779461575585,0.0023218850312869944,0.00891304475175293
200,0.007622527732846421,0.0035561691518491913,0.011260264015232873,0.008272284241612771,0.007207510750702936
201,0.013024995194528235,0.00911254470011155,0.017350707899171623,0.010634887703703997,0.006877379686248989
202,0.012447915770738333,0.0068892704750199195,0.016777919509457458,0.01866557442742582,0.02092144703736033
203,0.013929783741511442,0.008011910676422453,0.011569527450943137,0.015773826947596874,0.014006924790434446
204,0.012989340730191253,0.009080322412964597,0.008892813104414553,0.006242400155729257,0.007573715196400104
205,0.010897794678381237,0.0078113309499726015,0.0038897041514600623,0.0057422479946390124,0.0075738696370690785
206,0.014398349575810035,0.012017251157161322,0.0053097452873190724,0.004677931471736605,0.007971125710592398
207,0.014890013679834186,0.011977464880129641,0.0034277893703412517,0.004815705233950421,0.00829221349298336
208,0.01741631405573798,0.0130951952530173,0.002016173938002158,0.006258685206659065,0.010574124494965698
209,0.017534213597027257,0.010820434247537149,0.010483787655672662,0.010176127357692695,0.014148176848240174
210,0.022371416496532664,0.013096721281496217,0.004689927746559104,0.007926582704222782,0.013311609882859583
211,0.02178497498915144,0.015618943421247321,0.009144758224134054,0.00246894860900398,0.010349276549132163
212,0.0202682078303188,0.013621572803315562,0.016590229704714007,0.006566233144903626,0.013987066040492708
213,0.022358728413634583,0.018604877374164355,0.022877172694149822,0.0077749180122715636,0.015655344139676064
214,0.02287499436728151,0.019780156561656357,0.03098955448360132,0.006654728611548718,0.0189957316970673
215,0.020898372042679792,0.014305070482119327,0.024475917760792318,0.01566035486763286,0.02493073659437439
216,0.020758332371542478,0.012777493802173133,0.02151721371148355,0.01343499739939549,0.023154124792038194
217,0.023834680939593723,0.007436003656858429,0.02375206387235257,0.011910637296112232,0.024219366796891212
218,0.023408687468343094,0.008555199766946587,0.023264660205834873,0.009447765400128236,0.025414229489368452
219,0.026423132075207828,0.012502679204125778,0.025697255352789647,0.01370754884280848,0.029273036752530558
220,0.02582567545355394,0.012102277529498334,0.02695024213672399,0.01344363523748585,0.029811877840724026
221,0.02419054854864607,0.012615268294500664,0.02552709319456178,0.012836887372520676,0.028719594366121648
222,0.021443159419221244,0.01081993943798061,0.022784851132829635,0.007714039990875399,0.027230044061943653
223,0.020042544383021475,0.008579726074490906,0.021665052018601368,0.005343581104556074,0.02592220498465364
224,0.01949572657849272,0.0085454488507244,0.021316099328964132,0.007559216487989165,0.025656336091697884
225,0.017354123291585224,0.009039346827605241,0.020687161636478157,0.005648396923794536,0.022977338598809502
226,0.014899731347923583,0.00677127012921064,0.016830907927779495,0.0036256616973926676,0.02239718103908193
227,0.013698260999317856,0.0050639735999012826,0.015518693313429713,0.0037056941812891593,0.024028468510109546
228,0.012746835171524255,0.003406250406129327,0.016722767325732864,0.005925168715491897,0.02301563725737119
229,0.010167294408919066,0.006719003275044505,0.02095241572082926,0.009266774781463859,0.018101973603706294
230,0.008142572067582978,0.003835070832702844,0.012935594605682998,0.007254862522284825,0.01815143889636179
231,0.009464078663588185,0.004212786584802043,0.011971830941901886,0.007930390841898763,0.0170988221880767
232,0.0093002208197669,0.004706949878857855,0.013404892932028243,0.007495894226575557,0.02405313905447289
233,0.008123779084399301,0.005622203313346556,0.012520043633082926,0.009737837098765243,0.01949324768708911
234,0.0024767356921907174,0.006689855837959332,0.01394930002158898,0.013279607734898204,0.020372759571983996
235,0.01022589204545811,0.010848798154598148,0.012194326774008283,0.013916654512657079,0.017363033953950707
236,0.011465068193051426,0.009438473239694475,0.006536645328521905,0.01228980987639504,0.01572802448654671
237,0.00890446922092752,0.0077012680460216915,0.007239003333060775,0.009404122322083826,0.013317473358867809
238,0.011768886297195556,0.010133574508817541,0.010202773936487518,0.008355994273430284,0.015145808087306437
239,0.016271910710859462,0.01366862733117805,0.009047059295344642,0.00766572777653158,0.01397598560501524
240,0.013997052530609759,0.01263758161882017,0.010495749354411665,0.006749850138836861,0.012578288473503186
241,0.012548457100434092,0.010254490357773207,0.01023766607158905,0.002860035660979851,0.014048364321341253
242,0.027024181917498516,0.019890846940044567,0.018529321707678008,0.012617722538631472,0.010830916529108456
243,0.0249309053653202,0.019417136849764517,0.016595821306493425,0.016734248666463006,0.01123384971765817
244,0.024852382938300447,0.02272799745330365,0.031998835402384754,0.025049928393906237,0.03322183188265537
245,0.006204227423774432,0.008315295353150755,0.01325961030132271,0.016957291246307765,0.017144274218750748
246,0.006446873885482516,0.008121709043199794,0.012300981214731686,0.009260477308208954,0.011408672550396376
247,0.0028613781243108233,0.005462312843652155,0.011635469187983851,0.006420083735657666,0.006719203750692561
248,0.004304226843758189,0.0065869619181187205,0.009991349580606294,0.002833929420936829,0.005251722952915226
249,0.002207691257566077,0.010473898764247345,0.00910531595948448,0.0025254023317494876,0.0032441958488624843
250,0.002687645612666227,0.01065353034822396,0.009661557713346886,0.004351552114181636,0.0063228469112096355
251,0.003794731012710855,0.009151663039093082,0.009445247898102305,0.005429214008029697,0.003994710150528643
252,0.006102743833517397,0.008681953339532686,0.01014897899371253,0.0053716760732627385,0.002280149846302328
253,0.006638261880362477,0.009777528603365214,0.009026092655834287,0.004406006799622482,0.006210309254776254
254,0.008035605619737896,0.009401984389202516,0.009867936402600455,0.003920079072794726,0.008256102984778003
255,0.007720968391503623,0.007600781296758329,0.00991551802252294,0.0039415470348005055,0.0037204115921384466
256,0.010395890142791497,0.008502893795334256,0.011219244250828228,0.003760308951714198,0.005855344475734591
257,0.01101377447208258,0.009960396307404447,0.010927196288442095,0.004343163721766016,0.01210979276697339
258,0.010814299699305788,0.009407212783232453,0.009502100784566042,0.0037380321774323566,0.009226671249541855
259,0.01089321937636339,0.009346725559629163,0.010249661182889756,0.004501472413281733,0.006245018409016096
260,0.011482269225935243,0.011032534284290107,0.014303455045198015,0.004629851018749141,0.006249017687390237
261,0.013309973355182825,0.011899398999222308,0.01347854123215048,0.006045915457730875,0.005385139258043134
262,0.01563758746509175,0.010836809951317524,0.010692852468371265,0.00642228734056956,0.007301079442301738
263,0.0165774202014536,0.012938519706598706,0.014694527659608683,0.008460198508879347,0.006308967700120986
264,0.019318558414220692,0.017335104591059382,0.016746522491088787,0.008526710292853389,0.0067254854015947815
265,0.02139627843290635,0.017097107191124467,0.014989167086803529,0.008590519527167318,0.013803465579419888
266,0.02393191017412717,0.01674077530186969,0.01851991379321373,0.008929281391117585,0.01693487179115968
267,0.026446846541925542,0.022960211354313514,0.021079823773971426,0.007964433589946146,0.01493936534079274
268,0.0287803753307291,0.025363915889942523,0.01787481091202195,0.011314056555094694,0.025411565494110788
269,0.02081657217667262,0.021753424832359664,0.017780041846191544,0.01075461286268335,0.022962901175837727
270,0.016175356546882465,0.02199492959252668,0.018027362804475845,0.01361812155712384,0.018058360778644228
271,0.012819059804894348,0.013843192317002867,0.01243360224469094,0.011065660721897531,0.013831917255140701
272,0.012350679455017081,0.014063706527926559,0.012572314320779425,0.008053936616200576,0.00926218732677936
273,0.013963806586962623,0.014367399345435579,0.011616974196890782,0.009321491504620168,0.00945151610585239
274,0.014430744157772223,0.01284488630634061,0.007572823301871079,0.007344930915572231,0.01060218765041232
275,0.012755108359306717,0.011340750532544795,0.004936978807340562,0.007711262016621005,0.012596636448356402
276,0.010329415561603838,0.011039466249872959,0.004848466675741655,0.008408124495827321,0.011055165250061078
277,0.009140944897006044,0.011197332879202701,0.004375549766680685,0.00824529553125446,0.010989962206313408
278,0.01186836609750141,0.012549915358238854,0.005398908036303279,0.008894891320252203,0.00869999708234266
279,0.014696658084995715,0.015868168131083635,0.010721768588750739,0.009831915233564683,0.009056863629341164
280,0.016452105606950332,0.018514208009497934,0.01026530342215802,0.0056300326986001145,0.009370159144497703
281,0.02295438569745558,0.022887695685679756,0.011262672418970283,0.006112143337596276,0.010436144680798221
282,0.022658937538757685,0.022331842033112118,0.009198861614087719,0.005348488595646956,0.009012947634073157
283,0.0231006447328117,0.022787652222900676,0.007409434526942679,0.007033602803075414,0.01051427341841183
284,0.02384636550554389,0.023940763226341977,0.009269959176341935,0.011884255660449181,0.010817106232514249
285,0.015881888907672684,0.019757198596341466,0.010141186958220883,0.009728298525624159,0.008739121524442985
286,0.013879065221699289,0.017924838269649118,0.010723426557894551,0.009860294195887362,0.007286123522356454
287,0.010697888657188246,0.015465887512224564,0.009054441200865444,0.00951266280137793,0.009311546217157176
288,0.012559772218035876,0.014885496988840766,0.0069752172059200784,0.00770091170211829,0.01035805006222204
289,0.010543536284787231,0.013885307606871617,0.006912127789392481,0.006540277969413625,0.010063430431306777
290,0.015062170790574673,0.015928999867447523,0.006769192805863168,0.005099843895246972,0.010302724529212095
291,0.015870054469894493,0.01518463409948748,0.007300981749422861,0.006276853658370513,0.01031997541666911
292,0.017563687155904843,0.014804221835959867,0.008713419787136842,0.009013363978229279,0.007488820741009963
293,0.017386565840554362,0.0153891793109522,0.012644766267122378,0.010644941270427012,0.007801722485800698
294,0.01749796620088798,0.013854662237607666,0.013884243273746832,0.010964120298199029,0.006888749897670268
295,0.01967330807848895,0.015462170817340436,0.019306638402916968,0.012146336406565076,0.008073475455551588
296,0.025299101891107866,0.019927251149660954,0.020318208353836197,0.009215746281656792,0.006483085002339345
297,0.031044001920415263,0.01485854636934897,0.020258264319222924,0.02214063895211361,0.014161441763605342
298,0.025263843109511522,0.010056429922295206,0.018659237511773934,0.01793087506639616,0.013125491110813532
299,0.02125276720674641,0.011826714446754608,0.013473607876386432,0.01524554056857388,0.004773930344269538
300,0.024038283772664593,0.014003824953937155,0.016339573463087582,0.0167218149021714,0.004607004802285094
301,0.02278507315372181,0.01759740575634185,0.013697918117478624,0.014334317823631365,0.006425484419910593
302,0.02212175807519764,0.01656201777722122,0.010274462807785082,0.009548904488390979,0.008406866102725575
303,0.021501858256869764,0.017443090491729304,0.010698624954829119,0.008951046843264619,0.009595001772753128
304,0.021775925152444673,0.01825750361489499,0.00969412114492525,0.005615544970010723,0.010183805887041868
305,0.021206156665589903,0.01827830725696418,0.010342393562197863,0.0064480565490680234,0.007499696609285142
306,0.023619691896254083,0.01739338481953349,0.010924872751267602,0.01106309908086255,0.012235673521304809
307,0.025369013400926788,0.019839272090378942,0.013102669719764115,0.012521517394615435,0.009407035182688265
308,0.022978703401375294,0.03619450460200269,0.026404411721560463,0.014393885710905989,0.007136256366864572
309,0.022921429870127203,0.035302418534126294,0.03324419962474903,0.01653284514488614,0.010483228018137319
310,0.026232553071253686,0.03147740011931136,0.027688165445322734,0.015673121895150372,0.0065195348095543485
311,0.022179974992833248,0.02389017671402378,0.015097722746380694,0.008347823254001088,0.009625145025079744
312,0.020593559074267537,0.022853893238920373,0.013912498853099357,0.006217936401905965,0.010514369110131375
313,0.025979529376855603,0.029162962436168702,0.01782006024774419,0.009147633679908219,0.006587240104489635
314,0.027383767489652405,0.025409199156144823,0.014495363508351256,0.008288526802026366,0.006487258707892059
315,0.02086074792922468,0.018620991394353463,0.00631084408847243,0.004785545335571076,0.011859684707245313
316,0.020006470874063636,0.02096757125106623,0.008997471032690968,0.0025451499141267825,0.011555993985524213
317,0.021435809799489957,0.027172483086262852,0.02153148225005818,0.005922104862912555,0.011125740561971938
318,0.01946852085574104,0.023939173486748663,0.02414346168322272,0.008841165643289007,0.013689173634393273
319,0.016914777083039373,0.013410236152090218,0.016988258330645618,0.007007196683227053,0.00854527775692446
320,0.016420142403846472,0.015882697206320157,0.014547240910588736,0.008902205414238992,0.008056973058930585
321,0.015248585512169295,0.017636257762323547,0.020297079587743006,0.009826917523842134,0.012657694573731183
322,0.013403045746164357,0.013822490567007552,0.018445520197532823,0.00933445740707186,0.01284075843434998
323,0.012026465719399831,0.013523709956088382,0.01460945248507218,0.0091320419760356885,0.006122129743463191
324,0.01199729887810689,0.01776690848909028,0.016517953810042545,0.009930830812286795,0.00996500426423478
325,0.010768180721565917,0.017551515822483106,0.018594797204321677,0.009661084280860306,0.014338192353674612
326,0.008970345435100856,0.012472855966791083,0.01570060072652281,0.009311249016191724,0.013261034483562573
327,0.008649375754724777,0.012904848760643604,0.012723853357610383,0.007518698342922985,0.011390094937577703
328,0.00907891677086807,0.01598531472718934,0.014633704534962738,0.004101989465395464,0.012818325900682697
329,0.007855018468715252,0.014610267153702542,0.015353981811659694,0.005548489167832046,0.014705025959934436
330,0.006555958740971534,0.011102954454096836,0.01036547776491642,0.005821723346328004,0.014205782193835718
331,0.007147102235994133,0.012328596860998159,0.009323861366300652,0.0026244983445742483,0.014187454891327604
332,0.0056232734168068475,0.013326337385150086,0.017240733148780513,0.0022894994147818265,0.015743456364832306
333,0.005707182835855167,0.01204267953135871,0.017208372547133387,0.007208595342858943,0.015245060559595831
334,0.005730474642117241,0.008109242666112383,0.009153247493619893,0.016312632538954253,0.012966626734289447
335,0.006597233133506314,0.011032045749390769,0.010785308674853458,0.030934025643605943,0.013045316763897736
336,0.0089955789124679,0.021837645823430712,0.010345372012993995,0.038594173495750485,0.012295877840041205
337,0.01967997957824526,0.026081383135870235,0.009275033328497785,0.03969793913871894,0.009500808220211156
338,0.034135520349561216,0.061293299038499845,0.011732454398313242,0.07271463124600072,0.024382430712968684
339,0.2113283088848751,0.02971413599441,0.16426204571540357,0.21125559700960783,0.09306483067940792
340,0.19175315221154826,0.07338397474541263,0.15072807959956358,0.19804790504084557,0.09524021793229315
341,0.19286543487953817,0.1510264741788893,0.1062066057491803,0.16894193274291994,0.09609569443131227
342,0.18609158398039105,0.21558934803735533,0.16370735465902433,0.15510734289321018,0.08722004968276473
343,0.14408513601715908,0.16948736291134114,0.18968300440936023,0.1567165651459669,0.06576684857064062
344,0.0965936595541439,0.16184246208066067,0.1887598421579525,0.1183123707205276,0.08078737346903782
345,0.1059456225846061,0.10887833389890464,0.20829253989044133,0.12388487678214866,0.11219486926611548
346,0.09050112816974451,0.1392071217336601,0.17119332724644806,0.12578682231829016,0.11503395195964546
347,0.07681161906831498,0.13816066334750982,0.1396012497363568,0.14078886103047447,0.1786971207482072
348,0.08034150875823025,0.09177637078596713,0.1323042340290343,0.189845913210788,0.15208317738161903
349,0.06051344769021824,0.14821628227914013,0.13348558539008715,0.145583266902311,0.1420620493694682
350,0.09089657643405281,0.13713024395028217,0.10041908631961283,0.09632111198486286,0.1619398006559289
351,0.13037041289604787,0.12457935745207808,0.0727121151701308,0.13004333499964127,0.16149343453692727
352,0.14931100532246774,0.15663354184918932,0.05857060316090942,0.1493740116804825,0.17323480769754615
353,0.1822908151413618,0.1492018665984943,0.04703520198306491,0.20150895215777717,0.18646913555743097
354,0.14802699824885643,0.15565107761378444,0.04319829988000047,0.16163423789552048,0.1889591284571786
355,0.1171568361426112,0.1426127763543679,0.022070799616666765,0.15233423536440052,0.18125168271770356
356,0.11130111555061876,0.16291752514573357,0.044049340727375055,0.13256417012084962,0.16771084411096873
357,0.06742784964332237,0.16210526223423397,0.12674968421340563,0.06732100812892211,0.12282445295729597
358,0.07810738602278801,0.14809985859671998,0.14737091144589792,0.058909138665187474,0.0796536406633411
359,0.06837082225265978,0.08811556846434639,0.09642393469081802,0.04173639531147086,0.031158605385367823
360,0.024280057959952025,0.013680144333988955,0.03997007589227431,0.017089860317196094,0.03145998829031155
361,0.017723514882670623,0.012721434296565658,0.02882656179054201,0.015509162632603322,0.018557009404063626
362,0.015809595005249005,0.01657836848130175,0.013102647212456851,0.01415184236271036,0.01693249259568575
363,0.016099573053655027,0.01912451964872373,0.012931628732128197,0.012299079473200407,0.013626063505180487
364,0.014552461015772978,0.020684259218921353,0.00761916144452359,0.010379040254563238,0.011279239611020031
365,0.007736957724559777,0.018582891042632263,0.005389959588551487,0.009970146629385536,0.007791268884267835
366,0.006697046838621232,0.018546775421860524,0.007120949268453166,0.008802971528099883,0.013509964959248113
367,0.004196081180893372,0.015173662705236781,0.006281808801421789,0.007749383454748179,0.005589305187282738
368,0.005525195854088208,0.015379056569975522,0.005879531693194618,0.01294951273767521,0.0019827091175310197
369,0.005676166518407313,0.00975928929041477,0.005776139299759849,0.012172211879875999,0.008486636436115299
370,0.004400766337629239,0.010662753339702456,0.004070064354750291,0.009478406266816633,0.009642028152698264
371,0.006813338939621133,0.010897065981431647,0.00702431426312373,0.011582485773225015,0.007610667383315382
372,0.007928043478140885,0.009065154752544817,0.007896943683096095,0.013203291154319532,0.009873135570371262
373,0.00909681520586836,0.00796301231615702,0.008503129376541527,0.01001197694395429,0.008520637218820263
374,0.006397664701298504,0.009385329238133169,0.002933943865640866,0.006769474368593932,0.006618969637948984
375,0.004168799408862202,0.011008105236902503,0.003494142942716228,0.006960145447146086,0.008097011010736507
376,0.0038635826831376736,0.01011873335339044,0.006124764940155079,0.007307040162801101,0.0075960167371139295
377,0.004845376200298616,0.009581565669109213,0.006320038348905032,0.005552871606221503,0.00637325683229766
378,0.003770025072146924,0.01124284507844155,0.004568995912400531,0.004132240282193312,0.004958194449785387
379,0.0017340440457353397,0.012039284337219005,0.004311182874439039,0.00415084418959967,0.005487194406168388
380,0.0032554113800063495,0.01135097361863037,0.008429555137009354,0.004303440553588238,0.006536204814394061
381,0.005644717086330295,0.011532877512203223,0.009012506167043402,0.004445285257046148,0.007633527172987662
382,0.005639984977549139,0.013313163493936487,0.007741094927701322,0.0027541963473694223,0.006046804345547181
383,0.004848356942436157,0.012026781407516424,0.009122766220259483,0.0038756178827666567,0.008142734070732282
384,0.004556452613093441,0.012084238173287352,0.013874143231178165,0.008104496048381362,0.010947990841753399
385,0.008444022682928067,0.011780881490816348,0.014533817310180329,0.008939704227718242,0.009399830809885655
386,0.014819023412236126,0.014611935526139808,0.01889049541850798,0.007645413299775107,0.010474853603796144
387,0.014375560767930005,0.0162022200949148,0.016826558475791394,0.009135370569644325,0.014241358750087831
388,0.011952577261717123,0.01699793889745159,0.010177215770503331,0.008672390933705965,0.01267987452382945
389,0.01240991163250097,0.018483570265860002,0.00847895081508275,0.009841788196696769,0.008094179016766186
390,0.01120252983779302,0.019538599819061215,0.004995971549660716,0.009332814227002951,0.004845486145909343
391,0.00800214177696627,0.015797501196209447,0.005239885442022247,0.007041434477281578,0.007643347840069029
392,0.0068172171816663065,0.014990759341846698,0.005988050747016746,0.011358816974842936,0.005733122260545509
393,0.006070740275140447,0.014216513219634304,0.005451276788303443,0.00884294391937468,0.01020254701097948
394,0.008138613639914052,0.014560180595391142,0.0056603831858233365,0.011975850915128003,0.007658265531831646
395,0.009116606590697941,0.013579356171795093,0.007132433872602957,0.01579882028018472,0.006288281867175522
396,0.01311802975671216,0.013901073283219986,0.00944122642946409,0.025078852045311507,0.008273310940013897
397,0.014395812922687452,0.012230795610607486,0.009716718539616342,0.0239224079598225,0.0045661753903804714
398,0.010433009885116615,0.012059485065359239,0.008497709767870716,0.017744764347453926,0.007880056413210197
399,0.008593659219463036,0.010392110190356336,0.006788030374224812,0.010556040641008914,0.005741782390573876
400,0.009582466905812876,0.013979051145667172,0.00935237069863876,0.007604528103523235,0.01256151323827087
401,0.00722802528641564,0.010820861060690384,0.008441407352190565,0.008802360640044695,0.009595507582894458
402,0.005451148483966818,0.009998274923981502,0.007098271419147751,0.007395075782466875,0.003616488166703703
403,0.006277611298893269,0.011004847634170797,0.007569281848873029,0.005915715988494323,0.00834684413043343
404,0.005601042657331759,0.01071540916049251,0.00913255665492987,0.006502273428002539,0.011051872561010725
405,0.002092961603437478,0.008136947644611717,0.009252379611209128,0.004511838599894965,0.007113654130682338
406,0.0026325144819824425,0.010533363117967348,0.007760644188932923,0.003740696329794974,0.007225857791993175
407,0.006323486069540605,0.009913039127235247,0.010119916539524845,0.006563083594233411,0.013219515110753238
408,0.008034559230338604,0.008209707525284464,0.011307509053229713,0.006526894549567723,0.012805465168908806
409,0.007058627871322798,0.010771668626105716,0.009988729625587103,0.005795178496694781,0.01061396533150828
410,0.007739314625137692,0.012302676927322323,0.011686060512836832,0.005592223879489329,0.014016590810132271
411,0.005866174286067803,0.014129348016087595,0.014099481713321836,0.006168377030338706,0.012153445667066047
412,0.004669840635841322,0.01887749007811254,0.017627681430228522,0.014179621359510482,0.010322247784111258
413,0.008827936209691536,0.018287351505933764,0.011351902698289229,0.009135899607734851,0.004118449585604323
414,0.008903564556636856,0.016999136477369475,0.011282585399190057,0.006911924541725292,0.0030960030386635775
415,0.005671282822522006,0.01490143074881011,0.007852696256665504,0.005735216922400886,0.004293783656101812
416,0.0032227466121188073,0.013296084567940054,0.0064123204971412145,0.00228706076408014,0.005649876576188728
417,0.002057325799968913,0.01235169411432712,0.004470669743221035,0.007388242979555539,0.008805690297556002
418,0.01167709995906269,0.014682091364999778,0.004426254513695124,0.013752023482342201,0.0035884329829632333
419,0.013679754656332548,0.014598932466802893,0.007703090093251107,0.015339845003564273,0.005699843135424854
420,0.015537888550514486,0.015636920393270793,0.01016286686632526,0.01713739720696877,0.012461896386710287
421,0.017280898600757738,0.015792580034712313,0.012657308772866293,0.019831144535292305,0.011161500392299711
422,0.01979892667529967,0.015693681340066993,0.013574482865253099,0.0209952908800019,0.010920289662760572
423,0.01737581960150303,0.015759127295107676,0.007498364779806464,0.017382711216365927,0.006582427668237754
424,0.015576693729531545,0.015365418409094533,0.008758281430197497,0.015595480718776485,0.005226169442910192
425,0.019606393608716025,0.013368713982036559,0.016335355301035377,0.016489956658751033,0.009217446782221092
426,0.020333116397230035,0.016582045583362747,0.013794317063083173,0.01673726594808172,0.009843136581719602
427,0.014489366462698569,0.013978775712486877,0.013473652426780865,0.015711067240145607,0.007032976859329876
428,0.014375913382711443,0.016386689433087416,0.011849955839803384,0.016833759024195954,0.0029867289995341496
429,0.016010253130615052,0.019427323212431746,0.009138901312907713,0.016202789117450114,0.004092354008165332
430,0.017373088477269212,0.01925247794067108,0.010247843922682548,0.015723444128344904,0.0038115543643472568
431,0.015388031089194428,0.021538579184226924,0.013668657321538399,0.013124348028240328,0.0026603493050922993
432,0.015030043645039674,0.022248170437455556,0.010587338621571163,0.014014972140632924,0.0035647401577754557
433,0.010509029822882375,0.018807714561892768,0.008716494886675823,0.013609406339049538,0.005073152026977107
434,0.007148980588010983,0.018059391040567217,0.008790695422223318,0.012502660451805156,0.006606918781334774
435,0.0029170931613686875,0.01708373470300445,0.006979039906160049,0.009405701786711877,0.004239276774296969
436,0.003512873432865016,0.015396464372031696,0.007255641996728344,0.010136826688912868,0.0035035475813122814
437,0.004255387010906781,0.009472663006231773,0.006933243032560066,0.009922084615268145,0.011696368463442332
438,0.009987212069622357,0.024859008580381498,0.012173513140344636,0.012429994374454863,0.01527931964335614
439,0.006088688974798318,0.035999863838732236,0.015158838204701843,0.017257558947295182,0.013338666556119825
440,0.007746883791155699,0.01791054549617429,0.015307584251478525,0.009391993124305525,0.01771220350551067
441,0.007362905639012305,0.07545350955328077,0.022960380863853116,0.01526574887964537,0.029446213043878833
442,0.011020812817069585,0.06366323535412563,0.02720120312003973,0.023965838278842137,0.03155043428144977
443,0.007001872690648147,0.07229310920209064,0.02790847506640908,0.033013227419772986,0.033521081001426534
444,0.017061767187773424,0.07611523161986186,0.04284445808532083,0.04832898696279648,0.03965889657030421
445,0.02656565247294857,0.051205709726521116,0.04770061229845936,0.058262194146396835,0.04030671982095496
446,0.020940065963913543,0.033658605491330464,0.03704794778888851,0.0470688133323244,0.03288093487587859
447,0.021096710855437014,0.022351911494561304,0.04248803427766689,0.04807692010616303,0.029047946373307428
448,0.017435881056515282,0.030201578276691694,0.04051777688916563,0.03979490403655995,0.02151272996445962
449,0.017232671382622317,0.01913079846104205,0.03498102668236444,0.03815097711531898,0.026471234075238267
450,0.01747772587450546,0.013282916402193952,0.02999085647282496,0.03540145384951278,0.029577637229863486
451,0.013854975217801921,0.023457491949853974,0.026907497258667482,0.024262333598242303,0.022996013060107907
452,0.012090450909395355,0.01939961847943178,0.026209229294870615,0.01759340661872252,0.018472297402676252
453,0.013990498534937099,0.013545553239585423,0.02331323592250193,0.019067042585987588,0.021403067400536612
454,0.015253319336135917,0.018314627750233008,0.02211506031803929,0.022025069993763722,0.019554657084437918
455,0.012245953363668459,0.020690280522548586,0.020205232130616584,0.0125389194115752,0.01383301545044898
456,0.01060500319757951,0.013443979271797865,0.018304366823676047,0.010745726179054534,0.013463993168521472
457,0.014846231282695348,0.01430524615232422,0.01457910465371413,0.01677209152571796,0.013806500569760105
458,0.013780063346561547,0.016236446855815545,0.014433478656596273,0.014023148834440469,0.008658785167784568
459,0.009308480191471872,0.015378679850463341,0.014916904418157196,0.010798042946354081,0.0055443808822276145
460,0.012335849390975854,0.015535023067274637,0.01448470759875316,0.013328807266059435,0.009039903186956215
461,0.014594641186028205,0.014560454669366828,0.013595157857372973,0.017276020604240334,0.0073461115590815525
462,0.01154191591197754,0.014468631300641122,0.012261861287383994,0.016845741807535043,0.004600497730074872
463,0.01103224674622066,0.01589544585977677,0.014143460501586866,0.014984476883141955,0.004586434197825866
464,0.014445662294705487,0.01799171438092641,0.015590767840350038,0.016092923805323536,0.0053989669788913645
465,0.013685530108761317,0.019698722245709184,0.014160196712947864,0.019029036827867784,0.003284109518906538
466,0.01218328276848737,0.018626218443966086,0.013498425802378448,0.017456823002742622,0.0024801603987826804
467,0.014337576012831203,0.019399204750209172,0.017488870722749742,0.018194676689834845,0.0046491189723305015
468,0.016535252296051187,0.021759926827565012,0.015635118439965148,0.02235280585652384,0.006871312858867443
469,0.01581369613460153,0.023144000883128686,0.015493748029767185,0.020991214673149187,0.005930895707935209
470,0.014558565443399344,0.022189259857507946,0.01389432223218994,0.018646505315285965,0.004295676371401818
471,0.013945305961892179,0.023735319157043935,0.01586222702829296,0.019286130170567545,0.006478542822159319
472,0.014824958958918959,0.024243500217614268,0.01591597469712336,0.01885501108905266,0.008403727434303149
473,0.01222938128710427,0.022205161755405517,0.01303158780627598,0.016465540929163087,0.004585834938900449
474,0.01014043127677642,0.02311084278491894,0.013020283011497592,0.013979473511018463,0.003416764751793947
475,0.007429481200915268,0.01831270670649928,0.011624830705401388,0.01388478631410217,0.00389145549050559
476,0.004639837949932829,0.015392526492414689,0.00917705277798736,0.009326981759555023,0.00488337567236581
477,0.003229231155893131,0.013625682274143389,0.009664314478338655,0.008811356427473369,0.003938334997581044
478,0.0029388001708548564,0.012495250161983242,0.008712812080250537,0.0069360420641904055,0.007020711353255648
479,0.00597028084927084,0.012197939804871634,0.007971657246360639,0.008802815650521389,0.00796543189954546
480,0.009434715088425251,0.011090130858546361,0.010318278568179708,0.00880997072374419,0.009438585157843992
481,0.010073757404658441,0.011353327887626942,0.01484653084438721,0.006463008367616939,0.009735512376104573
482,0.006649109310471318,0.013030671283244238,0.014987450939101215,0.004053041131105814,0.0065890146532385134
483,0.006602976250242412,0.012450716488029387,0.016997690510393515,0.00389081820311668,0.012138670021557572
484,0.0081378432738132,0.016892032763425508,0.016104503954737424,0.005079643297274622,0.010939097287520782
485,0.006058090376775569,0.016444276539575964,0.014258264903806186,0.006061201890248911,0.007653869604856793
486,0.004604992964175628,0.017779864229467604,0.014741425593641725,0.006434598467633749,0.006902994249112373
487,0.006801065254438242,0.017579758857215775,0.016579935044385805,0.00676355137036483,0.010128535883284126
488,0.008538839545942105,0.018520879381761092,0.017392291769101703,0.008213122313064475,0.010155307514698767
489,0.008320731242136262,0.018959098224053894,0.014836814583161393,0.009736513614259807,0.004748673097399448
490,0.008979429004489392,0.017429581799780592,0.016012235644223015,0.010066751863999659,0.007361715611649942
491,0.010427539519995846,0.0169380227106323,0.01853205393017939,0.008931101473098987,0.009649815469841632
492,0.011885166515117012,0.01862911653627785,0.018350179026039568,0.012774435064019048,0.007892472293281392
493,0.01206558942916639,0.018848217776338747,0.01935179403066787,0.013435133235848825,0.006194007799349492
494,0.012957406169967477,0.01767380081382848,0.0207038308954519,0.010258378247776374,0.009276483292330901
495,0.014636651874767353,0.02047178809188265,0.024913470087506565,0.010685927581753957,0.009187546576270777
496,0.01632407946014507,0.02167523415886507,0.025190842922956026,0.01402143418952492,0.005029116170727396
497,0.01652295458175987,0.02183347064801062,0.026775111627037874,0.014085127756474742,0.0052785747110991165
498,0.015695388157998248,0.021182778277033933,0.022498739331124003,0.017044542789778974,0.006979879815704766
499,0.012983774938483473,0.020193418112008286,0.019454652992371407,0.015145883578437349,0.011373621431731257
500,0.012840233347359462,0.019066175310003167,0.01890178451375302,0.0141122595485853,0.014023745468475823
501,0.011466173113225881,0.01761177928005441,0.015822071697549518,0.013418843807503961,0.011216209319971747
502,0.011988711977965949,0.0178048327471987,0.016106907819327592,0.014085209729194467,0.010070037013836358
503,0.011200663203174335,0.021214800066937736,0.014770513465283384,0.01391075089476005,0.008664297256163227
504,0.00811381824955134,0.019510311732187462,0.012931112507597833,0.01112047000225099,0.006052440623339102
505,0.006065938662727906,0.016575749999788766,0.01305296884616837,0.010030649438570778,0.003814368079555077
506,0.004993019328918132,0.014011266654056219,0.014157080950504086,0.006658566814079802,0.003911775160812236
507,0.006250618645023163,0.012736379412657104,0.008471630218690582,0.008394947146998611,0.005585934975678114
508,0.009386528037536727,0.01370329840491393,0.004600865814506648,0.00575135795220037,0.005208561067667116
509,0.012236764619520082,0.014668256007195919,0.009349628038233844,0.0037441908014327206,0.0061150416197432835
510,0.014923194655316633,0.012181184408062975,0.008582623415514664,0.005713728454913547,0.002399680509466168
511,0.016091858533963267,0.004673092813261499,0.013041426523780672,0.00764488899275081,0.007474941254914846
512,0.01673827845480798,0.008744464149402725,0.01481955789460274,0.006905086889335665,0.0037165822162461082
513,0.01800840407423738,0.012361870428206374,0.01563455977504267,0.007086715166794708,0.0029692526409933213
514,0.01968938882798424,0.006795906767231768,0.013598354790373881,0.006534640935816182,0.004538452324611723
515,0.019668660397097547,0.008471394116597124,0.01701875672622718,0.010367345786029042,0.0048494925770230434
516,0.02112586531331503,0.01561479943713718,0.021492094505120695,0.012595246904701663,0.0030817850975484147
517,0.02300523798768879,0.012308108212976298,0.018545339924513217,0.009129586062501067,0.0060739463984817625
518,0.024561272212098157,0.011915110695611766,0.01650466068330271,0.009514157983408274,0.008823792363478453
519,0.025212808671559728,0.018811221403452445,0.026820301933644125,0.01336302581706604,0.007106009690858313
520,0.02835827540044291,0.023616109579171093,0.03345766011950408,0.013045275533202571,0.008822391018221343
521,0.030701991759619598,0.022782638170385526,0.02657453692317301,0.009198156699772825,0.01141868564608333
522,0.030866478371629157,0.026947839952082536,0.02427496812969439,0.020412753725857068,0.016534036810929676
523,0.03186449261034474,0.03675363614225576,0.03139903319409403,0.025319286083741118,0.017533685982257255
524,0.03391958028755078,0.033605823816300485,0.033828123571102056,0.017674404898799366,0.013704020081200885
525,0.03115997516992035,0.03959914396954194,0.029051926302871043,0.02532247539858873,0.011956659967550774
526,0.028570072635813213,0.03827901720589393,0.027236429230909603,0.026777924351587896,0.014044854635427331
527,0.02758984929216254,0.020208692054264604,0.02991422976895899,0.014400399032104043,0.01202884857657222
528,0.02741608095438257,0.021290158118885398,0.040724999158147375,0.020450187223198205,0.013705107185003505
529,0.02792555247851848,0.018226909349860532,0.04304076383105069,0.023732070171594732,0.009651217092990282
530,0.02483904247940434,0.021753626761746,0.03397260343694177,0.01879800848289943,0.008924947777839882
531,0.021625212213578864,0.016028580334881953,0.02663501314193412,0.01709283680281257,0.009421733879800921
532,0.01858853667078881,0.012468066739569551,0.02559024277931911,0.015447936644302253,0.0072025844406184624
533,0.015527178876997663,0.00803871507077914,0.0246145267553987,0.01283364600493308,0.008636714297747716
534,0.014483382643926266,0.0034780675818087835,0.018448136020341843,0.006912046191117498,0.008360044685862659
535,0.013452234818578863,0.004289475057862502,0.019233287425958357,0.009993605357860586,0.011695825111649981
536,0.012403435974374506,0.0032847648238874877,0.019103096761767243,0.009112070727466387,0.013302409299737415
537,0.007086310948072227,0.010687456825810713,0.013982300167936777,0.0029093601088077794,0.010730838036410529
538,0.011429290019994941,0.009613483825047738,0.016098793571478087,6.527286259289621e-4,0.009093096011078532
539,0.012861487876425787,0.00639412132209719,0.017668232812365393,0.0037240814678743696,0.012680017590911136
540,0.013236766960198106,0.010700135022599934,0.016432803810908603,0.006593454177613864,0.016090695936755557
541,0.015530763939294829,0.008081657891114457,0.015110012902823456,0.006876281113869357,0.020520092818356275
542,0.011668199591926482,0.00898738837821816,0.012592233028409006,0.0060625891962301426,0.011523210473471625
543,0.013556864759380874,0.008723449418936624,0.01357309773115283,0.005419576434946897,0.011288489893762792
544,0.014851719792309984,0.004774058625082861,0.019211881795501682,0.008432963216320963,0.012076960603696755
545,0.01820135803744843,0.0038958172711530343,0.019758673156622705,0.006921160412802568,0.007822504906104172
546,0.020079699228219953,0.007111260115186652,0.024806364701576024,0.011974577209378726,0.004742083811892382
547,0.023786557785757678,0.009590342191020887,0.024200567083323778,0.010621383337126844,0.004270968933185038
548,0.024503652881063286,0.013144490705935572,0.031486841749664735,0.01958436986333895,0.007120515693054155
549,0.022903540858613448,0.01333158505143382,0.032529917860446754,0.019439138000370927,0.008697232894489574
550,0.023523195454623454,0.014180109243702227,0.029853146435689246,0.01639032420546142,0.008594885351351226
551,0.024696588248110714,0.014571527013942579,0.0360077288053189,0.018620869084455354,0.012829389614166341
552,0.02775153698436749,0.015179258670629282,0.0403029750572659,0.01791365163439817,0.013792596629781866
553,0.02780117624281704,0.01450302106084424,0.039077125598031906,0.021867746663042444,0.010806755235187485
554,0.028639393564074675,0.013320076457098054,0.03380088200572234,0.019534966652821287,0.01092181679376182
555,0.0274915338043646,0.02377268959081825,0.033721655100909013,0.025354408384623293,0.011196204941096456
556,0.026380852385912597,0.024939167970777457,0.030543566774180332,0.02538906123788365,0.01351285415722304
557,0.02604573711498039,0.028304641358345154,0.032178692243523405,0.026966080300285435,0.014752278142997639
558,0.02190277727141764,0.028309850543864767,0.033492892216278186,0.026643990564755114,0.01442682025652166
559,0.02428772312627249,0.02795672456424257,0.026710054756319053,0.026326900799813355,0.0169638379958703
560,0.025730784277214327,0.022195348270973466,0.022443971011470956,0.02538847139172273,0.01269506515557051
561,0.022571638146457153,0.019860070335693723,0.025187439359354684,0.02103363816752205,0.010117200456924205
562,0.02093911416239707,0.02101359450912653,0.02460846601603732,0.02036680931643134,0.011567042371465802
563,0.022815559350428397,0.019851375283391485,0.017768348175436217,0.019330409572562893,0.011358882951704901
564,0.021800481425245304,0.015100024370663203,0.01632787765413265,0.01504429863430204,0.010232014836921745
565,0.019641925137451183,0.014165663116405987,0.01740927977759723,0.011583984863403661,0.008146996189820302
566,0.020035033414088074,0.015602252070466234,0.016092699762506827,0.012334503332170394,0.013448277667546908
567,0.020103945908362543,0.014670148807100514,0.010212580097743462,0.010426197510213038,0.018376336806758185
568,0.01941273768864016,0.006484697433021126,0.009749624585846798,0.006529143651769877,0.0140620722925398
569,0.01712348545523954,0.00927061740961224,0.010816662900448457,0.007825667952341981,0.01514647787220433
570,0.019017196671122245,0.01369772744703717,0.011728715414376586,0.010192611471539154,0.0206956154844574
571,0.01787030534567187,0.010175185615313867,0.00689846983920106,0.00970270863493723,0.008017185926097199
572,0.01647397452434336,0.01547860975479173,0.010754293355512846,0.010980242074358966,0.010431188738733383
573,0.0184480634547169,0.012461486745436519,0.010299759178636543,0.009174545324011827,0.006170459496871002
574,0.020856280417796687,0.009513586652263342,0.005177897147221887,0.010286690921886861,0.002945144653621174
575,0.018625560396012212,0.008998307949602158,0.004477718656977837,0.008035734180103138,0.005327153345928491
576,0.01837865780831466,0.012100089568225777,0.011812903487599941,0.00895578916930341,0.006512821283417407
577,0.022122126365031067,0.015451377506014363,0.01245004376131067,0.010235119306472704,0.006457505782422108
578,0.022828990786975933,0.013465328688937756,0.011931278770521109,0.009849118228179177,0.004657413882680169
579,0.01918563423535015,0.012055552324190652,0.018496237700416817,0.0070462813398610375,0.00466588753379855
580,0.022843168217583188,0.012904272407974234,0.017498025317901077,0.009252565000584929,0.003937745854145484
581,0.0543182003373536,0.01711005747371736,0.03985193817475231,0.03981520807168074,0.0290171055128587
582,0.03453704037053783,0.016334637525852704,0.05747978721984834,0.0383203406121868,0.038046929319732616
583,0.02126453244842361,0.015492438993142022,0.01975890592864525,0.007383530981125376,0.014539353050029652
584,0.020155229790204347,0.007708348853710783,0.0026357289035601477,0.011054464114140123,0.012233579669496258
585,0.018732162636781603,0.008370351291221967,0.0056472421373315014,0.0038653473592588383,0.003520144831121319
586,0.012052598374073343,0.005956267517692163,0.006041354267800611,0.0035817043745944178,0.004565193791044189
587,0.011143278750605319,0.005491196436322523,0.007736889328353495,0.0036268497857166243,0.002835709855456057
588,0.013812438083900546,0.008496779785759051,0.008261505318298898,0.004592071653398419,0.002843048739455614
589,0.010961667054857972,0.01023258878512639,0.006744776354586352,0.004057096219778447,0.0016331404380978084
590,0.008730016834486943,0.00954649311753157,0.00625123536287418,0.0037927070247221572,0.005085875518125871
591,0.010202066872152856,0.010595219623139012,0.008218934181334334,0.0051923638814374735,0.005390988997030946
592,0.011337641540612382,0.013265866878814316,0.008109700267150681,0.005072094239336044,0.005234439983899135
593,0.006764761858906106,0.01316743328127639,0.007782439568572354,0.002786453326748767,0.005503025359802712
594,0.007219833989283581,0.012069270330801718,0.009462737353645424,0.0036094999820863722,0.00529658825657476
595,0.010138448060861357,0.01713262936465757,0.007195660930404667,0.005097298965523532,0.005431648311358676
596,0.00817897115980908,0.019852565447909518,0.010293038833598289,0.003027688309429189,0.004447377825562867
597,0.0058032030576247616,0.01847538081125011,0.011805540717337068,0.005157970323565655,0.005848934398040379
598,0.012088954319126318,0.018271949268047556,0.013348016230600154,0.00855910685212689,0.00885256826028215
599,0.014306752257375401,0.01982791256260687,0.015092727300030816,0.015179584897081176,0.008466933097074792
600,0.011422824458611876,0.019338938075259257,0.01643477057161614,0.015914912330533278,0.0071368186547273085
601,0.016687198624527253,0.020283931447144948,0.021063655953947803,0.01460088034573251,0.008582283753303914
602,0.02421818832372319,0.021548653317369902,0.025629201757793534,0.012778545300557408,0.014228476879187438
603,0.01977105167716592,0.018724472999983838,0.026502073606411478,0.022967981644666364,0.013959376488041046
604,0.020141661471106367,0.020711822030945598,0.03702099048662051,0.025653509131501218,0.014850992432861558
605,0.03947313850194631,0.025229738498168817,0.044571498841028345,0.027359154824421448,0.013339881921787155
606,0.0445237550904454,0.020563589302625345,0.04289612796271412,0.04300623984300145,0.006246318539935799
607,0.028796335825086894,0.02198709508105292,0.04637064533772076,0.04475540590617372,0.003772109750810197
608,0.03179216857221589,0.022484786333919062,0.03957023995036676,0.03567209652591329,0.012201137503989278
609,0.02747748970213522,0.01974064416995934,0.027673011116360374,0.02872197043683233,0.014654916394988391
610,0.019090378424467192,0.018903783587057296,0.023306331750795745,0.027442836798248,0.010381038511645818
611,0.017109532927460692,0.019692946770534906,0.022024159352162866,0.023672465242218985,0.007400094548018182
612,0.014515258324290634,0.01793421514103782,0.017181504595173126,0.019735182675115093,0.005753260059730381
613,0.013727558690993307,0.014129358862663477,0.015235011410549436,0.02125971105479287,0.005575890621514007
614,0.009675656070490058,0.01408701564790024,0.015891496413261944,0.011721660373940367,0.005954247739951293
615,0.007155929001194837,0.013487828990176656,0.0166910109208503,0.0064410955369249255,0.009849720968004976
616,0.007021570040832999,0.015193353325024058,0.01856946676312013,0.006425165616586724,0.008553709808521522
617,0.008154300718150842,0.017804486809678072,0.023671704295341593,0.0044829268785889324,0.008788059817440493
618,0.009996815241912524,0.014364914643924318,0.025750482509720216,0.004596936074443866,0.015188033114319793
619,0.014728233301990943,0.012661435416141129,0.031323798284888224,0.00811881195376031,0.02912607887875079
620,0.01676968551930329,0.009753001587090778,0.03850849425249861,0.011694254494371352,0.02389091884201586
621,0.011698066068136443,0.004976746830250575,0.03247213430992718,0.006426464976213459,0.019500763365505647
622,0.007510400342899519,0.0039961855525870275,0.034123646889251194,0.007854168617966478,0.022551890005872054
623,0.006221467937931951,0.009076897533654829,0.030545314454269046,0.005897152995323722,0.015572723658799525
624,0.006636172432090424,0.014455300684010396,0.028272354518953102,0.007470960681247595,0.011225962511586491
625,0.0048072704876551,0.015491054997915529,0.02356397965597961,0.005051361527380103,0.007218914496747448
626,0.006882258876822006,0.011482781734809778,0.024100589953057094,0.006077324296799171,0.010449739149587297
627,0.011042809424541633,0.01053275959878482,0.022912563334582095,0.008736255440211931,0.012703073430162876
628,0.011736930911598054,0.010052642258459947,0.0246578527243092,0.013044483078232711,0.010345546051678993
629,0.015150177132142326,0.012928298741431154,0.024424733134466397,0.012898834438999064,0.00992489040254194
630,0.014654737989583602,0.01647377326825652,0.021868579835728128,0.014196870934231333,0.009007991601502447
631,0.018264073917180046,0.017911952949451217,0.024508275125523067,0.01701885911179715,0.01086648267126507
632,0.016742509756235948,0.019091201204501203,0.02186398607351547,0.020293751658039746,0.009869083114278407
633,0.019743820830995656,0.024927385913898543,0.024253894589801046,0.024908041857858224,0.00890680621679252
634,0.02191609077319104,0.034332589157118065,0.021113119685562242,0.02867206321481036,0.006658702176123712
635,0.015041817869735425,0.031132142434845692,0.02055424482296771,0.02381761223926551,0.0077509955569183345
636,0.013874858936342301,0.021286243449120067,0.013718095988186756,0.015932380315612345,0.0088790822218914
637,0.013778859571680154,0.018988336413167096,0.019612444254912664,0.015496679735558053,0.01091161285281269
638,0.018209873758205684,0.02024571568108311,0.026383970338443995,0.018025798976483147,0.014576623717638593
639,0.01854935731214042,0.014847270679544075,0.031026994639139823,0.013491415610471931,0.009579123088923865
640,0.014625593483459504,0.018068855842520694,0.02928443692732628,0.016247238075624434,0.011696060931137833
641,0.016737882921541714,0.017808579300193226,0.031239678237822064,0.01717514042537998,0.014269690195412832
642,0.01525702249383151,0.012831975472982055,0.03230304056190986,0.013291985395888913,0.012235822760710103
643,0.016056210225500175,0.009524045475671601,0.031350166806169553,0.013528831391849407,0.011174090164211245
644,0.020117309109628972,0.012141146756858748,0.036614285232756075,0.01930258113945639,0.009807905017174226
645,0.021621190158214926,0.01370766607708249,0.040998690171983106,0.021712508083245537,0.007847121400835265
646,0.02096411668177888,0.01096845659735813,0.03437644929460174,0.01916808968321117,0.006068315917891495
647,0.022508469439956227,0.013981644336472776,0.032517037607859685,0.020769596132402316,0.005890034504204745
648,0.021088965472723747,0.0147319854824185,0.032582543401236744,0.021824044302756248,0.008885147166389771
649,0.023011431361432685,0.013752343642694207,0.02867418775362243,0.018594124345364164,0.010058482489996292
650,0.019198126111469673,0.007864454611280122,0.027473656317472887,0.017576376952236492,0.009262617051235296
651,0.013720269609599623,0.010387567310235036,0.0318266595709591,0.019381098382344544,0.01340396772141938
652,0.015971577343046887,0.012931080046388686,0.03111143905453104,0.019518498613278402,0.016574730067434686
653,0.0155651648124672,0.008341336171607585,0.02908767872088571,0.016132537742653625,0.014563180949553107
654,0.01156993190120571,0.004074567664285932,0.02764735221745049,0.015331190957571702,0.014150433299253907
655,0.010356390297390073,0.007460542779180427,0.03020949951311743,0.016860859429538175,0.014552673677226517
656,0.014059371076340432,0.009046443908599159,0.0343496963621082,0.016399131336005277,0.014751389660881048
657,0.012995703617835551,0.006332197019558978,0.029664920523953614,0.008443960127553145,0.014569683746296212
658,0.011313861506746209,0.004542584738880217,0.02828019973559855,0.011101938202724843,0.013280512497751406
659,0.01194770676611577,0.010483257758809003,0.02938561573544968,0.012060029828613868,0.012753490379655888
660,0.01211271029060441,0.013528407886802759,0.02444826228217737,0.011341533821922361,0.015518123069163529
661,0.011493153515641041,0.011769134996230052,0.028552633389517194,0.013153910409225356,0.014712261921111051
662,0.01127666636962497,0.014316324557723624,0.03049334584504992,0.013327585744283785,0.01375983809110922
663,0.012834322207926427,0.019123665167452758,0.02894520061605228,0.006151225711083727,0.012910482387479558
664,0.012864710397456252,0.018322920784500648,0.02546939829146941,0.009591292349457532,0.011880610860387145
665,0.011418748206671265,0.019512078362796142,0.026407657772753945,0.011744481023551754,0.011103969673864181
666,0.0142263166537049,0.027427055953342324,0.028399958536934417,0.008275874027393406,0.011606830653834117
667,0.015423454971934954,0.025856482640980557,0.024473443553889807,0.006267411759649057,0.011848982765199734
668,0.013257308306565614,0.02232668965096299,0.0214548470884087,0.00981899024532842,0.01330929704603852
669,0.015067529363756575,0.030880221278740738,0.02532759295982434,0.008757785480792675,0.015889622866380133
670,0.017401777155700078,0.03450063777185724,0.02693513348098473,0.007892179464557086,0.015883325991571745
671,0.01582912707085273,0.030208290479216113,0.02224795765323801,0.007754836723480559,0.01726585795908738
672,0.016443851798740104,0.029718635865424243,0.0237822540543363,0.009086800056210714,0.02216912507549506
673,0.013844533437289896,0.021001422005175754,0.0397493377297243,0.011262862070402745,0.019575012660092792
674,0.01149750965874589,0.015592349678956428,0.05501320508671293,0.00889597147143426,0.039905766373857336
675,0.016461049885089084,0.013621774938473614,0.038355272655910926,0.01524874314900949,0.04309275902367775
676,0.015390699795000573,0.01107841659070713,0.05320194446541056,0.030675964497673888,0.0649553080904613
