,RMSF
1,1.8150010778078949
2,1.2525363180639189
3,0.8294751033465317
4,0.7067344075731868
5,0.6758340700750534
6,0.5648917083944939
7,0.5427362512585874
8,0.5176027793002123
9,0.5231286115862991
10,0.639155605
11,0.6321511679259565
12,0.8205534892251364
13,0.6934598482140278
14,0.677151781
15,0.5460428154907693
16,0.5483067547362026
17,0.5111975504256524
18,0.5154844920254853
19,0.5782604221176493
20,0.6628926199336173
21,0.8085257725429643
22,0.8206718993081137
23,0.6162022567149782
24,0.6939892568333124
25,0.9673436583071857
26,1.0159659303911144
27,1.1001511306684937
28,0.7745680130126217
29,0.9158669595412072
30,1.2682185102844807
31,1.3588950397780681
32,1.2840035759895703
33,0.9743574131962552
34,0.733406427
35,0.673720554
36,0.6722267284083869
37,0.6242624505804464
38,0.6691949429407746
39,0.5916798179477843
40,0.5897370271226616
41,0.6741499161344381
42,0.7970907188477162
43,0.876701533
44,0.9265500194919883
45,0.8083055168682823
46,0.7834689886046492
47,0.8439454143684548
48,0.7913332124163277
49,0.7202248218567494
50,0.7040904109071916
51,0.6603327518027482
52,0.5341011262390554
53,0.5276373027350857
54,0.5086491593114003
55,0.4678073902435156
56,0.49513925816578325
57,0.5260260159654689
58,0.4845705117008123
59,0.49184111499089966
60,0.5645513735313858
61,0.6831941125205963
62,0.8801665088600126
63,0.8224567689590464
64,0.7141369878359695
65,0.8058831024082453
66,0.8091656904519857
67,0.7436744129391267
68,0.7701173896196472
69,0.7546833006050542
70,0.7455480326444678
71,0.7498216484111075
72,0.877011547
73,0.8299849746833732
74,0.8805027668375252
75,0.8169812228081195
76,0.7094550322106176
77,0.662069808
78,0.7281937742496316
79,0.7877689778207392
80,0.652017347
81,0.6189880195210133
82,0.5344525367934325
83,0.4971077706073108
84,0.4587024249217961
85,0.4401071665532181
86,0.5484486278594973
87,0.6267508875636284
88,0.8061515645864953
89,1.0012212073601539
90,1.3340296072024538
91,1.3270638562993116
92,1.6624735053081376
93,1.843611535032888
94,1.7729138349051417
95,1.3890044804964825
96,1.160653739203868
97,0.9817482761492954
98,1.058321749788713
99,1.1156352025862328
100,0.9672850565548256
101,0.886001435
102,1.001930079389691
103,1.0178995573561793
104,0.8589655780846956
105,0.9294161517185006
106,0.9885868033359682
107,0.8166650809106099
108,0.6864015383024334
109,0.7801440944861479
110,0.8020824649747874
111,0.6684568404309253
112,0.6733054226277754
113,0.8173794526503267
114,0.7851703208660977
115,0.710479728
116,0.7922857339792206
117,0.9776113045357829
118,0.8361674190957764
119,0.7489644421723691
120,0.7947344982010522
121,0.814086681
122,0.7777540698950098
123,0.59632001
124,0.5238208254290547
125,0.46798769363213355
126,0.40168252349630085
127,0.41924607077602954
128,0.46949379506723643
129,0.5914615421939045
130,0.6268186589069945
131,0.668337023
132,0.5462688985772022
133,0.49095294493634734
134,0.5860667023110686
135,0.5439176216689378
136,0.4656435202438452
137,0.5786248364308539
138,0.6762887480796355
139,0.6294797437804411
140,0.6362365153824552
141,0.7651339805308476
142,0.7538561487320747
143,0.795355361
144,1.0511404279902903
145,0.9146665513171385
146,0.7449142829820153
147,0.8250117741608325
148,0.7550411518875095
149,0.7482918145546389
150,0.6360526821320084
151,0.5492199919375584
152,0.4265653039276146
153,0.45383327812356455
154,0.5322275478604659
155,0.5432863946243537
156,0.6033193614501687
157,0.5921776646086445
158,0.5759232617407745
159,0.5968048788701088
160,0.6598230667707267
161,0.7107597420397455
162,0.7563481996897783
163,0.8390888873044374
164,0.9621252644464113
165,0.9696538109135047
166,0.9689054046383051
167,1.097130370552454
168,1.254159291
169,1.27577036
170,1.3301714352274425
171,1.4815138520084457
172,1.3116849724782975
173,1.1614867856266176
174,1.054927896679061
175,1.1216770002344252
176,1.110567290873391
177,0.8502135931136214
178,0.8918296703544695
179,0.7948065720196144
180,0.7094291057673797
181,0.6171721338658895
182,0.5235378249230492
183,0.47702864670581696
184,0.5188412777946695
185,0.5828205826979488
186,0.741497738
187,0.8493199049831078
188,1.0592186732175168
189,0.8883069651770416
190,0.6361464457379425
191,0.6220043490909897
192,0.6683438274249964
193,0.7231145972064073
194,0.7659004340567224
195,0.8162889180899829
196,0.7841108680201005
197,0.8311040749390685
198,0.9147605671410847
199,1.0069716858530018
200,1.2567545658376473
201,1.4730532772949978
202,1.9411547386066867
203,2.2630298882632154
204,1.7757082035990586
205,1.4195413182397334
206,1.2325749775526713
207,1.0175331715749252
208,0.9861319827333976
209,1.0260627343261342
210,1.2212253562078497
211,1.2634084475048364
212,1.2082534947578352
213,1.290582701624674
214,1.2212847840524275
215,0.992967592
216,1.1527646855258682
217,1.1834143914276045
218,1.015690942498133
219,1.0053059600968857
220,1.172118512512723
221,1.2766670958158592
222,1.0988888408762185
223,0.9686059204096292
224,1.0195447337070767
225,0.8784619476699391
226,0.702950391
227,0.7208139001242997
228,0.7157671774856744
229,0.6329904222059818
230,0.7447692269890631
231,0.816465923
232,0.717399178
233,0.7049450465504419
234,0.9242363876632063
235,0.9359926436293657
236,0.7745887202759004
237,0.7959310781944281
238,0.8963836046267466
239,1.0151554596384031
240,1.121290634764698
241,0.8209712980147806
242,0.5745472937264182
243,0.4781151315553131
244,0.4608756050249842
245,0.4846598510516455
246,0.5002815476601136
247,0.49341222832829695
248,0.516380304
249,0.5306909885810766
250,0.54443821
251,0.6464422238371796
252,0.6407797855267431
253,0.5531397955005296
254,0.6221663789019007
255,0.5312958555070834
256,0.5656068167292738
257,0.6154176743436045
258,0.6551657866542643
259,0.6443549538355661
260,0.7054483093022652
261,1.0360236658072366
262,1.2447472000065412
263,1.3816291734389714
264,1.0679693502924057
265,0.7521451908937522
266,0.6275278622360307
267,0.45959734369036215
268,0.44924514277881994
269,0.38650022721221705
270,0.43510879341095937
271,0.5507573247650109
272,0.6109504233268631
273,0.7936488235577213
274,1.056496580596659
275,0.7471111002036127
276,0.8359408853698431
277,0.7218905649831935
278,0.933980708
279,0.7338864966437838
280,0.8097989018435464
281,0.8414217440118145
282,0.8002056444700226
283,0.6772004634189035
284,0.4972788832915486
285,0.4294283152962695
286,0.3930912474276703
287,0.4232045582206095
288,0.5019463938032975
289,0.5381105461725909
290,0.6708952467542383
291,0.6547683111567549
292,0.8070135953995362
293,0.9489561190067118
294,0.7506162491384994
295,0.7114453425528995
296,0.6578782767391861
297,0.6426772101171443
298,0.61971333
299,0.6566644385539224
300,0.953024096
301,1.3570785349831123
302,0.7364570448762942
303,0.7934203469001199
304,0.7227230419819907
305,0.7843564720541268
306,0.8808294983009146
307,0.8916962639511824
308,0.7765495893192331
309,0.7803947056672251
310,0.9368618447958772
311,0.86340732
312,0.7101035058489301
313,0.8710959749018767
314,0.9714038172895206
315,0.7733766549542684
316,0.7657793713580994
317,0.9696302264679705
318,0.936658738
319,0.7302047698660048
320,0.8703794074433235
321,1.0500598342721716
322,0.9001159984356172
323,0.8185705669375661
324,1.0353872843672514
325,1.0391401554036457
326,0.9395191560517717
327,1.117237292
328,1.2179081204087296
329,1.144087480599578
330,1.1730187837468946
331,1.5300095099004378
332,2.0226939735335154
333,1.9985465684137589
334,2.1061889410018715
335,1.4311536198585535
336,0.9770510059224177
337,0.7827348314776882
338,0.7873060167064109
339,0.6838665228344109
340,0.6346557393111854
341,0.6527636089863736
342,0.6451090276803422
343,0.6698761852820803
344,0.6873772249728493
345,0.8032814566325542
346,0.681198997
347,0.6335580800580253
348,0.5941723218943358
349,0.6612557130990245
350,0.7388308260423617
351,0.7023043450997798
352,0.7329911300675731
353,0.7765355189715297
354,0.8259824554620072
355,0.7136169661481753
356,0.7886426835202844
357,0.9423129521238739
358,0.8595590880828633
359,1.0974237425722904
360,0.999012439
361,0.6507821079931206
362,0.6705769778066833
363,0.9078858736203435
364,1.1451085335842948
365,1.1470289293609566
366,0.8218907592022461
367,0.7497255982139658
368,0.7162357371019814
369,0.8003009152362414
370,0.7560989201179916
371,0.6881130753120275
372,0.6861444899540075
373,0.665002668
374,0.6806480023413137
375,0.8245617377216331
376,0.9024595588207295
377,0.9494600772861714
378,0.8935634187230371
379,0.8746647233559735
380,0.9304767125347306
381,0.8210847752672734
382,0.8181967574685811
383,0.8365713345807191
384,0.7533974427649776
385,0.7118474210658375
386,0.7287311025415966
387,0.6096695490049188
388,0.5278083349594315
389,0.587689911
390,0.6188293769624015
391,0.5293563411674753
392,0.5338113552452188
393,0.71233485
394,0.6441730081399974
395,0.9188417343228501
396,0.7515902781481542
397,0.7300416497204127
398,0.8489496514085995
399,0.8412913128475868
400,0.7871291261635163
401,0.7902166815895991
402,0.7822633951057766
403,0.8117661520784828
404,0.7982698379626099
405,0.8982909457844811
406,0.9346002547685339
407,0.9003234894529022
408,0.8837636585051619
409,0.7842627493173188
410,0.7662859640922582
411,0.8232273636829275
412,0.8260637140152661
413,0.7210589568586828
414,0.7194148343987745
415,0.6652000872055039
416,0.6261766152841185
417,0.5888930467938621
418,0.5504058535994184
419,0.6171106554645361
420,0.687620645
421,0.8063230180111629
422,1.0239089819351879
423,1.3815124326763566
424,1.4528523853912167
425,1.6186585325649532
426,1.5752293286442893
427,1.6630728403761526
428,1.337911940415753
429,1.3716405048828153
430,1.1152920830467663
431,1.087917161720079
432,1.1568788695640613
433,1.0176561648550038
434,0.7680360349274007
435,0.9073374183798489
436,1.0365857083909251
437,0.8295938137907338
438,0.7944111535156139
439,0.9497734127783262
440,0.841807023
441,0.6913510748928096
442,0.7466493694557661
443,0.7837757815506721
444,0.691955671
445,0.6992880410954699
446,0.7785318184133632
447,0.7496902618523114
448,0.6789932470673258
449,0.769455185
450,0.8340074772079547
451,0.8129563815914834
452,0.7548562152139245
453,0.8277539360522733
454,0.845927962
455,0.8712365195747924
456,0.6709187106246235
457,0.5969096034300838
458,0.5577793779446933
459,0.5602749979918951
460,0.549665536
461,0.6365095168878403
462,0.7397966306159126
463,0.7178835020834446
464,0.6071307577826112
465,0.5390246026989687
466,0.48687306150175347
467,0.5614483486614404
468,0.5971422559688105
469,0.5352063416054419
470,0.5883432251745775
471,0.6555183637753713
472,0.6383490640028447
473,0.6460193270409984
474,0.7183641504459451
475,0.788545413
476,0.798952897
477,0.9573159746517157
478,0.8710799238439162
479,0.8141690553416735
480,0.7935426770713274
481,0.6917999051688976
482,0.652238478
483,0.619055144
484,0.5380029760244726
485,0.5230153823019598
486,0.5971632911632528
487,0.6064457085570929
488,0.444603521
489,0.4631300029217274
490,0.4629331917097527
491,0.4263018961718183
492,0.40571176492384886
493,0.44856387470417225
494,0.5072803663472565
495,0.5606000845402223
496,0.6790469822005939
497,0.7714895691382623
498,0.8356053667236462
499,0.8621252153805549
500,0.9816142113252981
501,1.102874663312066
502,1.1116438571500065
503,1.195227553569977
504,1.2935642402949006
505,1.2281754986888949
506,1.2462721437924935
507,1.123937478454303
508,1.155985843809343
509,1.0925366772971898
510,0.8744466207094873
511,0.8795553936510573
512,0.8297559611852976
513,0.6895190427898187
514,0.6215772088030279
515,0.5013660321977667
516,0.45675434080007843
517,0.6322232558956387
518,0.6065404451833598
519,0.7735282951477941
520,0.8720167262682467
521,1.0895901766673581
522,0.8761771393448347
523,0.6160835625340794
524,0.5838680249270075
525,0.6302350954883784
526,0.6620356805885877
527,0.7539623462842266
528,0.8396885461498956
529,0.8171120001236883
530,0.853578541
531,1.0111086545445351
532,1.094517295463549
533,1.3131543826628285
534,1.5599193612857098
535,2.1587114213274643
536,2.1656379695611414
537,1.8118138750713921
538,1.473274089677956
539,1.2256552654973432
540,1.0372162817120043
541,0.9493949958581618
542,1.0258667033457118
543,1.1158400186635418
544,1.0948854017301888
545,1.101006483482179
546,1.1320465633258254
547,1.1138693435589975
548,0.9199945729055725
549,0.9246124643361509
550,0.9485777702491449
551,0.7856595238497349
552,0.8081891907449531
553,0.9380045165118217
554,1.039957214844416
555,0.8615450442633918
556,0.7768291227224696
557,0.9128119184142416
558,0.7940644484958367
559,0.6288683619472146
560,0.7234200474374105
561,0.6936298643581964
562,0.56611159
563,0.6669373383336201
564,0.7204453927437718
565,0.6754664312190091
566,0.6205161683128897
567,0.7234382169289348
568,0.8203501660572321
569,0.7588886340065637
570,0.7790080426643302
571,0.9264678256837073
572,0.924181179
573,0.7720307638615486
574,0.610146411
575,0.5144414936290924
576,0.5076452580227878
577,0.4477996927141942
578,0.43711089852982404
579,0.42873112098857885
580,0.4229100742124306
581,0.41407233348799444
582,0.40117660944080374
583,0.44549405990317664
584,0.5289595994746289
585,0.5723600168773785
586,0.5199333335773912
587,0.6186214868144414
588,0.6629988605008816
589,0.7146425374982663
590,0.8111127399015021
591,0.85228813
592,0.7447167951236506
593,0.8263079568549551
594,1.2658851672341802
595,1.477881495
596,1.4317237210139226
597,1.039726343
598,0.681230495
599,0.5555282397593044
600,0.5207816638390529
601,0.5219575530189466
602,0.5118717154714202
603,0.578587831
604,0.6959445044327477
605,0.7104203803730388
606,0.7822810975149587
607,0.9308854880734193
608,0.7905046478463065
609,0.8547268232191652
610,0.7571900529389927
611,0.8711114864049412
612,0.8099587592793156
613,0.948841204
614,0.9817818668934132
615,0.8562061514759315
616,0.7332667993766528
617,0.5634670042619506
618,0.5300560020216079
619,0.4883942078612966
620,0.4958183736693581
621,0.5521668456147005
622,0.557215005
623,0.6397394098958449
624,0.6916464580586288
625,0.8286727453842879
626,0.9067916576691522
627,0.7696285678808837
628,0.7213802805634824
629,0.713005212
630,0.7294384471561202
631,0.6611687346845053
632,0.681541058
633,0.9479070426763944
634,1.0731288299582213
635,0.7793727092126573
636,0.8530931614649625
637,0.7851225782720075
638,0.7894861382839954
639,0.8427564742448683
640,0.7968799588838109
641,0.6958673560139242
642,0.7343485942940166
643,0.7996968015919799
644,0.7469482423472609
645,0.728574475
646,0.851013431
647,0.8997557609248291
648,0.7973707340173918
649,0.8254540437394853
650,0.9964133236437901
651,0.9408810240425218
652,0.8101214806802934
653,0.9129792855600963
654,0.9743164954411019
655,0.8365278877940433
656,0.8204774232293871
657,0.9661740559075357
658,0.9628220733343877
659,0.9363899179205932
660,1.1207023848780782
661,1.2814944655822558
662,1.2044320598987424
663,1.3041991534920836
664,1.5796569481635374
665,2.049931093979691
666,2.2592878946447352
