time,1,2,21,28,32,33,36,43,46,48,50,54,56,60,64,65,67,69,70,80,81,86,87,88,104,107,108,110,114,129,132,133,134,137,141,149,152,159,161,164,167,176,179,188,191,193,197,205,208,212,215,217,229,233,240,245,246,250,251,255,258,260,261,263,272,273,276,277,283,288,289,290,294,298,300,304,305,307,308,311,314,314,315,316,335,342,346,347,350,357,360,362,364,368,370,374,378,379,381,383,384,394,395,400,401,402,418,421,422,424,428,443,446,447,448,451,455,463,466,473,475,478,481,490,493,502,505,507,511,519,522,526,529,531,543,547,554,559,560,564,565,569,572,574,575,577,586,587,590,591,597,602,603,604,608,612,614,618,619,621,622,625,628,628
0.0,7.119478142941143,10.283760866730146,7.748402574702409,12.62830493536369,11.565830942480234,4.744293190593127,6.172725514054931,1.1483972716259905,2.42192128751954,4.058730131565464,10.617337828463182,10.608703074584103,10.534103481950064,4.617059909166969,3.835269602869799,12.51903597415874,10.536285034402917,10.501927201107277,3.6550224213175286,11.308696011658817,10.395265978667332,10.325329294499225,3.5031860843784566,2.7128749657998323,13.249153348172424,6.001829847480147,11.564748286831183,3.4549293788008333,12.598993398676816,3.9316317871956765,11.59466896281866,11.177537217764407,5.906274320446246,11.529674649069909,10.774716062568636,2.4951805553557964,12.477011602971329,3.7496217679161887,10.359504560983757,2.530577685110637,13.311753627302291,3.796785383511587,11.577606133111678,10.726200953622529,10.411809830720019,3.600370816987411,3.6472021982738907,13.128319132226688,4.783781607162474,2.8191824078745746,10.481601183066214,10.251289404435049,13.425783777897669,15.824161150659162,3.0292391137888606,11.43967867205429,4.6897755014996525,4.083309505877577,11.113572183565891,9.481289852232043,4.730394251761487,3.5031331588190797,9.895476121527288,13.672648524870308,10.358658073056972,10.57303455429684,4.359874149256607,10.437800604872505,10.468976889220867,3.511887425512332,4.660116528014764,11.498096467244917,2.861464225152289,3.8651156721202353,11.562446333711382,11.509991352202398,10.990248704474554,5.169509296248649,2.892186804942015,10.528970298740322,10.463337679857187,2.31761983851484,7.173711356140748,10.370715348080623,7.746934379917246,12.817036338216807,11.696064781596561,4.604025687565699,6.256617511241943,1.4110107155199356,5.047459397433448,3.823537342714147,10.315990352272776,10.999646218609724,9.991638281965837,4.686585988585292,4.0254322570448045,12.945221208545982,10.463437674449215,10.714571330136465,3.719254673912441,11.352459376035654,10.232007683291343,10.18129981339882,4.902715207792297,2.7173251843192494,17.489783584276456,6.089803103221986,8.01163848811836,3.5018640659233946,12.641675633998968,4.878959019929868,10.438723233036571,11.287974306447461,5.820606157098841,11.28551229366205,10.650885849684679,3.120954992036667,11.978471167574172,3.5922197862861527,10.269843452160366,3.3013875453834998,12.505188878398187,3.7175658074087434,10.490345971875083,10.832525018220107,11.450370790053439,2.935523912831724,3.4488922644624584,13.497029886705254,4.114292577562231,4.726914617132205,10.453020094447723,10.430100737612738,13.450261937990774,15.565787721722748,3.864814973346776,10.599436591946445,4.5993020909323725,4.8566230914110395,11.570449434157501,9.822347639752842,4.06924787105504,3.667371772036421,10.125300569365548,12.75263825648299,10.446966097937423,11.430467693882767,3.57388011047985,10.425326806686734,10.444564934049776,3.3063441882373974,4.644642091520174,11.459788175794754,2.6601222859463247,4.694131188551911,11.396034502000163,11.424155983000608,10.349555467732142,5.44562356560343,1.7303155605222509,11.66661206381681,10.449382613375443,2.164071224115165
1.0000000328495406,7.204393308060906,10.393446168703994,7.753123425556863,12.966784623349257,11.513110473229741,4.425271343705318,6.3425797839732505,2.0670515740395023,3.05750851791058,4.379892436516203,9.988383061382097,10.139056126341835,10.913562956302,4.582306313108105,3.83173287983745,12.856125843581976,10.564219268104265,10.544837227267372,3.58042581658854,11.204331351805308,10.373999234665654,11.583327188588747,3.4254951495489694,2.9524054035506437,17.09381630440938,5.712944225332833,7.697757035166724,3.4800627729055376,12.485135436849774,4.992553690686016,10.747642589556218,11.363579036660472,5.836913612279263,10.287356579581678,11.08666380885819,2.339761530340251,12.092872462076423,3.491625500103451,10.493754556147422,2.622347580168335,13.308590408938887,4.267692162506284,10.685777214325567,10.739601241115114,10.473507467242005,3.6134960218979595,3.6261617959722057,13.222062268317234,3.728331332511656,4.708840393022591,10.496731141399952,10.400566218787526,13.521657319264486,15.196577877405641,3.1470538144755857,11.375500916131863,4.636781489709942,4.7375745331483,11.378149420993996,10.446384770237787,5.117083067545263,3.575031709127055,9.991236530748367,13.15012046120049,10.400426865620105,10.416636398094171,4.744260495454211,10.37656278148941,10.434722164271946,3.5538723073944105,4.680902870749447,11.379525036120603,2.894459615741222,4.540517207522835,11.479624136455538,11.538710868358974,10.934942476756543,5.719162528748046,2.7980455929289465,10.456688888651042,10.466159855914963,2.1768273348816045,7.1675151926063725,10.485433117423993,7.687029429002242,12.616579332275261,11.653979535461009,4.5115990032267295,6.268059326635026,2.411295440740643,3.2941411176717184,4.311072082112071,10.461815816911043,10.249549204244376,10.814041989264263,4.708789650037296,3.8793650345999593,12.596655002993035,10.473435755396554,11.03215311767392,3.5455569937225833,11.375119787729428,10.372192599813012,10.565997640947042,4.455888737671938,2.6928635379664043,17.30557812795955,6.038788106105017,7.892390859145177,3.4531121226001056,12.741665421930893,4.741020906017993,10.190504209115101,10.673216477685077,5.9684989324475275,10.608028026789835,10.813812571208695,2.6125441902236943,12.371946634092799,3.8380105317300846,10.203717720989639,3.3020680115514067,12.38219425224698,3.5019880276461226,11.546624823379492,10.903441594752156,11.40014775168753,2.8899138496273897,3.300979776584427,12.599388913510094,4.563381978593801,4.855496761785651,10.565610112161949,10.21142172792187,12.523891916265343,15.092151180279044,3.9604321094678783,10.604598012383113,4.552045298523621,5.575273212725607,11.340026364360028,11.068796331526206,4.874168547687079,3.507409159885918,10.493434113566137,13.142592431908,10.37915909066306,10.568172805355893,4.503317570649476,10.434166859201891,10.439737422699197,3.4097781697491167,4.635049685160486,11.433725533622068,3.001719276518567,3.65044004322986,11.559114096663444,11.407766114553652,10.200529951869424,5.260054641503088,1.8823058804170736,11.630746601118444,10.465830956690132,2.900356808434972
2.0000000656990813,7.453710727074663,10.416672335658156,7.63834985813532,12.873237200626468,11.634140992173073,4.322118762746016,6.361310662049354,1.361072778921982,5.34094833015533,5.043591905555909,10.577395147676954,10.119801294052076,10.827830498621827,4.678360223053786,3.832778135453366,12.835354776669538,10.517572181473176,10.22760455181296,3.685830969573418,11.697677208558977,10.396646899803343,11.167473898736343,3.023777527922403,4.01328609079553,17.017621332728606,5.769639645599262,8.03090232297802,3.414703630905054,12.65048296060542,4.923144393407571,10.557080243314092,11.374282317483877,5.710506473550022,11.195328533130624,10.833646986427077,2.3664321079198354,12.201120114190598,3.9093076354679583,10.397491649404536,3.3413191702139127,12.552225179942107,4.50132738441602,10.627886625031003,10.852472388658956,10.492860554243101,3.765933837197809,3.655507876206837,12.933366298387792,3.538990399608976,3.146838881764948,10.41699702892478,10.118867445102483,13.552838508578288,15.443409859120543,3.024387266707145,11.475313005448607,4.443782925561638,5.026895370005331,11.52404497632984,9.322723571488362,4.643137900885417,3.607348592218954,10.06293628538603,13.31211037910223,10.628650075706288,10.471202595003023,4.593360653439302,10.405248573943593,10.454046540122901,3.300769499384051,4.650199970850573,11.383325437951331,2.9530470327923335,4.641320843903861,11.492178405049799,11.246580967187152,11.025822657478368,5.611949033401643,1.8384216839475829,11.691041757306527,10.465832023623037,2.1589644745868695,7.074973992888197,10.211364775635744,7.526179047245573,13.067951501626375,11.443883652850504,4.854902593889741,6.227400269709529,2.463750511467558,5.172026688526887,3.7885470306039704,10.248006151748825,10.162745136019671,11.04382052340681,4.659944071494898,4.026608376008048,12.70373092456774,10.41131270122254,10.109212551486003,3.779524894739289,11.40031107621529,10.310080831131708,10.287762667720214,4.008651574547842,2.6883383940963794,17.43098594817321,5.975293607850277,8.149776372206457,3.569248389762043,12.63443545442044,3.7880836180503,11.52490537375857,11.173601912802024,5.908421239433035,11.487708392161457,10.793507717578908,3.8224774797310137,12.09608133590758,3.5821749936139944,10.325381714997325,3.2372591307260463,12.340376423142649,1.7957536020189075,10.709947056713359,10.902377258069743,11.471258663668745,2.8155682286205237,3.8574321001144867,13.447343717193652,3.914180605576083,3.0380732845599288,10.473968929896465,10.339656144965897,12.114548565713722,15.336118663461034,4.010344724255518,10.589670314015441,4.567456539238404,4.6557518222852075,11.86223120436569,9.691493838909873,4.25605417554779,3.460478095078906,10.206880247181116,13.236648220112864,10.578223139105402,10.441360527708978,4.495275535666226,10.44052056844081,10.456035780556642,3.844967544479858,4.643580624013632,11.42615747152807,2.987858004434127,4.571581453556602,11.57563030458494,11.544786762373056,10.455350216992079,5.03935588752188,2.6545594122582283,10.713542015091155,10.502792018337246,2.046519289076074
3.0000000985486217,7.061589639120056,10.589414409706992,7.500184791914678,13.145736654556899,11.536303438980166,4.378510848373395,6.328639653005761,1.3123844246742205,5.023094292079082,4.574690395475272,10.363154921386354,10.321789880881413,11.088952946849925,4.621624680907506,3.8270467458303115,12.735563426595979,10.166684882023677,9.984121183996685,3.6226153210597722,11.545146572003263,10.412369671967186,10.905377783516279,4.222618781114008,2.5924143633377468,17.531956443677817,5.362123414869122,8.36369507445069,3.5081929131857583,12.652159616417688,3.6864701618817284,11.61176343258594,11.426504881350885,5.845696761364169,11.431133591024576,10.86511527894779,2.3627711206320363,12.207563718006543,3.0039904377690867,10.442408964195108,2.982322815836808,12.519269274209762,4.675558549540023,10.640471719638114,10.46075622823369,10.462461614195695,3.757167312920785,3.3933887005797514,13.666330146602277,3.811450407298945,4.688467611725223,10.62432163863391,10.317078285692041,13.71952586887523,15.818482000150963,3.8898086194406543,10.600197037472908,3.506621493746005,4.757239374760216,11.92063482256018,9.942764707124592,4.701694192298801,3.545008715075355,11.066680285654536,14.70373363099522,11.550356453273597,10.4189546502299,4.582834818856638,10.474524723667457,10.514482422014828,3.437690491721557,4.637550582479001,11.438896045945311,2.7681361145292493,4.599356619001965,11.493175595792193,11.55778473821338,10.269297067987718,5.036684038326497,2.8552984788982156,10.732519356986716,10.477258550119274,2.198024627571866,8.337450726337586,10.246496782480722,7.990688271340556,12.9222038066894,11.65210733955121,4.211227571794525,6.22451017196812,1.7432848150492577,3.218349241951239,3.9635479431297234,10.49516918882571,10.516976089672621,10.480480780840532,4.646673149318213,3.984254104889768,12.683404267097176,10.505042887968628,10.153749763317254,2.8320225616546137,11.435389413089169,10.376740388248493,10.211748847503461,4.640598360021137,2.653679710020922,17.167856314843622,5.995883785912642,7.807856258629797,3.3847888278690843,12.604084887367879,4.947297668638019,10.579434209465186,10.404611116834005,5.761315689547263,10.113789873707578,10.801763928524394,2.28621806470089,12.177742568975566,3.234014415247726,10.296066757580219,3.6000035789140243,12.438789809285096,2.4656891918198256,10.406456057612239,10.737875917283695,11.426884737594513,2.8670717516918436,3.823873571987896,13.367104776350223,4.6570772577206325,2.9757464936696607,10.562373424721288,10.447021661623047,12.12892510438854,15.161951248599767,3.0671919362595492,11.478894169917494,4.533313686391605,5.149796413476423,12.331707661422028,10.890415715817962,4.229386264337438,4.474410562963699,9.948010656631489,13.684304940684516,10.571440032597323,10.44052823593552,4.6375068853253705,10.406722494541736,10.458136358670629,3.2351279568919558,4.773281002374085,11.49846780254104,2.996668867271593,4.804475483443553,10.581779986798129,11.515428844812712,10.433870310856937,5.378393927192943,2.7897930847571013,10.537972650794666,10.141884106843769,2.8884878333357995
4.000000131398163,7.447702455840608,11.278731691766463,7.819276100597619,12.64414755399686,11.495390418054676,4.377392694956873,6.28910036126531,1.0391420303895327,2.746763794182873,4.123473230202328,10.260337891495745,10.33645259222141,10.800356480166235,4.608810570985667,2.801437984146007,12.708857294543154,11.451467441758366,11.495866163251067,2.6563887230272214,11.296980435093506,10.398527260099417,11.846374819633704,4.334100295379385,2.6500796879119815,17.207636760628777,5.697785813731012,7.713127867311915,3.429125323058344,12.466786183061464,4.72222889579886,10.476784585324575,11.23875896587062,5.805721550636995,11.43958424188352,10.927230463339514,2.646430696022296,11.53633174699411,3.6095524651518844,10.456635178680441,3.4991974150671266,12.528703008142333,5.049330522149171,10.745791485034896,10.687922555207063,10.539162903521959,3.4807471703010826,3.191542533733537,13.208810317503856,4.449063089453083,3.6930874518251464,10.557308691814963,10.315685602810573,13.522370160355123,14.647044834830838,4.013194665603294,10.58147304297474,4.554616283446939,5.5520530846360066,11.07338242222235,9.807754097529159,4.933703422872869,3.4592494649367387,9.922335567433999,13.094326049478921,10.531039823237837,10.44463602628436,4.568844808660706,10.362070526409266,10.45523661628049,3.265768533282143,4.640829758623721,11.477742710913654,2.746894743457564,4.5581189119210155,11.538983329018807,11.498523363788449,10.232970852925959,5.16377846130021,2.8207633487252814,10.67909970927553,10.472174902040782,2.319094143783195,7.252264375217066,10.228361326074038,7.988895790167665,12.933382028687038,11.559546894117581,4.406033511832442,6.3006627549634295,2.4588075463992487,4.767383203612265,3.7612491374816743,10.483898862237861,10.573696263207301,10.487824125328444,4.630819296994357,3.7606570898951723,12.620828883338357,10.530850317419798,10.54431685948097,4.164369995854967,11.084076660100047,10.327486310984348,12.756993840994365,4.66983052046309,3.2551871477332956,17.071048853489426,5.734441254605062,8.067526401036755,4.5015615958469954,12.598410152758388,4.20764459861468,11.640245211020481,10.112290254640152,6.0763927356056255,11.191858247303493,9.770062471636047,0.9055308576423671,11.366497494477105,3.7772581326840027,10.192205154469105,3.4238792248074432,12.358544760828732,2.525990460006617,10.34046287631183,10.650223249525418,11.418177646548687,2.7852888316610094,2.8720737006041803,12.772892544670654,4.423691938891726,4.781406943553897,10.573557135043531,10.27782869590387,13.3656614472197,14.87430028810763,3.099161014046503,11.457926381247532,4.574818417982013,5.937479328614019,11.713253166868434,9.336025736481666,4.945214008216622,4.468184651014329,9.967456415808838,13.226431525428909,10.480578703058585,10.449607344417336,4.7754820277653005,10.403762457884005,10.447863933770648,3.666529712919022,4.826933112627925,11.487941012764184,2.8837206216417197,4.792802064099113,10.581396233341968,11.54237419735424,10.059082973707795,5.248048243683299,2.853992049472298,10.58538504177466,10.256532281592575,3.054100354852064
5.000000164247703,7.4262291126588105,10.37137872245496,7.997615418628849,12.318277076934965,11.603450555569577,4.342239711087612,6.303135244103869,1.6404245740555041,3.0147280119930833,4.694959005656128,10.588778165797304,10.492876426649225,10.399141407627887,4.6345174666926825,2.886286731006568,12.691787694452238,11.300520440304712,11.623937692096264,3.3600234390254577,11.45516282397028,10.414693268012728,11.813599821831753,3.781440302048479,2.4914699986706923,17.86049589522119,5.812040190509686,8.297405964995301,3.5223306942265302,12.68289042026932,4.7250845840327695,10.4938423523036,10.532634418635737,5.800354257739366,11.64645424850425,11.001121064214638,1.9646919366897233,12.597925630571776,3.5285776486531892,10.501095462049753,3.163127369379062,12.5161579725228,4.3006242678303614,11.460917259072962,10.18193645554258,10.47387267390448,3.684665302847852,3.6179201128889042,13.549388645597931,3.8560148505457086,2.93378264261277,10.45310262113633,10.183027476028927,13.353817938488206,15.047688316358954,3.894075147504315,10.590947967596346,4.578051547694503,5.000060358212117,10.662628869658452,9.747999760513446,4.430613518753814,3.5387073426412097,10.116017289055279,12.981475042484202,10.442678121808587,10.442262438109813,4.64144084211051,10.394859946101333,10.448888895165794,3.4041773527838464,4.707988978908109,11.360828277903769,2.7554877163176443,3.8251644360366597,11.49130173619195,11.511000676565638,10.273003220657698,5.004427231317673,2.8749328041714826,10.608687552177384,10.477975710539901,3.150536660058326,7.434816297803983,10.322148672400589,8.098582236063843,12.851069343900447,11.542036542868672,4.230153932867855,6.252812502599942,2.1370643226637003,5.502332907526105,3.945074292619216,10.35922549241344,10.482162135475525,10.352840546163922,4.599831781447583,2.8850851466154657,12.621067640326538,11.420846964971211,9.945639150133427,4.279591508043913,11.028887988326106,10.371469549466193,13.240531682878132,4.4850681174454445,2.308685665534127,16.452719801265463,6.004024558626522,7.715948864906087,3.3800709425929956,12.641194455440003,3.9143285990453145,11.56180509011451,10.086964398423722,5.794847954192721,12.025069376768824,11.005468995053963,0.39424572055793483,11.166173203465533,4.570364613601735,10.203508457447494,3.3102000330915513,12.402513055895925,2.932638888681477,10.229574205826705,10.891347018524586,10.452907870227595,3.72890362295947,3.6859383550896214,12.342987707709076,4.487854334743186,4.770599356600822,10.744371476630157,10.288182435595408,13.41197572196165,15.693647731290984,3.929276438106348,10.639117880732574,4.522857460101152,5.398384260550229,11.42808127045974,10.077150000998802,5.0376771289470845,4.4719412200491915,10.267313165000282,13.507405088388884,10.563017615625526,10.278554603478597,4.577689327163718,10.410202698689252,10.460273015518082,3.4951844427250816,4.786748709538899,11.460246529636821,2.9510559093871715,4.758060766363709,10.567339031408409,11.506558285929488,10.12809543532123,5.170936017161016,2.8226913165287923,10.606583500003868,10.377553487821105,3.2060587318703972
6.000000197097243,7.363387646231498,11.274097231571345,7.97490944575045,12.663771944097643,11.557936383916859,4.624366671711305,6.237567250850104,2.478374275034458,3.708569983916892,4.017088232858126,10.576703522157429,10.283886294171154,10.975535624655732,4.602861279039294,2.82534152157216,12.652636630844572,11.415078800857824,10.623562335112945,2.4574898238128227,11.138714382292832,10.383278803509901,11.704082303823702,4.344176025465888,3.1328372880506676,17.485596226282944,5.631553076642256,8.17811402615798,3.4749984105150347,12.492638891582935,3.9649295516120855,11.646248184956411,10.326184961823737,5.823871537367844,11.160629445503233,10.887268002641273,2.7081098988742722,12.442253222153068,3.2093435220884006,10.44214416498465,3.515862098817221,12.480561799644759,4.265824037857551,10.660011523323764,10.626182899216547,10.557515913733127,3.562423570565846,3.6545467935053257,13.412866317715956,3.660644017412521,2.8550957131356474,10.441652827932957,10.136677326862483,13.609900909159762,14.788982175025918,3.9207392370839322,10.630372648374424,4.355421923616218,5.101456436481369,10.942929820124483,9.74519659225319,4.909628550016333,3.456159500318364,9.846733299068514,14.363116745301806,10.40825923046114,10.58582471840397,4.361950839693297,10.513765692154122,10.43057867747625,3.5427907650565444,4.664901921355086,11.426814457892823,2.902633537790543,4.6261466840658425,11.545828435039809,11.517487988687707,10.251521265271492,5.391271772397685,2.9426234447349615,10.67957954464404,10.478482744180983,3.253426361986477,7.546191247941359,10.285978200133945,8.06821651182139,12.874870504949131,11.819584482241977,4.712379799402637,6.25207618289301,2.905363919689567,5.515792009306316,3.550366612325928,10.2663149801042,10.503566488456459,10.359405680833815,4.637596532204868,2.882819573337828,12.753687518448869,11.442824165436786,10.236876467528626,4.461004529196025,10.984105227814817,10.332455094905505,13.48485271432758,3.917843290796506,2.3903965593345187,17.03462517406956,5.944740879314191,7.83318754116514,3.4975792947112705,12.414193933365807,3.795042236036443,11.494528804234315,10.375050947431014,5.990300569696304,12.000447019417216,10.960298097659136,0.29277957414475186,10.793792041292996,4.6166132739686745,10.19776307338015,3.3600323070951497,12.422403010608562,3.0362662814725816,10.509987707705939,10.717364314005636,10.70909450801593,3.5182936750936817,3.870496179351711,12.05662968778089,4.758397396760477,4.2366175426660515,11.099108180670003,10.40232923351831,13.885638903609657,15.789800224067825,2.8869820359354494,10.711275968754975,4.564072309621453,5.013105007413236,11.356655257843094,9.988287084888414,4.835818742555396,4.60784733988543,9.595627328448796,13.092621316655977,10.512414745626414,10.425451663997688,4.814520901974108,10.367800607689745,10.440226410389862,2.8262268476810073,4.740960920033229,10.470421725633345,3.9002620663858267,4.833241992875759,10.477443115040966,11.371197871114147,10.389180862577012,5.089469303083461,2.9441907782163836,10.706255891716395,10.456584925666736,3.110796885666802
7.000000229946784,7.513852200390602,10.559962007042571,8.046350911796674,12.190370609511664,11.65107105598077,4.377779656601143,6.223817159277716,3.7107410855675864,2.6536917626459138,4.1614224277866825,10.585230992843165,10.180651707584751,10.513920837908039,4.619694310829264,2.86555669442141,12.401591323744787,11.415668910611005,11.385285146718356,3.1190926300753374,10.813124140850713,10.30272034489463,11.48291696324755,3.9030369597440755,2.62803989962561,16.968420251559955,5.857992298400957,7.869379972514569,4.509702484929888,12.522623766200095,5.489316612035895,10.375523955779142,11.340534195702134,5.950535908808536,10.875344109773057,9.600629513751636,2.1174035086429575,12.268421625522613,3.233371239787337,10.336188992275327,3.365772142664476,12.49823374002022,4.297346104232702,10.649518355037355,10.683638429846102,10.663946621498962,3.3226085173665765,3.3141527231759205,13.644823039510076,3.698639118674916,3.0877343567645346,10.427722111431654,9.861556956934926,13.403212342606098,13.905280120269293,3.974624511555629,10.567188153092287,4.138994928875908,5.646799134807008,10.757804717093036,10.053120432625905,4.307295763223695,3.558815323934078,10.75472872284751,13.283586203139272,10.413062016121602,10.459370332408277,4.612557324310415,10.412393969582721,10.456087790648702,3.0173139186206406,4.665079770480965,11.422694572068048,2.929723201490059,4.602353220137703,11.56436309657871,11.519994574067642,10.301912437629065,4.9628425148000845,2.858039962291609,10.653629539507213,10.561026805350195,2.1151662191209106,7.543201727368781,10.341446512389936,8.083135586704026,13.146248749638204,11.465004078373218,4.080111124049586,6.102200488402339,1.3924959821730192,4.868302324713487,3.917013890979177,10.402371572003021,10.205368102647194,11.149614674859455,4.679239299676886,2.9245462659905086,12.508732144041113,11.432342295241687,10.115620762689584,4.448109428919721,10.557872054163617,10.391868962359318,12.476441567075724,4.440750575627737,2.674477833812005,17.172784378423973,6.009063496230937,7.852335501480261,4.475041470033546,12.461690687499832,4.115976597092664,10.53288199806154,10.447013713449172,5.883672273203032,12.037069071753766,9.935897760350755,0.8329431085536034,11.05749115072513,4.5928519016600955,10.151693772974987,3.0694412445637917,12.37576230261301,2.82110587416486,10.04698233141357,10.673365050746215,10.69907502307593,3.532359679142609,3.355714460759496,12.083055720694032,4.586803132956908,4.761765220637201,10.742921450992698,9.536784127693704,13.30529533464766,14.998493095445413,3.0030034133067063,11.458521512999674,4.570588497443924,5.798302761495039,11.602436297326937,9.760713882887629,4.9475608618276405,4.4292630859155135,10.434855339938917,13.456701155071267,10.486587032800797,10.475589760610651,4.70792757515481,10.415768430245658,10.453814759895016,2.7005104003518303,4.782913698862162,10.361950106687079,3.999543563382444,4.762554562572229,10.593027408269947,11.471267349403885,10.425358499498692,4.89914628960181,2.855305972117113,11.09957302759891,10.4518977878462,3.2066902862305615
8.000000262796325,7.19577967048979,11.33760895552981,8.07136130840326,12.192764699197525,11.528777032414219,4.502602356327644,6.278751475982152,1.8577372582665417,3.4975485327816127,5.3415671476933975,10.512151416194166,10.277405567850382,10.656358072889091,4.610310074096267,2.8396553693814504,12.61889708282145,11.339380948681706,7.262591565896689,2.596883473769897,10.95194456505322,10.400312368691184,11.690555006688031,4.00415874287567,2.727450587476808,12.354894754598211,5.700276649304623,16.4665244768975,4.361307449566,12.451975161769417,4.707074676854693,10.427428119240579,11.288523566045159,5.947312068349529,10.275521148522571,9.977466550618662,2.27483165769962,12.165737705269793,4.016554748231197,10.512016233944616,3.2464126767947334,12.471485723002301,4.3378578585553145,10.641678499231768,10.385597813753678,10.432803498313847,3.7654933548636933,3.43389587473167,12.856344302530745,3.833110361884165,4.9100875655058625,10.435369621197859,10.218969900847325,13.120301590660484,15.036079619713965,4.0166079105295625,10.493773456082513,4.062627862578676,5.1282366664716434,11.414057626479,11.054910595563799,4.8390885258688,3.5299399690320508,10.693702158084287,13.459679003921059,10.672646364735842,10.447252333096458,4.544388155518977,10.437075802365582,10.456456170293682,3.176213466359709,4.648777889580139,11.41502943714961,2.9421604703956095,4.588472678673062,11.538953719381064,11.588879729886694,10.420233492707055,5.039620971630102,2.8693532384749676,10.789702903045521,10.453604367349099,2.2728808774404357,7.919760645333583,10.300390083413907,7.773297594005432,12.616184894877168,11.518374996159078,4.803741577733604,6.0432463404301116,1.4305678411030436,2.7862688196915197,3.7990105030271843,10.438915401381662,10.222291966937876,10.887501043910627,4.649890323265399,3.7976511252187692,12.681208469836202,10.510260992958392,10.298935396487554,3.700478588777121,11.08677750925957,10.411440233038734,13.522256792905804,4.5220397256318225,2.982911648230455,16.939744603587172,5.776852045538806,8.03606525415486,3.578327238804546,12.456058874860762,3.728107356437927,11.361677561391875,10.590297026627692,5.832872398323108,12.287420054398337,10.932718235010622,0.5035010409039449,10.9211384811022,4.608258863946498,10.221596694738636,3.574295710522797,12.311318676767964,2.964794202998511,10.48627405629561,10.429569793245477,10.576959607419097,3.653606428376016,3.61573084914532,12.024616920772916,3.707911753332449,4.493469203464212,10.669873334700933,10.216922430476052,12.266183539079451,15.011841727878545,3.9306468469022064,10.62228506216004,4.573865443657225,4.011291668310502,11.039078541513373,9.961046278583282,4.873957499600655,4.534326757707882,9.934070726520389,13.683449836762703,10.33160361044411,10.641872111502124,4.5088431626132,10.431072561571542,10.447843255020523,3.321714462612973,4.7086474809930525,10.474750496259695,3.950523637147945,4.7471707492697135,10.513317117987958,11.493717412797334,10.331722980293572,5.070115812921925,2.945855554137859,10.711426176523863,10.468669338230171,3.0548977279577234
9.000000295645865,7.2966575703009235,10.345253305666269,7.814025481927966,12.40108189656988,11.65400782518047,4.53284964440423,6.329626763141901,1.9354803831977567,3.3691226161307295,4.076640751460172,10.568006687621194,10.115805950011262,10.695297588560933,4.578843278909782,2.8561613776484602,12.58881518794758,11.466789752217448,10.48715251302409,3.546130872716688,11.082819569572637,10.396763508577024,11.662222323969624,4.541891709200881,2.5353741693916847,17.27260760465478,5.793535409325047,7.8587558107529585,3.449110056966185,12.233180005428538,3.9315402704301086,11.619440234336166,10.646480601581912,5.889942611936617,10.297272212424533,10.883706532828313,1.7515316374509493,12.700077481070082,4.023987556373138,10.440344683095317,3.151852306464653,12.500538013776168,4.381135376290825,10.631564193113224,10.540836326115642,10.503547705607522,3.742048472059921,3.3059934881032196,12.636363657679649,3.8468600670276945,2.8706496376053647,10.418559726267787,10.084950891005233,13.477382043750744,14.724021393962115,3.9561778599925086,10.544747901384813,4.2382978893253975,4.712668786559433,11.11681129095091,10.381671616038787,4.128919724964218,3.483332632296544,10.850692882209254,13.87564348527751,10.507529481099173,10.334530534825403,4.569223726640446,10.435334124482967,10.513140567269515,3.4465856154800925,4.642864338787804,11.47024754735783,2.7950858566316326,4.700241141503059,11.586550788579979,11.515400513283305,10.33663802287401,5.341692591959943,2.774065749563736,10.499020425212455,10.4734520537628,3.0214315123688746,7.590014280855816,10.467041654787645,8.04589900111804,13.179568713782505,11.59347149185589,4.343665797417954,6.201108276923958,2.807278197941559,5.405432418112509,3.8064445471140353,10.421963436456783,11.31867341799254,9.349349002021567,4.728683222081797,3.8010407126089576,12.187414698177994,10.508580834011681,9.473754762770564,3.788887051949396,11.094254885782371,10.358435523627701,13.585595887037996,4.5125773728304255,2.7019985355072036,17.130229960484318,5.9303611957210185,7.934019820699568,3.821241365053201,12.317584185795777,3.997376539298034,11.31115284467186,11.346136064055486,6.063035291285847,12.119221350458302,10.732386761798589,0.2512312490645665,10.907686214404384,3.9121331651022273,10.154215413243417,3.4909801777883978,12.325066416981288,3.3086977579633325,10.451418667157975,10.300718359018592,11.415048328267435,2.8407010674814717,3.960637912744898,13.253640374249827,3.936980928996329,4.613263001321151,10.610195993400858,10.241220361641137,13.418193258755952,15.493988240948923,3.9551940467974895,10.610785599182316,4.515277029497752,5.026979366922014,11.468820286105315,10.063600217437122,4.9726181218121095,4.523808822148172,9.681603936219007,13.592044296543754,10.57191126701173,10.436427796652374,4.627694738979598,10.408277656785318,10.444004764117016,3.1396952156931905,4.652884375636441,10.558267278183218,3.905964488474454,4.739371008888775,10.53257084901312,11.501318846973275,10.400976011435429,5.132514965257399,2.897613509983573,10.585022289218049,10.472053167688482,2.159432023810521
10.000000328495407,7.54270554091859,10.357803687558194,8.150084375649321,12.566059277981832,11.501440426429467,4.326818516459878,6.312821454558189,2.0322968503913716,3.34726141235494,4.283412836987937,10.378428906587425,10.653526334669166,10.20308867141029,4.583687917183854,2.8288278145966212,12.600166154619107,11.46157669190831,10.385539814689272,3.6848251299649135,11.119706040636558,10.413359008613853,11.799506359728591,4.202819370411602,2.504790815728779,13.338788555109769,5.878355515495504,11.91125603726544,3.4519427118598105,12.641573428131377,4.084718889279083,11.601385710755084,11.40950732864039,5.901896117906839,11.37450194439052,10.901579462680314,2.4944042844347845,12.106924716721656,3.323975140293662,10.39437570747106,3.5855517497566467,12.53803168575502,4.539512607415368,10.561661434493363,10.76388003893366,10.552470631246278,3.7275556108348185,3.515179692504549,13.53628830066356,3.6746438489337097,3.0780959471872062,10.419563766593836,10.28640124708874,13.415864341906538,13.779982884589476,3.923594310698434,10.649006178579945,4.134627197302474,5.306063285267342,11.299899952314757,9.23305066927118,4.049084474368406,3.434984546187761,10.293734942974554,13.7815411240034,10.367719602566195,10.44275562634718,4.52288037114954,10.479491341967647,10.437101433150987,4.061772144287425,4.662578394864747,11.45410029274901,2.7688585455665415,4.633764603981592,11.577727836380364,11.48484333761514,10.405291022123368,5.389697583656209,3.037861349507996,10.447106532245389,10.453529765032512,2.186799976626434,7.328368335836544,10.610054639459012,8.10974510986774,12.643306538515436,11.669612106990842,4.307065885246744,6.750684278169357,1.7983246668940516,5.58519648334112,3.973478485386839,10.453385876031922,10.557017449281547,10.199335120345042,4.746520955435867,3.7308578163434554,12.142075815430978,10.467509774792855,9.831245044308112,3.8865052279843812,11.06244086076259,10.216607112937206,13.23085511623303,4.418521985561244,2.849930243812043,17.072281419667153,5.846418435265336,7.801555730531225,3.481771253482653,12.376641439061773,3.9978855084162865,11.620398622536543,11.368849718918709,5.995161209947818,11.440809313633867,10.93828230376998,0.45421191328827426,10.845228839490968,4.118608804940525,10.036113821038187,3.1291968479125303,12.486059834002553,2.9376625277343673,10.281331254784922,10.629546700242509,11.475848643653132,2.7381121886018995,3.9532886908080056,12.511830100578194,4.057669122050967,3.641921799670263,11.402877721713987,10.287107238348701,13.212442600123325,15.160807184582985,3.839434902839186,10.612383842949358,4.566198412118785,4.070814927482645,11.546777279039974,9.921242455948994,4.714590305686396,4.583370067278703,9.946127375641302,14.007009233168876,10.42117770914588,10.493444871451201,4.566909240142215,10.292326124537619,10.421749612549647,3.193979423269012,4.6558913045623616,10.450587003311304,3.9918206507601495,4.781662974581995,10.51464926777888,11.572037124935287,10.34138879084434,5.0605390332064575,2.7248477327811518,10.394836506858088,10.4428871497281,2.1111569082224695
11.000000361344947,7.2651444917570025,10.548939272938883,8.040571821170198,13.513306059825549,11.683921142077143,4.329664653181765,6.285787391859929,2.260149913250598,3.575195536657243,4.206734893097467,10.481983101726865,10.395214529718851,9.749404258192872,4.637648385564517,2.6936997151033255,12.136803164781128,11.153006830351181,10.987865295580413,3.8030742230675614,11.12042601212849,10.240873100095202,11.713026472469592,4.408080291725103,3.0124389058649257,17.54368907322274,5.6266372922323225,7.917120033218559,4.456983475970046,12.490376893060722,3.942310127131353,11.612443526360096,11.350777667298356,5.93690547900377,10.977227387619402,10.143252171870023,1.9695950701325124,12.493481052593355,3.4078055807393524,10.347792584159505,3.141583803630022,12.492675649042903,4.351375125506659,10.57753231402212,10.409212679916816,10.43246459567623,3.7207577836925907,3.5923917508257643,13.622939241935516,3.5406102276365283,3.094135547097676,10.432930907636406,10.169355631348415,12.962259069640242,13.550442741404154,3.9724961754490113,10.530306873142543,4.560259050246337,5.790637013154932,11.322464362533816,9.473624080001096,4.844096247271407,3.4165317546672966,9.77740411758636,13.56148087330272,10.43864110986113,10.298488890046297,4.553900016933727,10.40615415626715,10.459311631252797,3.3382951059552712,4.774846043014723,11.417706770022122,2.72705124743463,4.781593344908538,11.531136543271995,11.764947910082793,10.455165772138557,4.336136957695349,3.725006866497522,10.461195626181723,10.464966829217683,2.226509748167858,7.138832801360295,10.760169006427398,8.16282669858569,13.683382885834675,11.816711252996289,4.8241785107519455,6.287630031106318,2.586954015640311,5.662478042354007,3.8955502514761338,10.33193133511925,10.428217789389096,9.912054659978164,4.658996983575352,3.8133282688540913,12.34644246840835,10.46744689332494,9.9614664831658,3.738876809227196,11.27975595115918,10.319003585538468,13.54021252076421,4.527970465866868,2.7315034635616104,17.39385150063907,5.691134177000576,8.224928632079482,4.459856951958313,12.20513220492732,4.1668087651397165,11.604405128605816,11.18071903567012,5.985412739889251,10.507281881735798,10.081207162037412,0.22356062808807708,11.153649315287609,3.9914078286108485,10.180933298091055,3.281239540935919,12.521195069862223,3.14849549937208,10.572471524028288,10.84399869936417,11.410768055369076,2.860290058759294,3.934566461575511,12.887149981249477,4.081244648189746,4.449417880277276,10.645806818002264,10.29907585248436,13.584848782732008,14.055516692551073,3.957384377492748,10.54175384655192,4.559312662253747,5.063178625275604,11.924288015925871,10.607697943948404,4.826587442748372,4.412893797613759,9.658570590242652,13.7841330317859,10.267418360918645,11.4894367863438,3.567997981704623,10.426895647716103,10.410275449875593,3.43795842349638,4.676756219499966,10.421026506905026,3.863319908945462,4.85621531396748,10.638205726681395,11.531048094145039,10.365553062514595,5.163985236759083,2.892682784780614,10.446301020213092,10.420530252328623,2.345753827978595
12.000000394194487,7.237707488442287,10.483623055178242,8.29792484326719,13.416197137669107,11.663054982636046,4.907734416307727,6.254588358155476,2.0671340502195292,3.5337245374615107,3.888617906124802,10.519208510950346,10.448075280216411,10.078983702817672,4.609738582223102,2.786677810322568,12.217696717710066,11.386067195749694,10.852571479546562,3.5508848697129016,11.269031402896577,10.410233014522344,11.670078457413213,3.8426556048278657,3.1566691838496013,17.243949674251418,5.790449099755733,7.685568109901147,3.4701521903143284,12.476062929553756,3.907469211295597,11.495321072741087,11.36725794537234,5.962955220214229,11.268949321026264,10.743472579035569,2.535360348870464,12.168892778326814,3.2435832829393507,10.183145149948944,3.319556472406263,12.491981421476611,4.709783759259586,10.472487752365623,10.540753696468133,10.424351104873983,3.7292161867162843,3.6727343452490504,13.326472697079181,3.9544931171326727,3.0583925002499788,10.424684629402863,10.23964752069973,13.528324287095302,15.368840029715901,3.909930106527473,10.620957590156275,4.591602889832115,4.877450008890143,10.721209679596107,9.907512559889675,4.214247581667565,3.5616915150473822,10.0040517259336,12.912949227399887,10.42566769951055,10.449909500601143,4.571872358843457,10.399455763092678,10.46403869121943,3.2731651533327146,4.69215330377355,11.366208614298536,2.862042524349082,4.57377792091612,11.454997807825913,11.665024596253168,10.517232603013085,5.05962124486807,2.920672582521657,10.466140866138897,10.478189164898483,2.1749899443765557,7.320318011343833,10.502336330105384,7.8483516678326,12.785574717899816,12.055170927029113,4.286854121533901,6.4912041480596665,1.7601141439420998,5.585637205133422,3.8104916444513792,10.529733799310122,10.369018362526457,10.892076331186454,4.710286725829469,3.847239903721427,12.64587541075529,10.447537041455105,10.940489700023031,4.2144875822604595,11.251080741411757,10.371408492094078,13.645501380142235,5.0421150573192755,2.4818570028356883,17.210127779093646,5.777726437673667,7.940354915014886,3.539003970921244,12.52221050221229,4.162209064473807,11.701353114108578,11.06605502525777,5.9377322282681515,11.155152211757253,10.941534720952028,0.25135828114178516,11.151454320215391,3.6469211921446183,10.190184805367242,3.0715033951856725,12.557502538509663,3.3183022714880686,10.441465727947863,10.652412145563567,10.580356932226357,3.7352764949661714,3.918381401319769,12.981867148751004,4.128722090330901,3.7439205054037363,11.49579708886126,10.119708917209941,13.496298975157769,15.16533973674199,3.9316459906847943,10.499210611893213,4.695745567334129,4.863182067842638,11.838529450464028,10.145064853722776,4.834251044769153,4.420819305318964,9.900239340023525,13.78730773613433,10.274050430206191,11.515749734870845,3.4812663284148555,10.455548118289364,10.458100216311824,3.3742820129841986,4.6025987490260905,10.438329189188918,3.981457776964007,4.723081991405036,10.600525269035547,10.881922248839745,10.14089996924881,5.280765666411481,3.7900134615856014,10.472316950770573,10.471555044147584,2.4323961649421157
13.000000427044029,7.294940185839998,10.534490038470189,7.908607273626659,13.995206734472402,11.806020203620376,4.180762926421306,6.207717059866737,4.274540932100623,2.7902032642294303,3.9714501453092375,10.524762450474045,10.42459615692589,10.077649540620941,4.598297835269446,3.816784772775929,12.015354382408825,10.215350647050638,9.210694102337426,3.5024825641489237,10.866477532874276,10.38756894122877,11.48395225569571,4.384724027928762,3.1764396469659775,17.475914500688674,5.491965750509233,7.999599785626016,3.4096204725134664,12.879181178540184,4.110269281235937,11.641701907534712,11.302656361178025,5.954197212051679,11.206491890296844,11.112462790949415,2.2348866916025862,12.451129744608778,4.000602843578994,10.19732051557966,3.3763410171591723,12.535175039815885,4.278013861760078,10.538380412306713,10.3055581116263,10.465176436570177,3.735174935608671,2.7652710782395973,12.93283379714919,3.829501918658339,3.149005811691755,10.46697439264284,10.290519216461737,13.645002832801035,14.66444135023715,4.079571727898713,10.659093937984863,4.26714225739514,4.936777315241765,10.832862683105512,9.710767786426251,4.870463597005615,3.471942469966957,9.955321202808221,13.548429043171941,10.324433561180522,10.467273620905237,4.611269684780042,10.355145828270805,10.463940566177763,3.577918244988297,4.641630292219811,11.477692586115774,2.71321244270905,4.610158023646839,11.56425448128732,11.570405975783041,10.477057970163449,5.119065397646708,2.994984665291873,10.431105973839376,10.459644040714364,2.202660996223311,7.327680629845873,11.24257302767655,7.925827313706622,13.161400917863904,11.777820987802748,4.682696955186869,6.295536875936714,2.4275788598481727,5.53221753490269,3.907718304288767,10.476229307281464,11.404929695627388,9.476934981782444,4.6769644587581185,2.8561164784623814,12.76296086114439,11.44063499471911,10.076205207630846,2.1028808805414876,10.985613738478131,10.184386749656063,13.6531896389764,4.9349382873661725,2.3669974709004884,17.124897126484132,5.599705003508261,8.01869144882732,3.491662889331046,12.743043734469127,4.08028519321367,11.582204186968376,10.607527802408299,5.837290430978497,11.26752092237264,11.026730141254193,-0.8876847440964386,10.430932635781142,3.60885630683259,10.275626869378375,3.3212299633688094,12.542542172761154,4.979217482489059,10.569023388096774,10.668980093245969,11.391359882521506,2.7996965046428097,3.9191949262102233,13.088789214556382,3.954608614017404,3.801034069609998,11.376644953865426,9.682206719516262,13.58857667733601,14.697627130823367,3.9852513797386373,10.554394691188202,4.711527089660918,5.272087005182587,11.796648578892496,10.114752987431578,4.907935523052661,4.461742873229941,9.970600785512698,13.063968071846725,10.297807406880853,11.460366965222923,3.564282034167709,10.436985343803364,10.473240993075894,3.0205283415605395,4.531690232673975,10.380502184275743,3.788251021277189,4.700009696060361,10.618141817144696,11.463050958610904,10.299400844077478,5.345156057807945,3.01595243551707,10.37107689119164,10.474103243872017,3.0638944915219484
14.000000459893569,7.202328094022198,10.625635389067352,8.084990661909908,13.870947055790039,11.772643033539914,4.57096331749384,6.242021045439774,1.939428606254606,2.907447797612767,4.096564119629013,10.447668313518106,10.440698617688122,9.765928439601861,4.1759194566508215,3.834145717853818,12.20317144529173,10.263135101640314,10.004203211711282,3.509711465325759,11.148486408958519,10.349817056512741,11.573669356803618,4.335883737285984,2.483641829889619,17.581663886613438,5.513112601820358,7.677457362593286,4.407319887559112,12.748344341105577,4.255370285296471,11.508151371105706,11.317875015578576,5.84801973514018,11.09139149907654,9.104148172107864,2.7471732551855172,11.915843350271055,3.5159503497898648,10.208932674499914,3.4135838414893254,12.519798777455843,4.358170098687439,10.61539173116376,10.300369044895813,10.45107427811667,3.5652476181648747,3.487729932659852,13.258809083022571,3.5656279838329428,3.0415289405275354,10.459128890190167,10.17472883872811,13.680890771049521,14.065976598510181,3.8967140248015624,10.674732564721786,3.9294048999040925,5.5370591128033935,11.560085638741638,9.871669042153627,4.929108613766527,3.5102628309551323,9.768533154808262,13.245402519494958,10.472563905752597,10.48461752304948,4.607511246100587,10.379379241430234,10.46006221114755,3.079704862820535,4.648721863197439,11.402887227030591,2.743480627073923,4.570035416409724,11.550883989976372,11.517366973677941,10.4328266612306,5.301933528475643,2.984255807603215,10.435553957007578,10.418037385582412,2.2402407190664264,7.131162575851118,10.701594962481678,8.083143386408773,12.627438000387935,11.886263818245025,4.668748704887538,6.294096118880484,2.167684440295049,5.597364624330544,3.7656204052707385,10.5376781805631,10.49700569433143,10.45093534694317,4.5923732370686166,3.6813832139779574,12.35577295741711,10.54366960552573,10.575755175140202,3.234694409025409,10.866268947571198,10.331195820626865,13.016835095701339,3.4931427279650675,2.404058002109839,17.536761826861706,5.70376809015885,7.981894883325656,3.455187270632305,12.485166561998323,4.057527900840841,11.376965974006133,10.54494285022925,5.88657179445471,11.869772469824605,10.958037332585626,0.5031611929364241,11.050182364701634,3.3115811403568878,10.098110350122562,3.0660384916774635,12.516777737353811,2.77578657825939,10.551995291166062,10.800680934467403,10.259994649651665,3.8616151347829533,3.9279424508849767,13.396673550636807,3.9396285647218856,3.6344147432407623,11.468112744316201,10.346803533822413,13.65202006129759,15.450616005867412,3.980224008357459,10.568781320891363,4.657382927722884,5.097484214127491,12.154025286329158,9.923643154754059,4.951948720856658,4.477466120736823,9.848814917650108,13.299937291831485,10.343182555138647,10.505710423475556,4.543897417457822,10.399322840115675,10.435458549261442,3.1316198071517314,4.673276754291118,10.528491390187932,3.88662758797978,4.714662213701894,10.585009776500337,11.566989201053108,11.100124056382471,5.311021470199194,2.935110827044071,10.45660227122001,10.371643896479378,2.863483479694831
15.00000049274311,6.97185200810487,10.420472920266798,7.942227443540869,14.284976579600993,11.790551697360135,4.311705941127446,6.385138408061416,1.5372990680682084,3.00798352683513,3.9255001726309278,10.540358171144003,10.445326648106047,9.931445411953153,4.713521512903926,3.7017517344365327,12.718319665056498,10.438867796327013,9.707648284776944,4.126539127418705,11.541499118485158,10.425716250142624,10.957960994815084,3.5110566188645693,2.8111677674100792,17.338985032537995,5.642217152231564,7.8263399193384835,3.526401499087299,12.506704289509129,4.097247244352278,11.557377636908665,11.358907037044059,5.8188561536915575,11.5560647399467,11.028115061336829,2.572086555203616,12.488979486518303,3.452292194136258,10.377459165483646,3.783748727232346,12.41761349572943,4.553109961618936,10.522274322970489,10.349231890794567,10.472902152564068,3.7962152380956278,3.746226337478745,13.419597409496925,3.6445821375314105,3.1523572241925977,10.47740461638857,10.284250817533067,13.54357240586837,13.727104022130149,3.142111751681238,11.449038949674314,4.242220873736583,5.31739047052682,11.428915025775169,10.005891572400802,4.961283582232886,3.5355024307488705,10.051463351130474,14.006307640368732,10.369584948137986,10.55479420581057,4.503539288627926,10.425748369999415,10.454613342248532,3.1611966172316732,4.652796516724451,11.445524157738978,2.939459375413543,4.709142064065508,11.54009806222725,11.533983201194204,10.578358515847453,5.178648979429175,2.8328691341468937,10.536854706952282,10.466454443513374,2.157635720997507,7.455760153985592,10.148331509480972,8.20737897401678,12.304818729273089,11.500768862301632,4.963030620928774,6.248603048700492,2.3387670804951335,5.765119661727985,3.992728740112242,10.5675810520577,10.859855644103684,9.99078836178121,4.5691235225238085,2.894132642144483,12.06348206152819,11.260392609110072,12.604977947828244,3.608015665576227,10.821491522980972,10.336590188321955,13.401742010538957,3.5102001156510907,2.461147325166356,17.199463963721776,5.77168699037556,8.138767448284216,3.4800202544966288,12.47193903264004,4.047207656119979,11.659992483354332,11.322159530524047,5.948653383235662,11.340562649694213,10.947699839678405,-1.2206400594409423,10.69923752987589,3.228128709711021,10.123678884736853,3.2094069348934395,12.335460465103887,4.7728130910232,10.447044589491108,10.548254013517303,10.432247958950997,3.8575093714717354,3.9215229383083465,13.607391727019325,4.572727652739418,4.768094517398557,10.67704452925131,10.153767036433832,13.236745216105504,14.330064313085288,3.8598452611867815,10.648806453871849,4.636668405676911,5.347737250741659,11.262483110963718,10.003533459953834,4.978995907277292,4.410630563638325,10.227733756103854,13.422820022749159,10.482682258209719,10.617858718391807,4.493485988054661,10.38681162627503,10.44631923961591,3.928039800333635,4.633663138514262,10.472098887807526,3.925471184069101,4.790898746384068,10.626222346493716,11.494339413122646,10.797362132786686,5.099761469616758,2.9399387072506933,10.484204007725097,10.325462435067662,2.183664148747009
16.00000052559265,7.075733677171889,11.218802512712772,8.05781169427438,12.863273776131392,11.782663084830352,4.086485669779611,6.359737009710128,2.788737064158993,3.3760352365429562,4.13520212887079,10.384710849623357,10.427724469996804,10.386939460646783,4.656625056926816,3.7792505514245662,12.409694908904807,10.414236781453784,10.097081564038408,2.3524744277916034,11.31027774789716,10.399152972793042,11.897307013255702,3.921968076416676,3.416449908333399,17.37603946925747,5.736169515573506,8.043435061647102,3.4667875969935613,12.724428557071843,4.861445775913604,10.526903278316137,11.28198486244436,5.944141250357689,9.946710100150412,10.957496130505577,2.9093246199706786,11.627104474824984,3.0541852784120573,10.712438862642172,3.110397200544001,12.502309134869638,4.435954484428667,10.557800626022887,10.602634130092934,10.464555159732587,3.3094249276873917,3.6048933953049227,13.885625992825819,4.365352129955743,4.927067395163342,10.503446987976382,10.09782030536783,13.681962717651334,13.436411399521322,3.0363787620883778,11.454709127578013,4.558864379081016,5.81493010723295,11.609462160156983,11.23912584412204,4.6630586950417845,3.6865568560143256,10.72360142614471,13.641951702904104,10.398893780646997,10.593366362090528,4.460436614001785,10.418800782093406,10.453612037691915,3.3730666832883993,4.644172937205926,11.4677180328156,2.768422235414895,4.666768130340844,11.355843238400258,11.2126614402843,10.078026990328453,5.239379299046916,1.8455160657891363,11.487251202632995,10.465062141225955,2.191483752394221,7.543229121988268,10.448320716935225,7.984480231360669,12.22983132963154,11.684105266969393,4.555002310785926,6.344764586994916,3.1231931178123746,3.51669152611548,3.9444429316767495,10.522954335045357,10.554206178632198,10.481523090053525,4.57200684471917,3.8034718819614413,12.585908320825583,10.4805906156766,10.68453600548943,3.223004987922538,10.746668625866082,10.324747276190413,13.505786937620634,3.6556251763624243,2.363415872528594,17.79384043834495,5.745006320656119,8.227472277344324,3.4819325987666607,12.461343786889808,3.946813943060412,11.648310558442782,11.251750965196468,6.0526057812901675,11.605518231497737,11.03909243619817,0.21458114187388877,11.092242845412308,3.699976476012764,10.137124469130647,3.326736802946227,12.351797846046559,3.2657424260250822,10.50225210717955,10.625869178628665,10.449626685309775,3.8689330106399815,3.9459210126362514,12.689929001855672,4.017996319569453,4.62349038407404,10.477073300234455,10.280607354508662,13.307714644585305,13.806617699664068,3.2273356212474558,11.290901939239015,4.736086889881909,5.1540428184288585,11.163193083230352,9.982857946222412,4.7792775031349715,4.4711220794197,10.511844969062603,13.640906003210263,10.402888857832426,11.462545780882792,3.6207386681783276,10.434876415516854,10.440791368427357,3.427642224026844,4.6608866968763225,10.46957558084194,3.958748005495922,4.803582135932585,10.61262729737674,11.515416663994417,10.85407953007309,5.181381519031567,2.868073757906199,10.488727909487977,10.2931500277757,2.247603865898791
17.000000558442192,6.986662373459526,11.283952894645024,7.998623812381352,12.401841613823397,11.89049911878997,4.837546468154017,6.29978785454928,1.9625369469917513,3.2666971550749526,4.07813291358204,10.443143088441987,10.292384758205275,10.789245371959208,4.018311953236047,3.8417567109027653,12.031582971274133,10.434991462301712,11.553587026821294,2.8457627063694244,11.004948665780278,10.416686740820316,11.629704477155443,3.915013303315892,2.533662365779616,17.720238602264374,5.664988748772569,7.880260117082948,3.817508988452784,12.754061291833404,4.102473117082754,11.709917845308576,11.309115568489034,6.10604860488299,10.314291066591597,10.697609630342026,2.037573985627443,12.301583669775734,4.566703696608131,10.202843576697141,3.345325444190693,12.468108118720918,4.645530793856763,11.153723716202792,10.594393809936898,10.496924431062922,3.6862556439776513,3.555153158350394,11.919247280599336,3.6462182483859116,2.9656331324411127,10.463822928852101,10.317419919108158,13.76854202729525,14.485897730471038,3.8430772639644553,10.703911369696645,4.568111406836955,5.726408701550132,11.976662789018047,10.483169160144843,4.958986279432437,3.5191897233478198,10.202517726989543,14.259340542492975,10.296193804598635,10.620237380313895,4.511597735863945,10.423999814333085,10.454833175802483,3.455803890931033,4.701026123193561,11.382486824141736,2.8265614711048177,3.9465736124158224,11.448938267934414,11.524696035497222,10.567466360064886,5.064200357182723,2.865331015161084,10.575617686501388,10.50908750553127,2.0311917395710597,7.046741434406108,10.553971543510066,7.805082554017185,12.470477905396871,11.740821725329946,4.240676423508324,6.223711351935446,2.949974177164658,5.701272083103623,3.830595906300506,10.411025130054194,10.487524300830835,10.285517884442887,4.624722750398535,2.777462509418003,12.047674872585796,11.525182132619278,15.704376834304416,3.475608937235385,11.01985300698377,10.411060438613754,13.14517295027138,3.542372723103259,2.793747045426857,9.18561050584483,5.916786402103163,13.100524694651847,3.4570737797274873,12.662193751968793,4.0912731319395705,11.366671359185386,11.297169020673037,5.944293343885593,12.215385250145449,10.829611242667243,0.5215256669038035,11.287986996015682,3.9926598203640236,10.224987222065389,3.4529890066100357,12.375177055054888,3.2285558091420565,10.437084221722268,10.661076742086866,10.413388523893587,3.841357574998693,3.927101897912741,12.642904343631649,3.891299531248011,4.608475783612588,10.614162709115066,10.157628417908747,13.523582253269302,15.135236428603374,3.0396622971011986,11.473483602317962,4.6517495189602505,5.284359995270826,11.801459229868584,9.938104607741407,5.022254177739203,4.51050515233296,9.81684236855301,13.168839554996396,10.469348499410616,11.441644824956974,3.5012575796598706,10.478559383784347,10.46220072944963,3.8114203452226363,4.667252384333154,10.490513083635085,3.9406454953354264,4.684922018079879,10.559341112451087,11.473916047878898,11.131770643983097,5.262721083807483,2.9305637108319953,10.47283053484971,10.513561007083373,2.064946299414994
18.00000059129173,7.505150219076416,10.25131669913465,7.799969571599196,12.215358822391297,11.705666817668707,4.430435431736849,6.254165590692618,1.9099877389522373,2.8223125982785486,4.902016744391595,10.48266106345561,10.211721644379656,10.64501190929351,4.3958948293766635,3.7939022325250464,12.234217353627663,10.4058203878454,11.456122649288437,3.3373680386188247,11.335397327964454,10.074304396812684,11.757861534755799,4.030422846762554,2.529147607851161,17.518307716566913,5.637647897791283,7.9674052607920824,4.592377523784975,12.571987417296969,4.011720283193328,11.608264715522838,10.42549665917825,5.897748380712617,11.427706204134005,9.730232909545668,2.318488349192918,12.445603563073378,3.0386761734171213,10.3903638794913,3.260173904925559,12.454858391908635,4.584887737380038,10.633878093760252,10.606444338545273,10.579424078306815,3.522084856742709,3.364096322315418,13.767158688068962,3.7725065557746236,3.2407613982770838,10.495371389582704,10.35936343859612,13.60850095919713,14.89726814052494,3.0350084318502883,11.470843814910602,4.737634686834354,5.786305680206213,12.891010684260259,9.86747406511936,4.872873349510725,3.4968648596695817,9.790075937128927,13.480992716840937,10.444043484314077,10.147036176563036,4.574789696641751,10.405047924580165,10.451596956085314,3.4861858472439664,4.731093857932451,11.341323050618513,2.974446944375471,4.581204008093449,11.546918571501429,11.466341684983979,10.426591450137952,5.00907758189363,2.8304823492306435,10.478275710103011,10.429950628135387,3.2817143460567095,7.5091188165559215,10.522032899034489,7.996444181452207,12.254437267891886,11.721024069429522,3.846677960750122,6.237469999176716,1.3513234245531407,5.665580598212212,3.79923978814257,10.44193319052078,10.523620460935653,10.38638119982587,4.652803272530377,2.800278992058374,12.56047824335139,11.443385548746653,16.369512357198776,3.6259946656675597,10.747725224541991,10.379500914852983,13.434259104293403,3.5266025839582524,2.526037998260891,9.091194521896416,5.807496044325939,13.034548896578075,3.451913223392118,12.795284307770377,3.971202319493597,11.53100792809669,11.397829748880243,5.897112318825234,11.223878608033136,10.7316520547886,0.06705968976532084,11.013698706127306,3.9113845621531023,10.192844128571828,3.3867592582244255,12.450292822142394,2.934284496643513,10.389062357238762,10.640328474770529,10.618741324085894,3.6614038808777036,3.919225053721214,12.433077494397331,4.08094082805845,4.625433937008196,10.521845564413487,10.255146816548338,12.117490174495194,15.484299620351884,3.3760970493315225,11.407240724937438,4.660499034971716,3.9777413949731777,11.326737704226856,9.852889952907667,4.946821478123749,4.6299504470242,9.981121408466839,12.861095078684457,10.388854511153646,11.448725042027128,3.4470354703532693,10.45411213825465,10.441518468773992,3.418781633340166,4.695458262868516,11.455934475334445,2.9745274837239193,4.743159830370071,10.390473320345436,11.50948423523301,11.112962021144451,4.97510893827548,2.904298766609001,10.483552433761632,10.419154566956498,2.1287458085866873
19.000000624141272,7.085460544364365,11.375997695543479,8.194878256786762,12.383929125263062,11.484693512404537,4.154848742082337,6.287299003532691,2.223182905623146,3.089027925201088,4.314020281416839,10.53892335101689,10.446469897503379,10.365027972125556,4.585849979950139,3.863231409156947,12.227676429096183,10.472666380759653,11.071417013889647,2.356846789343625,11.890490763064628,10.347478280221887,10.797185645838496,2.8758809617869945,2.5328766112924757,17.268374513936706,5.77593448092623,7.838586228006098,3.469829259726036,12.63079612674274,4.069665295570804,11.608504050588444,10.422166417470713,6.005718574660932,11.244512049486321,10.875547800898469,2.861781470006899,12.296931226472053,4.940615139029357,10.13931942079727,3.0845944426514214,12.570372680225395,4.895017825730832,11.573924853055543,10.468713770646946,10.437374721045149,3.7596073374207695,3.467484942796446,11.780433060547663,3.988486105112753,4.590113091161673,10.426703763684445,10.274062234415362,13.636649989905514,15.23276776425224,3.034674654643143,11.45634759119475,4.639588787141111,5.487776767609344,12.703948848909116,10.111704829877317,4.867373559853893,3.599731360206977,10.34137024258123,13.115034056237423,10.40283541023174,10.541347487140769,4.4943762930386795,10.43005981073503,10.457055498063111,3.260643772810204,4.6631119411935416,11.404958586578589,2.8879359915909597,3.6200239388947018,11.533328189141775,11.341831243471077,11.32849408275757,5.323261402253278,1.767226527683229,11.54434950178195,10.470389056610752,3.224469456359867,7.416410448843648,10.261663093247739,8.109574677915234,12.184972730306148,11.705899651120376,4.293974871035881,6.334261388267922,2.8907501379319984,3.5756778261266318,3.7700335268479646,10.473440475958322,10.200514809410558,10.757524891543646,4.646325803393593,3.824645393363245,12.631142474279864,10.502272182697356,15.901911879457721,3.2668472315640407,11.24717617630453,10.382818640416415,13.043859658848493,3.48427364886547,2.770236579379881,9.39812779110532,5.875190895646508,12.374548008973184,3.7281186053991404,12.63525354736791,4.016172181519729,11.717714534646575,11.283460849535139,5.928401087381067,10.827088103368547,10.802068142273503,0.6750264734469564,11.095431475075936,3.956748852789153,10.099810645654252,3.240313660950891,12.51310589704349,3.1307368466121854,10.37170897372638,10.639356813734004,10.470916100466773,3.775435264971763,3.925919315963004,12.486369819258517,4.039834238759931,4.480146677634092,10.614312524081118,10.301924357192217,11.941348132310635,15.078572563000268,3.0717401808915037,11.46223787866845,4.553695570106227,5.991699101973937,12.007690861021374,9.888794719032475,4.980995651697083,4.6437876157936975,10.051166091022777,13.447507198317155,10.543591094367235,10.509146214683827,4.721297846981423,10.398588034247629,10.350719631672652,3.7521515590955783,4.679492850621803,11.474852831926368,2.963016149852039,4.754679954913944,10.428071902789048,11.482489703172693,10.933385590981645,5.283581560812244,2.921915148229066,10.456523612710187,10.474996916703315,2.1410459245231506
20.000000656990814,7.164733959848886,11.357240274341251,8.033483636452447,12.248997085108337,11.717317340828426,4.2076141387321595,6.3323267022686425,2.1483930939826417,3.04134280737957,3.7854785846036947,10.559746686871506,10.190122026934768,10.65795542483782,4.674451791392517,3.838718473906774,12.332774500100664,10.404032309616523,16.169822105080502,2.724809527767552,11.667828591681698,10.350546187555889,11.979625375561573,3.751468936195178,2.6860899119443524,9.677171403032965,5.708880365581332,13.4257745589259,3.4877571492827246,12.680504401578299,4.042479317085134,11.284691981666018,10.529498655579557,5.821169750159587,11.897858091508448,10.973868246089246,2.8756229742444024,12.081403838165716,5.256123123350186,10.299050689768084,3.0966805715125454,12.580634404393411,5.307501618551368,11.395722942398162,10.49322006452647,10.415612172510752,3.4332397498999088,3.7045461130915847,12.147992936893173,3.6931907723889164,3.636976643024798,10.475840127986617,10.305637688183731,13.391847104148216,15.198057903964449,3.8254322628450628,10.735605342092116,4.657078096973068,5.01892646229602,11.979435820124637,9.918371059044746,4.844713549811601,3.5435224535293743,10.46298373123887,13.546074339607674,10.389943289747947,10.575985336784928,4.510222510460738,10.478230036914994,10.454526580459268,3.152039698686645,4.659822303246026,11.438748166521965,2.9241666630695593,3.6256578665460233,11.538708354593831,11.508048237100546,10.604104332076036,5.135738731164193,2.970257614608491,10.604798415453088,10.481596052405308,3.0787712634726936,7.545905372490253,10.554915995201151,8.05972651098976,12.334360544403292,11.72245169312945,4.094152945518605,6.2629183595416285,2.515733691406626,4.335232140187528,4.1945617072573524,10.545567311316018,10.490500913500492,10.336486738421256,4.617564587608641,3.8526027322276737,12.289920794639503,10.38784128854606,15.624879446815081,3.2691722214505172,11.097398092574897,10.3884511653168,13.309809406535024,3.563704829670459,2.347735002539356,9.244668786691543,5.654828299044864,12.82642241573936,3.5514514054322515,12.720826904958855,3.8802102186138003,11.649028683724252,11.41820539527124,5.9406363673136955,10.893471605660652,10.969206404713418,0.6033482968696133,10.890820454788317,3.859794768697879,10.222164323853736,2.8915429228816847,13.275334574901825,3.0022971447154303,10.371536963150522,10.866603632703951,10.491339162707408,3.822114698258021,3.922284685670601,12.787087323307674,3.882876640510754,4.366184892130931,10.697972066559627,10.519986457158952,13.582505368721883,16.01318373046049,3.9585147694977607,10.601409930481084,4.668176662471035,4.531940392563683,11.979187193110786,9.998126634214973,4.856918970172848,3.9587851127108236,10.085789954960175,13.032134516082793,10.380330087375032,10.479767962512247,4.546008052318101,10.438883424645102,10.452574817286969,3.8797917547452427,4.65561047007929,11.433482631383445,2.9479006472686304,4.718793726945776,10.421896116388465,11.50700129786349,11.193295725654155,5.403234472192781,2.9683835944442016,10.45543902665571,10.467375430772778,2.2018555504687276
21.000000689840352,7.223449087386495,11.440401963691247,7.741340431746888,12.921779835406099,11.157221791323751,4.198519564990428,6.2760331431883705,1.9217456312597487,3.2374642638563005,4.762423454339154,10.38562085143756,10.648965357184313,10.434957476572654,4.628167485827072,3.7410141698009403,12.218646201684145,10.465193444919285,9.954156061279386,2.7590821728129047,11.360805005399259,10.410742736133784,12.626950951742142,2.8544733888426457,2.55438518190241,17.054837987796983,5.670768446064852,7.8980512835721095,3.4722067114312694,12.335887538116065,3.8189680074145573,11.621329146472464,10.425997482465254,5.979208405834475,11.0630125752557,10.779706115650482,3.1673107583218063,12.162390687357698,4.847636853016938,11.196120775102802,3.4343778318421156,12.432304029186753,5.118995752843258,11.516705093955645,10.375104089199786,10.460382902743376,2.8701470147508807,3.311961459047457,12.05781760113973,4.147849749480371,3.598711979549489,10.385829855195077,10.184740793783508,13.2182901990803,15.125057478890414,3.0784750673814125,11.400461723690288,4.865895525804052,5.334317962299718,12.011283984518341,9.918638925223433,4.950356646172923,3.513183718116185,9.997821573390619,13.102726169690476,10.285415711775865,10.443435588449862,4.610994553211659,10.417118591018705,10.452418754527447,3.6112397816759056,4.6624153104731345,11.424516330948991,2.9131481781798367,3.5525711690742843,11.54398738198633,11.475774185500052,11.070313265409165,5.03249504012306,2.9500124774389365,10.727237035712513,10.475281018272343,3.2496224498091077,7.699655427133478,10.454003477127696,8.116051979873017,12.19975422035837,11.441347471745527,4.761115226794991,6.065575711118942,2.9947083676917012,4.923041706848562,4.225439351329497,10.542849036319978,10.22632477455064,10.866845352525617,4.6511946826058885,2.888781686774139,12.448355595851922,11.407532440187813,15.113372497549816,3.4737140807933335,10.725718039196169,10.401084816762204,13.105070646946807,4.241932290310268,2.5168869717381837,9.230097676542062,5.916918312998162,13.173162606096723,3.558460330407917,12.617621748674223,4.000614335973297,11.575222541413684,10.979224596322153,6.037905244937586,11.513786759826864,11.07036517358537,0.12525445901018784,10.818987877955967,3.4597686018893423,10.186365474115439,2.6066522400131156,13.235079720907793,3.060924290128721,10.464537779464086,10.714387026772943,10.258483071579748,3.8484220872234625,3.876800528233243,12.972990492432,4.803081758236153,3.7784554495120166,11.439489948100272,10.390408497230545,12.30150732977087,14.72961090661979,3.982507701632907,10.476891773349815,4.575065492658155,5.316452959469687,11.174683909998981,9.621219881596245,4.507650717638605,4.45735845385469,10.713412105318735,13.558075525146672,10.58366116032488,10.302789517635121,4.715596232645727,10.406510682597755,10.441993498770014,3.4359365152520955,4.658183068319193,11.484239907204786,2.9177746967581975,4.855592391353773,10.556814027686752,11.576455191253771,10.13715697263636,5.346092483378817,2.8625701957883276,10.543421621208509,10.54335076040878,2.2921918674439827
22.000000722689894,7.068123537254015,11.390905456443503,7.88700472021251,12.937545790118278,11.839498496229632,3.9579650036546843,6.280758772023273,2.0598136831479077,2.7112770615153705,3.879646878740436,10.527245559538386,11.249064586655278,9.81875490194088,4.659069059643832,3.9095932197232255,12.240811008049416,10.371071336639808,9.939175361994293,2.5952376119305267,11.35492977480557,10.452625924821136,13.382596544501899,3.034884523020302,2.622685148586158,17.065963792223698,5.650160457044263,7.915488619844763,3.453250496600084,12.52235979005939,4.091655078092887,11.436854841608412,10.409032546124454,5.916508897469891,11.281503937117908,10.979615717302242,3.014847510745329,11.869296696881557,4.674288743485896,10.329348149538886,3.592598830597565,12.554194146418103,5.236025844808709,10.649430796214167,10.281288926500057,10.439967976925074,3.798007493263057,3.449811504495714,11.544077231054517,3.699876268148335,4.561942252031007,10.553418710624081,10.266248910673186,13.7136447327289,14.56134451092642,3.074324182138961,11.48330227396422,4.764497944273139,4.9006925780996,11.879208714931375,9.701333079911965,4.988515376843812,3.4998047636544074,9.714851709360737,13.471205145202713,10.37143534041828,10.613349966199436,4.422605397759777,10.452757893238056,10.452149695020927,2.6787067844199277,4.82601933205817,11.497701998840723,2.6637391815990012,4.586868448261515,11.582987331967852,11.490605995473622,10.790397791283683,5.358520082683864,2.3194463949108712,11.081871406595116,10.467798822042242,3.1487665410156502,7.590859205353698,10.331194763914993,7.930225125011652,12.972325432652315,11.526967838229519,4.342381213690729,6.181141111088624,1.8467135230116194,3.3556444979368756,3.8742998268784836,10.529213467647919,10.434901039195433,9.800039146337914,4.660910222179657,3.8427955958658244,12.280804683196681,10.421029667082747,15.701028988584445,3.426983011518662,10.948190592609349,10.421695188442934,13.742527755301218,4.091361120789896,3.179618805548027,9.052292951744912,5.6060625237376005,12.748290565396204,3.639693705272924,12.486514443261202,4.132771991942367,11.614861588706002,11.222819081090067,5.994198449068247,11.302807938263307,10.690762268070818,0.6409509331390371,10.82669391526959,4.5098007291488145,10.258575628460797,3.1976857686747,12.584694250860776,3.212064730990685,10.376182825803989,10.532004105380643,10.413263265962467,3.7582888749544674,3.919567410290766,12.700762971214788,4.689687761789844,4.485542568479765,10.737084400024601,10.470024015078469,13.609606423840848,15.223409923926308,3.9474645331880684,10.536232112133352,4.51508325503149,4.450813489452816,11.543000662125927,10.07295329287536,4.9589188064407,4.423948358356503,10.19211740102487,13.316855555673529,10.72758981110421,10.576211902603555,4.306504715741886,10.39114413814116,10.457252949614512,2.941668644820372,4.696302730291273,11.445293804076234,3.1545919119334935,4.795482708653269,10.592856883353258,11.547793451301667,10.302455574800682,5.3478479424733845,2.773008313037462,10.548621121519831,10.550156350190687,2.2254615805963445
23.000000755539435,7.357619096584128,10.585936388532732,7.5702089494499285,13.110637234555329,11.481420025638936,4.851061873112925,6.282597728590716,1.8419812933980868,2.9251079880313933,5.687063777872318,10.368364170046014,10.654421014764763,10.59775584530865,4.637778253947378,3.2990355398277855,12.583442440133638,10.522936684617306,9.6722692478844,3.610466675254457,11.543742522498713,10.371156228043759,12.858969869521085,3.1277526173231642,2.627836319526596,17.052037801651288,5.781065392579703,8.004544267685962,4.556468094529093,12.394490418153794,3.9287750817923928,11.482398842721146,11.290836868687933,6.080559438519712,10.858060431166482,10.066884841213444,3.2082611169869164,12.118082297512522,4.718181193147372,10.398095629546223,3.370457544269356,12.514709092795105,4.946319715289929,10.596578212015249,10.496994148823262,10.457276343471321,3.6785758869635012,3.5472443929114448,12.178709350791141,3.3250469761125263,3.632207102064735,11.336027352513529,10.313147331121364,13.763889641937933,15.647633508694348,2.9569618762479353,11.457085439061519,4.797314770945396,4.774808224924392,11.481644290566644,9.522608339381955,4.788353380586485,3.5237138043222362,10.250015630587091,13.292248064870437,10.372999937932097,10.480779775761722,4.6137446431738365,10.46498220721392,10.447398158324054,2.7612079706279298,4.784414497819799,11.438145272172386,2.8284619600615803,4.60830267537835,11.558549426960056,11.505617673314463,10.666814947508447,4.8477083629432425,2.848701025977167,10.718487892346054,10.477183260694872,2.2794796629418843,7.509973551572673,10.379094788532688,7.997352135326529,12.480735462669273,11.503372997561259,4.305627090473279,6.223171776854143,2.096340871950157,3.7379236957908732,4.0480738966057705,10.413110822489434,10.267377150103655,10.98115368087886,4.720414792665051,3.877822181426496,11.736151295255004,10.56857453654122,15.709967930516218,3.4621596821567535,10.637856563355722,10.363047882491857,13.114994587852376,4.186342870189569,3.115048226527438,8.640528732729383,5.67252201037797,12.574587484042754,4.4300683729778525,12.436236143245253,3.8644077149188156,11.581629093872385,11.290345363673804,6.036325683923609,9.505529497318792,10.079613410016716,0.5904598126099809,10.91100769722338,3.9619015756954754,10.17350580988707,2.638491067338165,13.358802792058455,2.7101407985508814,10.40389846479444,10.740028024475032,10.439312276869176,3.811382742097054,3.943990166243873,12.441378179412528,4.5895464661708845,4.862644931405537,10.700085248434261,10.549655991859305,12.111902098142606,15.389835614732934,3.915245307256948,10.636395406181366,4.612597555336855,4.649911931403759,11.582686832733975,10.687725076471336,4.836321963613071,3.439323588354836,10.613821394472284,13.396475952259916,10.454140604610348,11.307952039076747,3.723796694966589,10.418839500772831,10.456118581935009,3.3546285747934244,4.685602804779971,11.368873335900727,2.936350967689584,5.280172343878677,11.54152173808604,11.547880156148087,10.191628476420101,5.193695399427078,2.904488677549741,10.501701145136437,10.453496471169055,2.2255466014288685
24.000000788388974,7.2742173011165905,10.613087971505482,7.568557600368177,12.482033624273116,11.60106398520175,4.623043680684081,6.3383069441739615,1.8231161531572722,3.2279500953174622,4.521490558940601,10.390104670218244,9.890377316217272,10.94360882351114,4.5976305955733405,3.7658409221280116,11.981800194505652,10.416250131167,11.256039871493075,3.2690743297970215,11.88419376122826,10.444020359480897,13.619753382257834,3.835144273406019,2.609084810519413,17.543621981668114,5.503119195741415,7.84273061581074,3.015677035964127,12.539797342208827,3.74913342049142,10.958117843455797,11.295248878667522,5.764054613548764,11.653908638386046,10.883329937903142,2.66846296359005,12.229314932943613,4.871238355822315,10.818248507253116,3.159387762281635,12.5600478911838,5.040186244985733,10.60682047639582,10.293453458358202,10.50850047423937,2.758534612771487,3.404764091511008,11.814774241974973,3.510490496784777,3.6856346486268863,11.467066585995976,9.609300913174046,13.329622572453315,15.352629263872208,3.474228997300788,11.041649485707186,4.762910154845102,4.953270859903615,11.675167157291009,9.963193864036413,4.9869506536756605,3.6020612216767356,9.537868769540852,14.414061247529892,10.419891542162254,10.53064054500037,4.569447948252632,10.32770471468538,10.452777772267433,3.956388747979063,4.640213725845434,11.432667083334646,2.9707950518575945,4.560631292165549,11.444055854825516,11.460535136835837,10.082799340587123,4.822618536584438,2.805147026471199,11.754342285651926,10.430978219316067,2.2530768447147063,7.2001597754322315,10.476796310612666,7.835535424394873,12.348763093370346,11.610303012354928,4.425099085672514,6.258572199050443,3.7194557039799885,2.888904206709339,4.110459793088668,10.23133682026827,10.232528885682354,10.809049338077976,4.648647374524963,3.4838694855708803,12.22181529782446,10.37284318764808,15.907751314464354,4.0692575349357885,10.784688726299521,10.409759086241836,13.104419216542134,4.658621567332378,3.712847264842473,8.900811831429511,5.7329279912242495,13.507732232903232,3.5168664194203583,12.73842672889599,3.866055796674308,11.653521439202036,11.351257698462996,5.8792757226070576,11.244497703823352,10.900009060146154,0.5008114064414029,11.025805509697982,3.715770868111774,10.364167254867924,3.2705796636110263,12.57095717762086,2.5909516158597663,10.531464083862573,10.524277609194476,10.124890123822137,3.4281311777380714,3.5277061972274675,12.618653998094961,4.542061731375835,4.796236845638694,10.708895611242541,10.304815563383418,11.823794123244756,15.029540916532518,4.047935337788226,10.542764105191171,4.619584910532171,5.8757384858445265,11.507104648574385,9.282466692941249,4.957778294548399,3.453165876693431,10.47471021357134,13.950077316927583,10.426291170771536,11.406792494279474,3.549301404975093,10.451284990034221,10.416213260973832,3.9287178101810727,4.776428635714383,11.40310412847084,2.917093248255604,4.985915450609958,11.520043540748889,11.43100837258797,10.159847680611314,5.160246135227131,3.1556214604766084,10.49654313906492,10.389206031868653,2.1312818511760576
