time,1,2,21,28,32,33,36,43,46,48,50,54,56,60,64,65,67,69,70,80,81,86,87,88,104,107,108,110,114,129,132,133,134,137,141,149,152,159,161,164,167,176,179,188,191,193,197,205,208,212,215,217,221,222,228,232,239,244,245,249,250,254,257,259,260,262,271,272,275,276,282,287,288,289,293,297,299,303,304,306,307,310,313,313,314,315,334,341,345,346,349,356,359,361,363,367,369,373,377,378,380,382,383,393,394,399,400,401,417,420,421,423,427,442,445,446,447,450,454,462,465,472,474,477,480,489,492,501,504,506,510,518,521,525,528,530,534,535,541,545,552,557,558,562,563,567,570,572,573,575,584,585,588,589,595,600,601,602,606,610,612,616,617,619,620,623,626,626
0.0,7.53342884868311,10.52875011695674,7.660311524884194,12.13234498912338,11.40469733897387,4.549501281685321,6.31755990351266,0.8676249247389558,5.199152046462487,4.966783195551003,10.520340700654756,10.310921850463746,10.912295877090521,4.592669913224064,3.9581382455352303,12.634055028478175,10.526293117450457,15.596470698320772,3.3088077018989694,11.860783623742773,10.404185372628369,10.546035884378213,3.6612613900562487,3.033155196531174,9.0680319201809,6.026848751047717,12.62466862641335,3.5846557374822217,12.450708666161038,4.082513157736693,11.546102437042512,11.199765057108946,5.986012024264157,10.899440519193343,10.686426644258718,3.1391406001647013,12.316074131974705,4.057307628025749,10.356132184022293,3.50699747056592,12.397805776521608,4.647759455172453,11.138491557030314,11.100328653358797,11.449841173924888,2.859241683244586,3.7389923614663463,14.571464176610297,4.794981877418307,1.6009072151959405,10.452584840187528,10.90083712176039,2.4932589130969625,7.107480786277053,13.182450651076659,15.562666737980912,3.028691083780008,11.470865192092342,4.138309536758345,4.795576125637969,11.205160627399023,9.303870821235853,4.148347256273962,4.470550168375364,10.516265655925743,13.838975793867414,10.470646645829502,10.526319601312203,4.597227947839254,10.418421506895585,10.44745510516268,3.6604655082308284,4.647557871566323,11.330006202611411,3.0137958761505326,4.134853315147684,10.59869507624193,11.51642606815604,10.104187469662788,5.180853474248624,2.8274504027667073,10.452530103091766,10.446784073186091,2.4453672558859245,7.156243922547038,10.261081384496155,8.021497886043104,12.328067727910426,11.876279928996288,4.19193302410188,6.264173478509492,1.0490346388361562,5.094770219374778,3.9396473709401554,10.194299437307768,10.641239697967645,10.53278791769294,4.6402466652375605,3.840069214759307,12.364881399178348,10.567495553493716,11.418146623340172,3.551590018390718,12.065677958784057,10.41985705645249,11.21623969590825,3.8469682667764538,2.6608863042207447,17.77880414856004,5.555179407500179,8.172619711337482,3.527288308718221,12.83156738874985,4.940420548888698,10.467388162326605,11.335829353572072,5.867248751157693,11.610538182547867,10.8611143246483,0.9592689895463846,12.551712619181497,4.645825899994657,10.172192864083272,2.764652009521075,13.438509126908547,6.465197846598924,11.45563330977881,10.956819592492634,10.450629589815497,3.7485649598531654,3.4345178792646314,13.628087700528932,4.6331304326874,1.380720239593865,10.418687686862691,10.775024086861583,2.4191536256468638,6.701228515930123,12.266040799769975,15.676930595676769,3.9153136552000296,10.596790052240761,3.9464977809164012,4.195380816895602,11.64947779423573,9.565293753457649,4.797012436613669,4.520858946480999,10.565926965423904,14.853445908165945,10.403933601244542,10.495966874488008,4.6096968453764555,10.438650686799836,10.459140284830273,3.2201924975774014,4.655388823874572,11.441474730807016,2.895231584939347,3.7868825295971638,10.562448774304393,11.471558115946468,10.270975465981541,4.440519410279452,2.8686156555504914,10.901522380403321,10.391672561125942,2.2390184970722364
1.0000000328495406,7.47546901530272,10.407667498473815,7.872662439270568,12.249190627487165,11.423315045221171,4.3437793302538195,6.313305623403676,0.2765237269488725,5.0722134186333125,4.457791563473095,10.607432088213198,10.585717931434482,10.578083725571508,4.580231522512544,4.030883500694041,12.593706025931878,10.46719541002974,15.699513001602577,3.258017115801658,12.09660468519304,10.418020885646177,11.691108469096823,3.2872144408589143,2.6882890709460376,9.53443386438445,5.991054362329394,13.20131909641287,3.489239959655132,12.616105756464531,4.108082833598427,11.603900273741404,11.356820144123287,5.86655478651918,11.024891369068088,10.822466260771373,1.319902438802455,12.78151539820396,4.808720422299978,10.297179327337249,3.5963759362125356,12.386706389511113,6.790045375799646,10.542019687490312,11.076263054301007,10.749640884207118,3.747207336772207,3.538163541749901,14.43463220767852,4.762649765727292,1.2547407844906608,10.399394715496715,11.034173346714981,2.5746350594701606,7.69794066572646,13.471547297147577,15.144652570708763,3.0132532625013324,11.474416325322062,3.8621126740945995,5.927569044115123,11.793987404207444,9.87407599570454,4.356393731043633,4.485411602878085,10.636337584872784,13.506990303777965,10.3697688001263,10.582435867451235,4.541166198452021,10.388476271171188,10.441206247710747,3.2734767429030773,4.652353765664046,11.436986938269788,2.735618545335275,4.558252327697773,10.552035845834563,11.508736108627062,10.272084281236287,5.246503535265657,2.903412359882056,10.510364066985252,10.481393323105248,2.2158558759611644,7.198739978672457,10.368988992009458,7.676959100727133,12.218588344016378,11.655075809406847,4.0754696530768415,6.260144394451454,0.22596341499738637,5.170356325608776,4.085963193708823,10.209344646899067,10.915531291984395,10.114719143674568,4.617764561327069,3.5889149247182384,12.661335776666954,10.64204559503827,11.72550328798232,3.3417307749575427,11.985485438490644,10.426916322754995,11.076462346034573,3.084989594735548,2.8009904295644983,17.45043363636108,5.785165525965173,8.214291202162572,3.4643629002022402,12.638284005304957,4.500559015543892,11.479185322504465,11.396143426771648,6.024621607368738,11.308266261423308,10.933507315013223,0.8225079984761436,12.571810706574823,4.396224186404823,10.323801151104181,3.0620674626045385,13.397589621381183,6.464297243289568,11.538904733951023,10.80543722617267,10.442705216887221,3.811692030234195,3.4312753322709915,13.17304817848572,4.118623167663295,1.5988787324243094,10.467457421937295,10.882061954998038,2.9611078728690328,6.329857347835647,13.708459759059584,15.188989896493954,4.103154027670582,10.547647020297823,4.634841726553459,5.551058477875657,11.98155139762627,9.994903109690913,4.0743086663630095,4.496328551542052,10.294376219203421,14.022108186314188,10.231275503703873,10.516794254743129,4.5540698256215455,10.396374159121537,10.461743301712472,3.4465608362500797,4.651543817982405,11.424081594908811,2.956737339401696,3.783334705595143,10.526285093947319,11.46443454139753,11.136964512316455,3.827433859333788,2.8335513156391094,11.900941360232922,10.560528119377068,2.098419010121059
2.0000000656990813,7.57853654349124,10.361736969385536,7.755260860870884,12.290336886816304,11.889508708837889,4.58646322925373,6.334944634367537,1.1661928207699757,4.348310650726954,3.9666669639896366,10.464090624387838,11.002968944882982,9.896189713503512,4.571670825516839,3.9705518400363617,12.300549914575384,10.514093985772243,16.210112895254138,3.4634473379695643,11.95699519270191,10.407256959086727,12.423088565993861,3.8871460577392583,2.6459217338437377,9.444267076552585,5.873928243995307,13.107952356875568,3.568149471895617,12.898450749731333,3.945781453706389,11.656972715004535,11.402555385390434,5.727163534868225,11.597223642624721,10.801958721815407,1.5841539002135812,12.58844207501259,4.311782133390741,10.198371471251525,3.469640180401429,12.339254197250963,6.732572810181435,10.572344036394593,10.627013012169156,10.608814882904188,3.7482890525875665,3.3348085686074356,13.719788876024394,4.851327808796436,1.9164137383050903,10.40328141354085,11.01548323984723,2.582495015722723,7.843090956091087,13.255368303418422,15.259626296844836,3.279665619075128,11.330524615358115,4.2757541556159,4.614178265032094,11.526843565094357,10.040096300009026,5.102930036651334,4.3667381312078986,9.443036519227524,13.106283702279038,10.427786996396918,10.526440322770394,4.590716972438744,10.36419204317366,10.455425041406128,3.696120898378899,4.652249208502705,11.419011713452333,2.8729238991053547,4.6175056652363,10.600744524709832,11.539602204438484,10.480666139533394,5.141258544664415,2.8475089187178995,10.407274911876629,10.48091820549161,2.22323891733604,7.320948381578411,10.39914393589183,7.912571211944194,12.522255204917926,11.87983254018728,4.409908970850784,6.3087341188108095,0.17632477700178817,4.992824697161106,4.240900533022938,10.617919951720364,10.570359468004416,10.417026049972215,4.651087435245387,3.847037287044172,11.953053165004436,10.563856019198465,9.949368707608771,3.5422934165698714,12.223117321956178,10.416781244609771,11.272581662835385,3.315667826918608,2.786869345767881,17.017899346101334,5.734841926128902,7.806163579495955,4.384810253661642,12.50731119804977,4.006362300623916,11.666598614385657,10.46911934278693,5.940045497989301,11.154825115538356,10.062386012588023,3.140312405877115,12.264686946143296,4.641206561021806,10.131718931938478,2.82687977855137,13.236143912368936,4.722251786016993,11.443127010945894,10.414396337018339,10.377523672433522,3.8522201643602987,3.397631859527316,13.367930602317093,3.9914345267395004,2.121230317600061,10.480137064568906,10.807771725682123,2.6687149679593105,6.737817911328498,13.513238889822478,15.000552472664712,4.229031064642381,10.588948873951212,4.558676004747526,6.296122875473941,11.395436986187539,10.045158858660571,4.815361663936589,4.454956970814466,10.30575904747612,14.467976329538574,10.219459125911673,10.41060080329047,4.6717736645791375,10.402183727627369,10.457117803994805,3.669418543853888,4.656694847900387,11.460277119681368,2.913504990710628,3.689274551515386,10.581008698414976,10.992932239602503,10.425376999019983,5.408533840899031,2.13516174884948,11.558508860629452,10.479560072948594,3.1609199200156786
3.0000000985486217,7.478720847610919,10.116911391202075,7.7471302750686375,12.27200860552964,11.406420146072838,4.3176044887795495,6.320203594370608,0.7115156158628881,4.977595407225533,4.936199067907948,10.387907908433139,11.30506641493145,9.638920531952753,4.597327163192089,3.7557366975717414,12.37375215670286,10.65125038130507,15.934478897427443,3.3718822210927306,12.218071197709618,10.427535772983054,13.831890164477777,4.105507714645798,2.779570430417292,8.978899880368905,5.9544196180151046,12.751752030813687,3.4728670745909023,12.745823897818555,4.08432564910398,11.525667457057445,10.359719338083973,5.788861286513723,11.110083571800057,10.956493717081246,3.045752836177562,11.046922931809991,4.209025369715952,10.184626744699695,3.582898323405138,12.3667183649755,7.052602302142386,10.566964673379566,11.179658415872007,11.466319270084306,2.797229216185593,3.347714731901724,13.975492632074566,3.754792449783884,1.6676178806309534,10.365269786385978,10.321752399203728,3.2255485547634972,6.968501998655842,12.183380913110199,14.993420992664925,3.0350157158001174,11.429571397900123,4.642932217126264,4.748640877025878,11.105634200815505,9.640500535053535,4.921495232734664,4.436535020743345,10.400761643747554,13.048398705641842,10.401434803691982,11.463798485546475,3.575885716755816,10.376724689798404,10.48918247697365,3.8381443788050182,4.585801585506869,11.424765729178338,2.840965486451724,4.579179997846359,10.605957612705803,11.490530837590358,10.465269373831687,5.3512559007855645,2.815808281908793,10.457217723860863,10.47628675106666,3.218929628374046,7.255701776993942,10.461624636916147,7.881405758557559,12.649709570180278,11.650794855235164,4.381410628646485,6.18440532438249,1.8306575908455296,4.682414472583146,5.257731066879956,10.444303790658145,10.667284580661395,10.598199064227344,4.59221358156847,3.722225579517651,12.874705997317568,10.611077353508007,10.205721721973415,3.7681564782411856,12.014769409977248,10.398373034651938,11.222320592443538,3.7253028368394827,2.587434323782133,17.497264345815278,5.965935391286116,8.39693006231671,3.5004685312258217,12.423061792406397,4.8652995112285815,10.563258687626908,10.447552745357923,5.856532315993109,11.608583937824017,10.942657389769211,1.4260047151859976,12.489583841797636,4.68884825941249,10.301254235407287,3.514614675861349,12.533080693518139,6.392736940433365,10.628675541988782,10.600138935438599,10.33387856615748,3.8576242053528156,3.303953716489839,13.542593448719051,4.69476598523898,1.5494771294725391,10.427365000101064,10.91184687636472,2.8493550198930113,6.768599636216083,12.485824283890206,15.952222826670528,4.207188052572629,10.565613403453593,4.560255365212499,4.186504536781102,11.292943666175557,10.103970019070886,4.783794353054354,4.5658852389629185,10.50099850709657,13.865261652846248,10.188638339738443,10.382456711222368,4.468092553461953,10.595951124318196,10.454784256492783,2.998474264840846,4.635461373684071,11.423888645682267,2.958568081324061,4.579302197518881,10.614162490118261,11.520456091720932,10.518156041130506,5.232719337391821,2.7984638336109784,10.795774800633176,10.482841347183173,3.2372037214807627
4.000000131398163,7.183503818307222,10.19530214328065,7.640581270719332,12.231797994623047,11.471114779282612,4.380457215328964,6.566259120770541,0.7179631881834496,5.08289909086036,4.210603068965536,10.430882188024718,10.318112462478938,10.954212431161126,4.650219558158217,3.921797187183122,12.725936988575459,10.477014560314522,12.114238300774122,3.53086249141547,11.967757848632628,10.380977345889393,14.015829055896546,4.061007392762442,2.741536643053114,17.177848165964512,5.715889243335062,7.860754413706823,3.4626325852847364,12.513409113729733,4.1731254852991775,11.266807441839811,10.31342616364042,5.818116035206252,11.71320061265902,10.893191759079254,1.460916758358039,12.847760905202541,4.0993895943322105,10.269685593801547,2.8399926426744857,12.381475632764802,6.553993353119985,10.545257185105168,10.803681880604984,10.508426286079413,3.650315552304698,3.534023796677837,13.993094602636075,2.788021291849915,1.6982716627642893,10.41381753051671,10.983752954914682,2.4253885921567795,7.904348796155394,12.510804707949763,14.942288466688337,4.089326497617028,10.605288476506434,4.638475260070963,4.421897869737341,11.318625591697135,9.898276091672011,4.4852815375235595,4.453841612900388,10.440847061622627,13.506157013412771,10.307697526207756,11.189448550367,3.7324109395634735,10.390297376361616,10.450369766172559,4.125549208925605,4.62529222834166,11.419253165439823,2.9340177980928392,4.594493544375472,10.52458079882093,11.42091035665354,10.357089790054733,5.346870385503418,3.060167761006273,10.472500467564569,10.474201686028408,3.355873507919996,8.076235239820923,10.264036346322403,7.80948275189195,12.193561539936718,11.678264935724005,4.782974469557473,6.700699028939707,1.0583446646932309,5.10631952440556,5.050924365972946,10.867126087180765,10.189432819651316,10.617673629842747,4.5843019942802785,3.751673333497865,12.002185615591474,10.720792165931519,12.347595806050247,2.850105145010913,11.967072103920879,10.449280848987648,12.458735317295705,3.9241220345229646,2.5040882814993646,17.607915150473275,6.031357381091878,8.073879705890496,3.5402499785352304,12.5723613271362,3.9540598115573378,11.679681041568225,10.473191751955792,5.944531306687897,10.570712184269526,10.904781111664548,3.887484205935699,11.738093672083629,4.669312585454313,10.259998724497693,3.2355064561714726,12.58131477618873,5.211075232028914,10.400565229349157,10.589349736601175,10.282988106393585,3.812488317879446,3.8308894710521018,13.424751470301482,4.669884744823502,1.4744296443204084,10.42930938740949,10.9491433674886,2.7659399068796717,6.910940963963336,13.86159528539279,15.83625022871505,4.242633634984509,10.476317276560957,4.564523565175858,4.813613222380473,11.966682257869945,9.878343682305525,4.153428982619786,4.461646794277268,9.893598464726649,13.80853252032234,10.394213377377795,10.534200640227537,4.641694039831402,10.389738764657759,10.481570217916612,5.255831410238641,4.646007992547643,11.505982305094726,2.68299897516602,4.9693109245312685,10.594337066278307,11.507778646636865,10.470245560573451,5.703245927954168,2.7344402049516408,10.661903243576587,10.477141163515205,3.189319594018963
5.000000164247703,7.199085274588368,10.250190336872933,7.893554851633413,12.814727401677242,11.660007951824097,4.428159811785344,6.281912118658942,0.5353685371942165,5.432459072106328,3.827387520751902,10.517603795285467,10.24810620064311,11.157163867384453,4.615465174343162,3.865744894513242,11.776886905010763,10.42782038365026,10.168033656570605,3.4746454418082444,12.14318202073449,10.35151375964761,13.677242552166058,3.891870031783696,3.0113362221314763,17.119976365307682,5.801381374489429,7.896988253798088,3.454949183382437,12.269289485709521,3.8866366705678224,11.492117071671402,10.527885011417737,5.942036746598931,11.297588770541752,11.004737705101638,1.4727186185013084,12.430383874439523,4.630790843594031,10.380480411285722,3.4110459293342026,12.314967858611062,6.989999714706682,10.508737918955882,10.876629560681293,10.492379861791521,3.838718611316529,3.4173178539774147,12.849834962847696,3.586456210525202,2.791972351043727,10.378500509244837,10.853144799133734,2.4978898676872356,7.863811546363549,13.254176372537726,14.88422593776949,3.9893892587344517,10.628380098091686,4.669993623291844,5.850496207861477,11.899557019482,9.626115839709193,5.004340145508524,4.475998675974108,9.836971817742487,13.629337516354177,10.403220285693754,10.717854842145268,4.3498575033322755,10.400437958113546,10.450578860347974,4.051397201410946,4.732680450129307,11.438878245730395,2.7632578635259093,4.5862586180557505,10.593567719420687,11.558833252077804,10.4142653039751,5.243612769874145,2.7836031939074,10.514519740215567,10.467678729692812,3.1086006216565947,7.285272526630662,10.236984503524713,7.880821590932945,12.271939910404909,11.888544711451022,4.5053032150494055,6.164749358217297,0.1996595455338992,4.690872626519961,3.9769282172818308,10.57726329820145,10.016476762384816,10.749653587154913,4.6034535003268156,3.031524163594578,12.594731974835769,11.23026138595297,11.76500192400711,3.564331830030705,11.932458683930191,10.393067531975806,12.429607499943772,2.5718936437375426,2.8969053045969035,18.26864488517313,5.619370486236607,8.402036051953713,3.4550359207666834,12.443599138183215,3.9692922777874897,11.496105002129774,10.589817866936063,5.934982386362206,10.819165485897381,10.947623989768353,1.2975114231302105,12.639942222435053,4.650695334058435,10.305091093686576,3.8851389209480813,12.523628784980378,6.728543468837138,10.642938414638785,10.612065693051719,10.28562363422328,3.752877539866993,3.9221921006350997,13.191796629554528,4.089344870849452,1.7072885139267664,10.4531060723048,10.6899704029005,2.7597652767666236,6.719886617706338,13.285380731973934,15.868654103865422,4.239591385010408,10.551608877714077,4.587565271421893,4.451090431610062,11.75132835232655,9.75151061858985,4.9141778311472635,4.4658105651526725,9.974606849232151,13.037548006074356,10.473563696037452,10.373842377635214,4.6905748639236,10.418690643664569,10.505496262548366,4.676654477582296,4.640680302329047,11.438383294211949,2.815373033926021,4.487861463639015,10.566537485281692,11.522918276319714,11.387508677361021,5.254276692094001,2.8797921734261256,10.459822939360464,10.473041028375638,3.116214932490166
6.000000197097243,7.370492358365324,10.374225615349557,7.722374005479498,13.166267596870295,11.547700185906196,4.193924296329112,6.303650596873842,1.3817479035174176,4.523918844638494,4.56060205041835,10.506676675359461,10.778608968694932,10.13751643527637,4.623698337234361,3.8582377214250645,12.23456435764569,10.48917641606868,9.518403220877229,3.465662908456136,11.883295896793898,10.434698108840495,13.040830929604242,2.476548562728891,2.8468870476484116,16.771174068758512,5.607363987920602,7.8059449768758995,3.466909720881499,12.240054194878155,4.076979060370785,11.513170982102432,11.33304085064713,5.934258638328364,11.281940315569003,10.959843190564927,3.1301419018415135,12.233779995569234,4.585958031446559,10.213183608474534,2.83539386541158,12.720505657299858,5.274713529910087,10.51594824334883,10.853958559245466,10.380538461904786,3.7738273300912484,3.5287391626134204,12.400784743417669,4.362098404483775,2.8761451686110364,10.384402814175154,10.068773043693106,3.4177203080202707,6.772160343070112,13.681129006207822,15.622348996784364,4.12038278505621,10.562725216947845,4.709449051484474,4.092493977684361,11.19033143515785,9.411547904027366,4.847653387767603,4.538936165549178,10.893710410180828,13.176710330081422,10.402644104530586,10.441112895872221,4.420255608389058,10.389741222728869,10.454994088163888,3.7818735798008145,4.746073007642414,11.445533284908239,2.8480689447254637,4.671410692932016,10.546613941888534,11.515057956603448,10.826521738976988,5.056639271481826,2.857667345230908,10.555986197618257,10.476190089992048,2.31756237790602,8.360354362499642,10.384046244649879,7.678036780983043,12.282325430422764,11.609783245851279,4.135504371705041,6.26063869739792,2.4009170535136617,4.500326682976868,4.749634048461691,10.551684455075684,10.369950933978567,10.767633535224236,4.644813345833524,2.8863454737631,12.669506328086863,11.447448403961769,12.230866075389855,2.2935056660208857,13.283913625726571,10.3916924171181,12.459630272180156,2.8668712256003452,2.4091850838099877,13.229713482571704,5.855701428129473,11.550560901345628,3.490041523673563,12.801733566024152,5.308876074199194,10.491701859566723,11.305397177526503,6.008399972717728,11.48767438231472,11.149800919446514,1.5584807080305187,12.569805165974827,4.681114395577881,10.230402971453225,3.3020980049112962,12.485720764926809,6.732119375436772,10.968887974805694,10.611044066034854,10.321338986745587,3.7543361130373976,3.9354394342993513,13.34029592683153,4.806840040675951,2.2189958551310682,10.415110278052127,10.510120852863636,2.4750934664524182,6.815509473911677,12.278195554673315,15.070246629160355,4.372993450912616,10.568301219448331,4.571917488446815,4.9063551221741815,11.456815793562079,9.456513256791911,4.852319798133077,4.543478552526235,10.657588386669564,12.971127897243447,10.476014738378984,10.310593208342837,4.680382697047365,10.35723615436056,10.462269853390167,3.342497927898243,4.70433997932093,11.477812393719667,2.8728407137738787,4.061645427224284,10.539458563403837,11.478159367165414,11.24425570895877,4.952823254951816,3.0712037938405388,10.468954574831887,10.412030201119245,2.2057404632414435
7.000000229946784,8.493458516170447,10.233226727629171,7.679999503936527,12.76587068933254,11.954634274583206,4.556490223740651,6.316429383806879,0.6753421310599603,4.672091734182388,4.849975262826842,10.362469950630668,10.991996317317348,9.701370908238495,4.621184462535906,3.5726708475119153,12.170633132865753,10.670134551553524,10.129397411515214,2.9697895878892124,12.007576974984355,10.423488893908765,13.353993373640968,3.8965986875791088,2.592300044372892,17.31623017975951,5.782026589630013,8.082247068818303,3.4649251063335864,12.613127520617063,4.7217110486530505,10.285981787382363,11.426249122885372,6.016502638695233,11.553575927074268,10.883185870480157,1.537689123826199,12.33095490856733,4.572120664004299,10.131994538614308,3.0485969591915305,12.32525174750389,6.948386154280486,10.62783147112885,10.600505427381183,10.425615437796495,3.2183907092813056,3.5713506978998137,12.609770146640795,4.2094513874598976,2.813970658597589,10.41311722345022,11.061084859617552,2.76137988587625,7.8018557157461155,12.230267952118567,15.314459423797429,4.188649822263126,10.558610968679604,4.63278438465513,4.998781442706566,11.55055714626128,9.68819071800537,4.269947447819486,4.602151699590271,10.521470120403148,13.207195294560508,10.55635482206403,10.992146075397805,4.00832777415761,10.423680454578397,10.461126820583848,3.750541704616899,4.7712815641075075,11.411325159254238,3.0320920452883375,4.711263241453839,10.540497131894615,11.503684522088053,10.437375270381402,5.417947307793603,1.808386118629489,11.23516370162137,10.470869871319701,2.1781330398738654,7.251703909280486,10.321756391888066,7.837193613199062,12.463450139557404,11.690162959092397,4.926615846028808,6.312471350256972,1.7010515743235335,4.036790423723932,4.210678274283175,10.649923596395555,10.228306746405169,10.719764760062208,4.608178532348022,3.834127697931965,12.734828557105667,10.507885078730416,11.400626725454625,3.410886245862893,13.278450952280647,10.43271129742543,13.89188453564984,3.074759382960722,2.771473149653485,17.120431026410774,5.75841256347761,7.927190545399807,4.426361124869144,12.569654965342174,4.770383447425251,10.671603986493597,11.39880159190354,6.007531903019448,11.040320840750281,9.615597803528146,1.9577182330625256,12.478678686869893,4.679845330130476,10.362170084966811,2.8113358399905235,13.394099370810741,6.843444747343035,10.527301722630904,10.497477491106107,10.376032437107863,3.686019132656483,3.9253182968801643,13.31252646871661,3.710739535608305,2.3940698521577417,10.43669689284162,10.75545046616321,2.1468583225008597,6.683029589880302,12.303437031565315,15.06857332146087,4.117204770818738,10.54670229606495,4.602811493600444,5.603544188753744,11.641026584712517,9.983756770303689,4.195684993767279,4.418346283178372,9.967592531428371,13.25433329912646,10.36833214395106,10.462131822778467,4.744063359249809,10.356432214051102,10.465013982327058,3.385075389715138,4.673611883980898,11.381680315105717,2.9377840421776678,4.964250741042618,10.620843264190274,11.508015149098647,11.466168624428313,5.320091765525309,2.8417042959617227,10.621934966301795,10.398380265920423,2.171616235925043
8.000000262796325,7.764600581055566,10.338699316753825,7.764290197950629,12.600931030559224,11.720354588697932,4.534694792993344,5.58153766597846,0.4544895616931627,5.1517024195100225,4.84191480693828,10.354164965225833,10.25068427622016,12.218287555204952,4.604506762991627,2.7624518443973045,12.46210513370716,10.252387686982026,9.87781009445536,3.6258741616101178,12.088724810477215,10.427210284565826,13.489461411058404,3.855607777767029,2.508761185879406,17.200484022676434,5.694258033731449,8.097096099696122,3.478948971622655,12.477023014423333,3.9400103261925286,11.667561873106838,10.545171778598743,5.802263259023735,10.441020042089097,10.990687966520186,1.6657219851658496,12.339236535191024,4.53327469789958,10.16025806591858,3.6205964213123494,12.472954256673226,6.95772597545126,10.621365401681238,10.889884767449393,10.450565647150365,3.224205936040754,3.5386116023849605,13.434879257615517,4.038469743875901,1.4922772628012246,10.378424935417623,10.910180651347114,2.580353621451219,7.892246885591166,12.979099784764756,14.968568168796129,4.155455922980456,10.556294630975337,4.682055949780975,4.542744048959225,11.971002957248558,10.457521010930027,4.917314892885583,4.521093559645146,10.442959770717318,13.780226517128074,10.34830401305855,11.203866808434913,3.8554384379690156,10.427998893987414,10.45693552769405,3.881549685718917,4.672874482045119,11.413907162135764,2.855859860424368,4.568143970209532,10.528097081801265,11.502367817296651,10.464156208146953,5.308020033909532,2.854401467210924,10.46037020211855,10.471734281887358,3.1148558926780288,7.7764139385541755,10.54492774641976,7.912600415141596,12.308230597498632,11.709585750743075,4.2374622417356225,6.253085584170072,1.1174168125572503,5.238819918665444,5.174570002564765,10.525070390709885,10.246923552647734,10.572924036964833,4.609373832798758,3.8363158511575683,12.544600206415685,10.456094072868918,15.808038014203575,2.9094838892848003,13.368791258663142,10.419101687644645,13.864520023146856,3.023844913499433,2.556737006229496,9.507922797855468,5.720344009793945,12.346078415101806,3.484687217749001,12.748147648601428,4.707140571119384,10.655694561757544,11.10725692146016,5.856405485090725,11.79527975140243,10.7699031346416,1.1122598002621864,12.449014662668013,4.680590107327515,10.248185590559602,3.4101882106685792,12.536822040937833,6.721450094571785,11.003638051077997,10.266935009045126,10.482983735343094,3.7302898411771053,3.1529166433219533,13.227819878237643,2.7090628708122044,1.4756980436467313,10.448860907203617,10.454936534011852,2.0584593095360644,6.805910218096954,12.116173474523883,15.444363526337229,4.256230186071293,10.532113504939598,4.641567757133217,3.884683623377171,11.20805713212698,10.070554903043663,4.18162473603332,4.46461461858671,9.953898340675352,13.551934742440164,10.30934883274112,10.687920221664989,4.302840389909067,10.52714362263535,10.444957124640649,3.210820281701199,4.692695377663733,11.41212128132799,3.0447161529942126,4.033812438948848,10.5304278042025,10.650816463789338,11.451380633355859,5.539203821512099,3.852182826295838,10.56367849851857,10.370048763671134,2.4980249469833145
9.000000295645865,7.546804221366857,10.128203821578294,7.389705803368175,12.5891322066097,11.745410335161928,4.796339251767027,5.471118984951287,1.0005736501686613,4.9180961692331,4.469328774766851,10.48495901478079,10.578868463822785,10.485509188895914,4.57597692089111,3.794646544696394,12.38702999158042,10.198174241099945,16.080601365298136,3.4964173754405365,12.214060786359106,10.435771584391821,13.40206990473558,2.9332736560125787,2.8337490154374203,9.425937624835516,5.586100332684207,12.651925470610674,3.7278082177698666,12.748239047722576,3.8717318791285695,11.600106271474678,10.525968026174626,6.043136126046071,10.15634611383173,10.761631458757016,1.5227855968988344,12.493564148680894,4.711081471665294,10.181142744880935,3.315289830426593,12.470719668228336,6.844663525969859,10.605731650866792,10.7568299762963,10.359228842095941,3.9081848818591602,3.292054669856496,13.070771934335346,3.9684322867586284,2.6912305331572517,10.435904579867653,10.595897135798342,3.054615464633236,7.070458062848653,12.954493197153903,16.121353775045325,3.9572371453319453,10.891605361409153,4.576924470656431,4.858005907053856,11.437339674779004,10.595091562586132,4.333789114108672,4.443771516540007,9.869862694409786,13.266772384629423,10.420327969255482,11.30460349069007,3.6994910466281357,10.384263609542451,10.454869944521615,3.1550952406553368,4.656496011753691,11.414700985781895,2.9320347968867773,4.571329163562599,10.603526972153857,11.264444753395908,11.368760643871392,5.351232640692451,3.1221255361269904,10.471175822499621,10.476475587454283,3.121955903928326,7.53457627448548,10.302524887346708,8.047750120800526,12.23135224065018,11.653165046592697,4.720267659131582,6.3227500397444025,0.906018813350977,4.314832374797457,4.382495323705378,10.495370934834469,10.646288219914274,10.286905273824193,4.612757307166181,2.8871838527661087,12.353813511202782,11.444256430989315,11.563222211827089,3.4290424975534854,13.45246878042135,10.407287778593648,13.897146510644083,2.9491303633562547,3.261407686825497,17.544355146483248,5.871325654380665,8.03192990465115,3.451560171275535,12.366636546222434,4.694163089812951,10.683303619743207,10.558238117555149,5.948304697391273,10.49723808800546,10.818679220004638,3.8784122995398747,11.938722325070536,4.763947835136516,10.305388627121157,3.286519162217146,12.52324300405145,5.220755138471308,10.554173428552962,10.587668094805904,10.396196052037418,3.5153069731553845,3.3554688666195904,13.342896112073223,2.6455550986698326,1.651597113076829,10.432186961101486,10.511805566512288,1.8470652804785725,6.524115570788032,13.204100784641328,15.422538263033607,4.099229296884149,10.503550986443681,4.685826720832732,3.8511837947836325,11.192298547104814,11.06900529560843,5.014790998180908,4.171632356538364,10.577270109942965,13.188908593992931,10.336013823627026,11.453834693471457,3.4378595640953864,10.52168721194201,10.448075044671965,3.416261146151089,4.65975443337563,11.433597915834465,2.7960459480003683,4.84044897992808,10.381666056532229,10.666830699340311,11.429665154582773,5.020500412977306,3.746274436783329,10.606528868780915,10.626315290655553,2.8226307178484853
10.000000328495407,8.24230339818303,10.28018955257576,7.6275907796870905,12.451603694692611,11.642095346982606,3.9246778439575714,5.453469322797797,0.15865337924610712,5.165869081258586,4.122669736773364,10.487062855570993,10.509393879924557,10.060448851512895,4.589879075869395,3.7468285565075665,12.44751980010896,10.545364744946196,12.076591363866894,2.7049936018830394,11.954223881434732,10.398600783215896,13.450122562216384,3.9915279390270357,2.6077273330255606,17.97331069168052,5.830694163075833,8.172503496715482,3.4911962945588093,12.458709679391445,4.045495431062668,11.450200207979723,10.372211390436075,5.8152693686404575,11.377539665416082,10.88726412723787,2.9419499852589395,12.29278788162128,4.639612716972732,10.22287396437501,3.4117867523725187,12.318881306809988,5.719138230514197,11.52077605680823,10.45865331459786,10.48007012216181,3.7049740765634773,3.451068749332997,13.302150256754517,3.999745904619899,2.1830252404495702,10.421714989545277,10.898519517567138,2.485176619326542,7.843190193293604,13.395185784601521,15.5531814061486,3.6666540201754905,10.822719110640316,4.7862143113839295,4.534809118921867,11.497014815916986,9.843151442148713,4.871919863797886,4.470360079611115,10.378733292162154,13.260029751979092,10.422012598456588,10.465402526537959,4.548365796653525,10.4546415306614,10.468604063311568,3.1650058349994006,4.640255303712541,11.400626779738634,3.079117555416883,3.5388816583017935,10.563831108992897,11.339009869358417,10.45805024464366,5.237132208912239,3.065542087265409,10.40835849137755,10.475714890571355,3.0948516167246845,7.474853252906674,10.361194422099253,8.016820182209601,12.304237601854181,11.536776143237445,4.736566095047308,6.349670660892575,0.8980101859813672,4.265279601306053,4.004648890397839,10.489528662876072,10.542279085999223,10.402829176193931,4.615840183503415,3.8164621334053175,12.230821043998999,10.530569978684209,11.02642509347362,3.2941852759934602,12.526860050506391,10.330385486118892,13.587997238213514,3.1196059924796065,2.5473557708979735,16.787282101259624,5.664360744291731,7.502629953396797,3.4682323803658512,12.551010634979319,5.010228411981326,10.663314974138979,10.915389585501806,5.919669179769686,11.726743747476984,10.855323651532371,1.6682080361548854,12.518569120213026,4.743297471948658,10.299824723925823,3.6096171231224368,12.486258173073931,6.776839549206288,10.624560009632024,10.150518113072826,10.57634674418505,3.593195422049517,3.7441689094801247,13.291599773571477,3.6450896227381904,1.2345768275968765,10.448925307421806,10.826052974356305,1.775765574733029,7.60774082007549,13.692148518501343,15.256931545234536,3.0710661292954446,11.469286975420586,4.6170684118139045,5.227950294002217,11.42141479724385,10.076193488941815,4.934084491382636,3.917704724953291,10.59290318990555,13.048200048171081,10.362193694779322,11.420260636283567,3.452004195174816,10.467757635830486,10.442676224433722,3.1712015403001206,4.7115269812543685,11.380476101502467,2.9293496342161265,4.697696688603042,10.545514698382872,11.891407992076843,11.344945496225025,4.732957463694844,1.7661578383410212,10.772893565820517,10.478133187544927,2.6701257042787767
11.000000361344947,7.6337097307021535,10.124981954915176,8.095488549528534,12.229820891295153,11.614351486912463,4.238062913406571,5.754054144060499,0.2941478761996237,4.944183514004387,4.288407336047134,10.615744468658706,10.468986842023416,10.05283629029726,4.568168291117701,3.733954984720288,12.163161953164835,10.777826193701138,15.72778934746323,3.760388549787006,12.129817645773736,10.372971228911224,13.963915411516373,4.391067073535448,2.9102367668598084,9.169761923342854,6.074769549851077,13.06583453679088,4.521651060200249,12.918666762399447,3.882733957886679,11.58984678988489,10.609295911432941,6.03390036766334,11.292246376963604,9.997470804391899,1.4478794296642676,12.473857313146816,4.579020433598791,10.175655326119225,3.2678751814427156,12.315895906798838,6.772980779689513,10.57739837167298,10.828396216666404,10.420915393300199,3.845112981868355,3.5645570555059685,13.337526758417567,2.897069937001249,1.6267529122048447,10.488173603953976,10.986452795669642,2.7605689796481094,7.260522448989318,13.552033106237138,14.919859022782688,3.184379593097216,11.408976945589611,4.541973065591939,5.002447659106295,11.482534123913547,9.914316293423886,4.751609442653242,4.412535381628799,10.263068444307478,13.174888441746653,10.526176019075198,10.588741965677222,4.364179383735569,10.436313330101813,10.514532800435186,3.783873386081629,4.562410072630901,11.485900516834132,2.890082099279959,4.7447289731312425,10.65419918038716,11.499255013333734,10.410457280425902,5.037572662760321,2.7877770817805163,10.628984945729314,10.479650640618498,3.0345664480931864,7.488285941787531,10.506031453869918,7.791768125138192,12.743608220520047,11.634996316193664,4.676202953044239,6.2019807038452655,0.6484409797653019,5.149554151035576,3.957825968390501,10.598455846469578,9.943343593949823,10.518137236337543,4.69011656585952,3.9213794856066873,12.796756420886169,10.67226570933176,10.435472590196106,3.5349550242920347,12.39373744270178,10.394407588199801,13.41348180816641,3.698154708476497,2.696381530756405,13.232831791093076,6.07436530445948,11.594551527222457,3.5409587912188423,12.745921669136207,4.660145173525383,10.610931365996999,11.312033861444895,5.889096741217967,13.521325525609377,11.04972899291943,1.5036800594257131,12.36596901641655,4.718093472360678,10.402250866072585,3.3964733190478196,12.370459117059248,7.040652877458012,10.658706583876267,10.426356093862895,10.486916353261496,3.645068806002375,3.216176194141967,13.047999108434075,4.24242911994628,1.6167431614186043,10.44051764822567,10.831489618566703,2.0119435975575275,7.363276958504106,13.15197502880542,15.362968765115124,4.22309846879916,10.590136145762793,4.709888973892515,5.354015563216297,11.352708961508004,9.870624085539578,4.853583776115479,4.520721917286607,10.37168457028017,12.491396731635731,10.383224523653178,11.515348768811352,3.452440611045172,10.449254686191686,10.45561190681553,3.372904050739208,4.737363033615247,10.596918945029453,3.7297889311954515,4.462058926906929,10.550470492130115,11.485764869606413,10.284537286480342,5.358734387226323,2.7951504756308414,10.527383436117491,10.479625375078907,2.206619146578805
12.000000394194487,7.596724430324541,10.179059741804918,7.743918322215251,12.303258013954217,11.562141762991589,4.692529122030894,5.448695531000504,0.4459905639906725,4.856541073228955,4.062284594113789,10.927631598776275,10.544069320092442,10.107504726010461,4.634886024100288,3.8757788340528543,12.73556816122763,10.612327889610821,15.632977019352849,3.522369804015422,12.008420035699519,10.163081320902286,14.205540313584576,3.897306135181329,2.9893101474767696,9.388397301184288,5.855448417956779,12.769268008159646,3.463569384990274,12.84871011628928,4.591620216517741,11.034905677263492,10.507385483900446,5.804644131322528,10.075927200185543,10.8396664498437,3.8585245786760702,12.078355725137644,4.6464814789138655,10.299513454542662,3.271614313255404,12.331477976785232,5.344908771298874,11.473618392374881,10.680439526547008,10.188213772112974,3.762399660418244,3.291830444834645,13.510968602870719,2.246328713976716,1.3188396692072801,10.413185344973767,11.249242929968021,2.4205174523437964,7.8661613080640524,13.031255448616706,14.741134924655729,3.139990278736471,11.435958868672714,4.711833174369823,5.257280368093243,11.71745557003394,10.273363102810537,4.580184439704274,4.541957133744833,10.520729590932117,12.978162303947245,10.332434211085202,11.468344176015481,3.5090340940131663,10.373360959965266,10.446763135939182,3.184849871341055,4.668528915165527,11.312486803565921,3.1115815914320146,3.5314841410545785,10.514186342965989,11.389753465085,10.297075507343731,5.051988035507923,2.914720420950771,10.8383838543287,10.445031434526252,3.0717801376610763,7.307269840262403,10.482937255274324,7.841380694743874,13.043818543301228,11.58348516518054,4.439097614114189,6.307582375813865,0.4090342273819041,5.096918277243661,4.0490404755324105,10.663912781880983,10.336259952157967,10.76323517570982,4.638299272694054,3.8843293222891986,12.521042783171334,10.412237155283494,10.375270603822335,3.634153287917468,11.685629829756245,10.374914382566518,14.107135027785905,2.923174653245246,2.545557773073043,17.048407731548764,5.701482693477852,7.738154654253796,3.487263524748538,12.61380810233464,4.248167202040735,11.75085243803781,11.212869301290233,6.03603809575914,13.523738506774993,11.170584014885456,1.7842090016325551,12.172298579349103,4.819906123782866,10.257654183720943,3.1405018040277497,12.334744133212203,6.897994831710467,10.623547979188022,10.575233954924704,10.40942982978985,3.801613501142963,3.365716486869592,13.027288485958652,3.1486863570611265,1.4862016156804718,10.441092139588923,11.861783601146653,1.8555689391864039,7.216731845714812,13.656488420630891,15.585078042014645,4.236668795534355,10.574700723139165,4.672765735714134,5.44882568499231,11.182621664760633,10.00906931041022,4.24757131081621,4.48622446899274,10.692777165960331,11.510466336893236,10.394475748653266,11.457858161158228,3.595471026347201,10.397376169612084,10.457715249683709,3.6906302031649263,4.785945878085319,11.42068005999245,2.941937878416146,4.525770601805882,10.607258574225623,11.523804821460615,11.229234730959353,5.388862600223928,2.781241902224455,10.480940258715119,10.464108426914283,2.1595696608677577
13.000000427044029,8.545501581408603,10.375232413688932,7.746135916594319,12.591459411709167,11.903604185193938,4.635012599694331,5.5070303552889905,0.23629125520043814,5.244120666066659,4.188456174103501,10.607558070313035,10.466352486035166,10.109247541017183,4.680828089402697,3.873588970790811,12.603876692839265,10.451245023455687,10.87034047362601,2.562244490708701,11.795320425852685,10.418375192188885,13.119673532930564,3.8959245691286672,2.7655085211275714,17.758726563398124,5.8178240181553225,8.122326422275153,3.451818180916506,12.796198623186106,4.699066453031405,10.461968796949707,11.391461581669239,5.99063357777173,11.540037730936785,10.90401603043731,1.2700290108322931,12.819631812688966,4.627088027039555,10.305990999546532,3.054187922487225,12.44248699237989,6.886214628341963,10.58292293265316,10.64491890827685,10.252181079973166,3.8245505129725252,3.466014939924884,13.403335352653755,3.3137255275166955,1.6053197940089174,10.398668736944476,10.89425375413141,2.8676721745188076,7.307004286735423,13.611887142865475,15.328716776645711,4.28649717563623,10.580261051573203,4.663975706635414,4.705082321321337,11.69535139329318,9.900377655895293,4.90483319202124,4.535073439167367,9.94527269569171,13.202268485444954,10.441763084148164,11.379663884412395,3.622208245611971,10.466523110345147,10.446837316354008,4.123526580872783,4.7091009711452045,11.402700774430611,2.8330812690927085,4.722869536424659,10.513556427188657,11.53697026635971,10.350226885763686,5.334989917406581,2.8498966971557276,10.75497082809618,10.44582268481659,2.238477725634109,7.300416648264766,11.419754634386965,7.600662452294102,12.959748169756475,11.594993638806827,4.422714863260352,6.246395380601629,0.4774078686950187,5.2784351662741225,3.9261622707796855,10.585797651123787,10.55256005131287,10.530703568348848,4.611949569277645,3.6923092992269333,12.664329744849905,10.36335413953828,9.994792404971168,2.5975249851638083,11.847350712884364,10.417050944171637,13.995030830654182,4.0107352110371295,2.7098421569569546,17.496750727882823,5.764224031395458,7.879623374679433,3.6286198959091474,12.73070717997096,3.972284206121293,11.430793852479862,11.35601023603135,5.976639897104825,11.381805080141177,11.007839415767926,3.4007138615964525,12.467273918067471,4.700871139527606,10.460657289145669,3.336094282805816,12.458989225117254,5.09534152411308,10.544322810501827,10.844953571210004,10.465692713978793,3.5737727604413245,3.424841520876111,13.19610793325353,3.6745014181508093,1.8510936346174693,10.434423828590784,11.900356485298643,1.8745535234876836,7.2164597490425,13.639343659384963,16.090944984301963,4.4949500648648035,10.580447847102981,4.600164325585701,5.004349747115714,11.56446125189774,10.043166062123799,4.8428021618033,4.595947669775011,10.555033652177364,14.143375438391862,10.546285336115378,10.649976278561768,4.410774681827723,10.42191453049269,10.44037104419798,3.2930862461540915,4.701923328640582,11.39527435379119,2.923480529432588,4.367373852941697,10.499766452513434,11.463398296641554,10.623448329455044,5.322712557902969,2.8986282115896604,10.462848826982063,10.563396719408491,2.0675112106745046
14.000000459893569,7.214802325103362,11.278977960900317,7.902169288043864,12.78579200535841,11.749402264497855,4.485161187699742,5.474130061479171,0.3877141459529938,5.3149882797472765,3.8431608657394043,11.328148879936423,10.741071412579501,9.609249266292432,4.633444696218565,3.780205100271843,12.058793467640664,10.4566008173271,15.489037249800031,2.6152323827751003,12.019569572848432,10.449377408873042,14.038810281748214,3.8131190029200286,3.40620593851995,9.500125818297185,5.7385906435526,12.633924783027108,3.4846715701082935,12.277709018550748,4.317470333055239,11.504949253503646,11.358282923417292,5.99731562492106,11.473103297689926,11.033073371442377,1.6960309123457702,12.123202976775005,4.760422804162353,10.34160096744783,2.5165560782089664,12.350488684501231,7.182899032175033,10.545951808753635,10.669245977172789,10.277867055152434,3.818864784504171,3.5353219311557296,13.288352347245018,2.6647875733355377,2.151012866591326,10.412575054026764,10.700410290514217,2.678339919918674,6.506147355374338,13.475937940608512,15.94659341847632,3.637798337618124,10.966640158466609,4.707093340332144,5.362389675740757,11.550643933412227,10.087556327215117,3.934295475240399,4.5224441721483375,10.155610380242935,14.073748017436802,10.38562423773249,11.414630923320601,3.6070321682801616,10.433014272583495,10.46098437908671,3.659278497525156,4.62662146538148,11.499687808888499,2.9553187145439272,4.658212393963227,10.507791100253845,11.408467135337228,10.33778659713125,5.153915718342403,1.7385877948688466,11.61438126714964,10.467965364389439,2.260941604912034,7.275959013947395,11.193729721119352,7.785832445279162,12.407899910501559,11.439227283037463,4.271491914376297,6.298892381678024,1.0411340861636276,4.520480310610868,3.914976681432813,11.289199353983248,10.363177957980879,11.16066658196413,4.581758534871343,2.7821493057605635,12.002894307177431,11.357751807047597,12.456122133618086,2.4005116281529943,11.594367427363553,10.357294911413693,14.167175754491598,3.934214405463417,4.21211223090785,17.49266518910333,5.617672034266742,8.11943999242241,3.533076591504136,12.347003298968042,4.112555582877984,11.536118756095762,10.530565185359858,5.82209119416562,11.054826193827626,11.009889388634118,3.7474089994814093,12.349029309024365,4.634083667833911,10.358672364962365,2.2841979059159434,12.364093998635513,4.8910228225499415,10.51860653779039,10.563802769178725,10.450305640379357,3.430405258237091,3.591692748739806,13.152547295468263,3.254046775446624,1.8782851416501813,10.439092822272967,11.933932906526353,1.6894647902302982,7.346955647319373,13.34741578725344,14.949779627658387,3.9812809603101207,10.609017075470922,4.625431885881069,5.534613108488826,11.36486119042591,10.107771816866371,4.093210844933838,4.427113251440631,10.359363287688993,14.374987776494116,10.470148037000516,10.385937767028294,4.673945233625085,10.436054301528452,10.473156883578598,3.9135494806478395,4.621800597353232,11.49306167156238,2.8962896973505936,4.538247624901926,10.609430368396549,11.477746095999327,10.580179833921727,5.719424247371313,2.900241761948701,10.422315038213563,10.46427659373217,3.1720601369820196
15.00000049274311,8.424196442475871,10.396021726179482,7.768789162493332,12.463475884432235,11.613372183969034,3.7989321996072225,5.697555824661622,0.7386021833229832,5.335691093636278,3.890052353322805,11.365412404910213,10.528276421008176,10.29400625032794,4.6037632808413,3.664967965114195,12.490746499596687,10.42713712153885,10.65411357505573,2.6563292953164637,12.174651948546794,10.419370790496165,14.090709508312033,3.0822550603258794,2.8929333962251347,17.17310365760902,5.640733712048292,7.665380989370378,3.480022777086182,12.813036822233325,4.023616084821934,11.54962990806207,11.437239296875605,6.050955402999106,10.789011387871748,10.942224594170114,2.9546320028955866,12.785285027511737,4.665011813158138,10.306857786828079,3.3662182143108037,12.360109745455343,5.365255846320236,10.592721220760026,10.699062864775499,10.41025319655678,3.7708455456624064,3.3269944393781925,13.238373716459673,2.559995475344045,1.5049741040173288,10.445876849710208,10.804993867457153,3.4758016452503657,7.057769197432886,13.531565212345798,14.294839371417972,3.5253339629711404,10.985840241440117,4.746545626397847,5.076324198469802,11.415449049227071,10.074160715029812,3.8340612528579916,4.381560297898498,9.793666912428053,13.085864532491911,10.369096810693756,10.611510934935891,4.50594964107342,10.454026217729659,10.449342959754286,3.568062543304067,4.668445805040957,11.26059141283446,3.1369104388111095,4.640486558159858,10.675999095959863,11.364393442704444,11.257999547349295,5.301248854946383,1.918905248247028,11.075651832802736,10.37312389846244,2.192000166606504,7.153280930418808,10.647093589070026,7.586820831155959,12.396874900724535,11.611115623523622,4.7657045319566045,6.366731713948964,1.1639094026552035,5.340481811576037,4.420859013537057,10.531195684857893,10.412853876684006,11.491661718146961,4.577257829780961,2.9837895163337547,11.475397095947297,11.251784120557497,12.093881429589072,3.197060451551568,11.598025163601179,10.357684643676588,13.921858097568455,4.073746463034364,3.0993307258784237,16.841447568598355,5.800867106147633,8.031263453362671,4.510579408078504,12.778982359317068,4.947207284031286,10.346729505563388,10.46438357077349,6.040393522452384,11.425758331880749,9.970630024031848,1.2305664145274546,12.709363677273561,4.708525118962291,10.422173562276178,2.3813073466229158,12.500923918771957,6.739658116544929,10.386357458661115,10.41527088924583,10.46242032105937,3.4463714266298826,3.1632582311564104,13.240295013328685,3.0395599378194804,1.8855040269074905,10.42556016785312,11.698202699359948,1.791953398438697,7.321850381624586,13.343789633384128,14.699320986443379,4.234645103816331,10.548886218580249,4.756827345947149,5.833651723168389,11.682540046103156,10.030154563095937,4.920694119800819,4.456964924476587,10.368007670091055,14.019810204697299,10.419971016129399,10.556429984169533,4.542780733050629,10.417686331434322,10.465964062727885,3.593172163007114,4.668266537387405,11.379344960336766,2.8004613058547596,4.383175938080848,10.604167637138016,11.483125120191374,10.521286689921622,5.494324266199216,2.8990127350780432,10.578832235962198,10.462220067563925,3.138518774972452
16.00000052559265,7.690332191997201,10.454508864029036,7.653217559509639,12.712567390456497,11.683772318147293,4.558831015208339,5.6845746826102115,0.8933515558006841,5.048703810784447,3.553846299218478,10.553915939894187,10.176391336012397,10.89425461967421,4.630238855231555,3.891415619015392,12.5806546392923,10.45274854715079,10.246236884971015,3.3727633255557907,12.16982001047196,10.430372662260012,12.445591192897572,3.871112395487414,2.445634688443992,17.590279575534996,5.7353616784155825,8.227985984136682,3.4771871543443282,12.467853174461826,3.9980467157861277,11.536888014084727,10.656317399136164,5.983054369334319,11.350386045425324,10.883961072680131,4.253356577958991,12.270959782392596,4.621870673144286,10.29949386756074,2.4877198377869627,12.490524752223564,4.5242571429111615,11.481659506547372,10.798087211769085,10.239319035298363,3.7977046344980137,3.6335013004975796,13.4363738300118,4.168347798568241,2.2313155988172255,10.483411181996072,10.826867643644452,3.0246634481586963,6.696289702698818,11.871126549325648,14.935010676518322,4.242985279011552,10.612924755397007,4.641627277958342,5.058023367405976,11.45793622194297,10.03270779937673,4.626108105439057,4.490379297364218,10.596360677055086,13.18914093734814,10.415718959408649,11.46149458663705,3.4940025137917528,10.445124560507157,10.431849398553315,3.3908975371174717,4.656854507818647,11.392317240820216,2.9480048114396773,3.445331225031844,10.550849289012785,11.148414539806147,10.463970545568772,5.231063394814238,2.084804928064686,11.606415645159796,10.519669782618866,2.767963397564243,7.19839672896312,11.019737193676896,8.001739454183614,12.51578215678184,11.582606934441744,4.128112208113347,6.268937647208172,0.7298595930409761,4.444737434556369,4.809384956328782,11.431496537258663,10.730233454480835,10.499079977749217,4.572298910184584,2.7254434353436374,11.903439420062137,11.468682034183521,11.389034292709196,2.9969325297428373,11.422236385821837,10.42575198149054,14.13331880707151,4.145350864808955,3.9817059013364102,16.9716583346229,5.894025270885215,7.716406126588405,3.7311427464646156,12.479004438825891,4.107065516866272,11.5522121337136,11.371676886017921,5.977516534836446,10.891632562014316,10.751652228121015,1.6512846058521466,12.340502574579371,4.627763122905165,10.390225103932355,3.4831435581554246,12.621035958875972,7.0488251351769025,10.697378631380047,10.771844729385219,10.406821728866392,3.7169864717570773,3.835430810939185,13.3194862541976,2.6279003945588206,1.3421488504220305,10.438001125801694,11.772922931836641,2.3884083615301814,6.987979717373779,13.702408008864708,15.869899747916342,3.0619207732724303,11.424729528873248,4.657991396180331,4.881459918420143,11.66025810209436,10.088166946426814,4.9169258468044825,4.582858518713144,10.273010786681372,13.940867806959286,10.429126085418698,11.393438727206895,3.5384338247299603,10.404979289273134,10.455133818489145,3.397274917567104,4.670265006418422,11.469834829513099,2.9396155870616822,4.357322739153838,10.49479989372577,11.536410291204302,10.364117743075772,5.343977773883664,2.836974080197318,10.48630061220633,10.479071443383683,2.2371090630388233
17.000000558442192,7.988034182171484,10.166494917666316,7.6822921686484085,12.325355978339033,11.580293197083769,4.529986772039678,5.8581858198882975,1.117251415844045,5.362379431334037,3.5829966235750947,10.50765149821085,11.077420093278922,9.816583243707669,4.7118509295202955,3.857080500963722,11.982754152990793,10.268252774304553,11.411120001373536,3.479040487232956,11.977313693164477,10.390844244903144,13.863645576086016,2.527018185433593,2.8213585076115426,17.351518801941236,5.3888302393737515,7.979058788440582,3.4697358466067447,12.446641431747237,3.811924712704281,11.635834386071677,11.332693874321551,5.822248188858771,11.434331080868212,10.792272360994728,7.183822871264356,10.889958116555759,4.666565880003005,10.264908061992509,2.159968094508845,12.550628029299526,3.8157502191215595,10.653639085017454,10.397758256937598,10.27640040035596,3.7716742035275432,3.5713890633149328,13.282746073392724,4.694912787248061,1.7809654810191433,10.481533599374595,10.8968037285301,2.5052495416647185,7.790991443394351,13.311042769420647,14.597676667087068,3.8771499662676927,10.609980017201254,4.569901615793241,5.186830654383653,11.25596690013396,9.437450172046821,5.134353994945384,4.3480577034466545,10.566351021093297,13.527122465833479,10.425086739354821,10.535018578604275,4.44688179266075,10.45772036824886,10.442696338601483,3.0395332381976075,4.6758397173884285,11.46862593577428,2.911008079024976,4.5041082394423935,10.686695314976063,11.423862688476884,10.43268764502289,4.310676813225688,2.79946990710371,11.534496150058242,10.477403927146382,2.21774446623455,7.5674003850117755,11.125942320011386,7.832260371808204,12.404587086953994,11.625147671056483,4.974997117761882,5.649422257409127,0.33721400102414734,4.886728444392908,3.836301583316935,11.235656555862137,10.30137025163481,11.369297918059996,4.237706036049709,3.7454399322788214,11.889302256933618,10.518252399039017,11.143386453940947,2.406400104358978,11.414150347378609,10.395706533573495,13.443735073574501,3.9211461966419208,4.128162170323867,13.270028776510408,5.55872819563147,11.973325145686166,4.370123894437445,12.944156030990227,4.211144430715621,11.341625140201467,11.331962064908941,5.935976122940918,10.980892861370876,10.158313035019864,1.0948825450734254,12.859907056669547,4.664696145216942,10.283491501988568,2.553269880446969,13.256259505166547,6.645813630341086,11.524832117123303,10.686117937166486,10.422624071742334,3.7689216345999763,3.349413444275778,13.542574597160769,3.4051084771451086,1.4210049605728208,10.405215136565046,11.72540294988817,2.2392951075574765,7.379075753334931,13.515012474123745,14.97528980064309,3.954440615648465,10.650808565803752,4.618621337595643,5.347868711985256,11.844137388667527,10.037693396631111,4.4772426179847225,4.5638583725305795,9.993917679981616,13.65193718683036,10.22224776688464,11.446564020803518,3.48413400750056,10.446090267035256,10.465284473314037,4.329109608970425,4.6560918604224595,11.451572883971101,3.00575610922317,3.579292738760827,10.53960497874147,11.50654796957622,10.48984595425485,5.320877602723298,1.8064178630053327,11.180519297509449,10.476347267940076,2.1999591531619456
18.00000059129173,7.276742849387623,10.15968526303455,7.788945645076141,12.373451695633781,11.7642876788125,4.234326056734031,5.566849969636238,0.7900948682623872,4.836622950839246,3.6575290229705884,10.644907874184984,10.514907349729157,10.140540179489175,4.758408542818132,3.871757193829966,11.848766339404248,10.292512111761145,16.330808587981593,3.1776987077443204,12.152086119182636,10.40681832193763,13.786376419514335,3.021333962628936,2.6384560863882633,17.96348451925135,5.798927200169526,4.1253295035747435,3.452549202915307,12.46008634813822,3.905151192121016,11.397492803687445,10.352517757113972,5.870641424064779,11.907440380222237,10.96054919574643,6.870325699206265,10.873058001168802,4.620302979054711,10.241202507114863,2.358744579447488,12.44869606071549,4.143409755563006,11.538611264120874,10.402231448897798,10.239334574089257,3.852004792100323,3.796444210156914,12.63435565615311,4.931270766425447,2.190247540370809,10.397595432624962,10.77465978328863,2.260535505996196,7.483706592587396,13.668055477974923,15.647402018304808,4.025438200593774,10.584019999177167,4.6505410951924295,5.094507861390691,11.549031327349505,10.022412823087352,4.833311973258055,4.456664047849849,9.918419900588214,13.733141326932584,10.333614668463172,10.880765183838834,4.088178003548538,10.468131938994059,10.429276300362805,3.8694291296880863,4.726270802359764,11.448280877046088,2.6778134126562185,3.4040812250497776,10.655443096225982,11.472513554542022,10.374439646232457,5.100087525742288,3.0049827332562282,10.628853774441215,10.448986932747545,3.2640241106642263,7.172122363803923,10.433569745161549,7.979284672186715,12.49354520635585,11.747509467099054,4.302733842446899,5.609536912314264,0.590326548478779,5.144170207996656,4.101107561013458,11.278854436255163,10.43101628600523,11.822701728164033,4.144732518617117,3.8491198819620975,12.2294204916057,10.40571242441711,11.111788426891984,3.477776815587138,11.758831200239724,10.4831848386129,14.10038724199835,3.5757069223325377,4.10479477956405,16.925079439776688,5.757811788991035,7.721839808390129,4.439358129798493,12.642232917985863,3.946227438131495,11.542689151244407,11.325078674646432,6.038401580014107,10.941694037085696,10.155345704650422,1.4554061179581828,12.687701446738192,4.638158961499306,10.258113685362789,2.873698444235936,12.58000887786227,6.6366993365081175,10.602934621502676,10.749270761531752,10.408703716425801,3.7423612382456852,3.2928261913834533,13.022057133491751,3.2644941972528994,1.707556361905977,10.422404895934651,11.635072092820646,2.052113655352512,7.150160367284912,13.664281883242609,15.949617511301339,3.9642673908453623,10.566686805514577,4.6884713718991335,4.8018305773468555,11.740194069750629,10.169767973640603,4.458489433708647,3.4872915982808173,10.92283666123879,14.142440470724349,10.400499275398536,11.516652109652805,3.608354167463013,10.472295315839753,10.452837020551383,3.100223853646627,4.718916871314203,11.402412688953168,2.9546999690859423,4.4144274866860425,11.54167466228455,11.492113574814503,10.731435353063938,5.618965618742381,2.799072938879429,10.411302511718304,10.466800126050751,2.336199111232139
19.000000624141272,7.482950589343696,9.930044880645758,7.88829741475523,12.2701374071549,11.664041014901949,4.36100076037544,5.59019458876456,1.6480482433043024,4.982085189541526,3.5435378084980735,10.54177119229134,10.805223383528354,9.648929816678901,4.902398226506255,3.983908594765138,11.78677257535081,10.249012878632366,12.27809660026861,3.4277780971732343,12.168115198806953,10.398413901263346,14.159689287899472,2.5605159723738518,3.7423011492989042,13.187163672991547,5.777089630626015,11.202210335072147,3.4546123648974727,12.548774604413454,3.703602735513343,11.691007930869853,10.435667992895851,5.952645437970684,11.044254914621668,10.99719865149292,5.027322108278444,11.91182634259878,4.690223952659518,10.211296732550618,1.8224232895148451,13.45567798651135,5.0338534161916,10.517160081486619,10.321536034571944,10.104476395259407,3.5382347694155296,3.2185412161396836,12.979965615519218,4.052243113685261,2.2213738926182964,10.424681204131598,10.61474421191984,2.881812229243712,6.935641717310446,13.748680031998468,14.677853322547055,3.988385412540826,10.488642021587692,4.537307080044402,5.652283806013994,11.690301744470467,10.059490966998187,4.8052670115394855,4.428216738868238,10.655370924540346,13.484274613469557,10.415181669450119,10.711511900803723,4.3104058976343405,10.410857391877371,10.378193443767284,3.5532777541435783,4.768087113262552,11.464414359627801,2.7100561705661432,4.484231884243691,10.592412517902822,11.469429809420252,10.43729046994491,5.113225344754871,2.96968911982992,10.656568836640167,10.429166057782675,3.213951001304153,7.339164985434475,10.451499052755254,7.873892152755305,12.618064175760853,11.589577651575704,4.643490623178143,5.5876754462844875,1.1482797571820373,4.551834561650459,4.0505902879724776,11.241979251643615,10.416331715638941,11.674481905254062,4.27778959816918,3.6804128411051606,12.364559473036435,10.415101243420953,11.276554165310161,3.6839191865486796,11.169474744995927,10.399923224655598,14.01208287485327,2.923741148799298,4.232493608623689,17.734409544865365,5.692453614159433,8.142739492047289,3.4777738726532923,12.999033908135363,4.708682997171374,10.199282496454993,10.494403305003809,5.90515540013605,11.61824543386544,10.892585940476197,1.9440392977451808,12.479462481704259,4.638174147585583,10.437353671124484,3.333541890862743,12.57399300085326,6.48812061906469,11.544439933405863,10.674157166071627,10.390478626061869,3.391746630630112,3.958342778457126,12.696393883943799,2.747962124234511,1.898919311918105,10.442531081940787,11.75773125717941,1.1748609919504074,7.243826249176733,13.744618307278419,15.62654035589582,3.9775407013036745,10.539863082404604,4.771432192823308,5.4492877870472665,11.699300637609728,10.080264865737377,4.949132701167672,3.4433215140905924,10.162797993990367,14.447761955171519,10.413866501790952,10.613576816677968,4.456708151843606,10.41662819855472,10.464124636571945,3.4213298489216597,4.641489788663766,11.422461918432816,2.873890190987289,3.5381309761271122,11.541612564394779,11.454795149478043,11.210363252595362,5.148235120806538,2.9139599387749593,10.81477275984542,10.482493104343577,3.1245036554001224
20.000000656990814,7.327065586172456,10.126901169814918,7.760206294750086,12.476571949392294,11.876914053699455,4.614857847665242,5.666456257428976,1.0223648078000789,5.138727714024865,4.236920958528998,10.44574568615834,10.904990406370956,9.259415219836963,4.71454731906854,3.825350783445729,12.052448496987692,10.230391803262437,17.120624157351106,3.583522155100983,13.164831288572211,10.426204100644403,14.32462345965375,2.36866485757199,2.874100446730031,17.632605625828766,5.737848356564888,4.358085529322331,3.4364208389128463,12.48473153675079,4.781105649733187,10.377289492428194,10.579872195378329,5.919172281282673,11.367178501814324,10.862955293703655,3.994255956486234,12.473957841993432,4.713578351807667,10.123012930535642,1.53140182074885,13.181783548246294,4.73320598303632,10.554894644688607,10.41954383780358,9.991869944703293,3.8423272089573537,3.8680651979862484,13.579398365076145,4.762015040860818,2.0375915451029,10.435673555163904,10.671201360531098,2.108690142206569,6.830615347075883,13.489566567635425,14.977214293884487,3.9960783030539155,10.492023675818508,4.716738412854998,5.191419332778974,11.961925022866872,9.054535798762211,4.732281956635268,4.531795986268734,10.109070910293868,13.457700889036357,10.250320226457365,10.455489970848614,4.537347818805728,10.42955391861659,10.363654202085177,3.313748018333668,4.726015368580648,11.449518593560235,2.844679593562808,4.6735949057825685,10.597767446099912,11.36703486341659,10.371210085821332,3.987100030513234,2.8491611429129313,11.690545676932063,10.465487613460834,3.124084980028066,7.226880515323177,10.445116830522641,7.705954546990564,12.312993952528243,11.490121638574447,4.794283960670237,5.534588541449298,1.0827210142264643,4.706947980302482,3.914789069365753,11.278267708337404,10.103804547425947,11.725683433670145,4.35431995777591,2.7751488763992778,12.333966935054466,11.378763391932777,16.105357056131123,3.5339582556834332,11.111599220773092,10.39027061479793,12.10271802182112,4.128143772932376,2.9612183181560563,9.413235159766185,5.7051953473875034,12.3720330047179,3.5800364458770164,12.795806182558216,4.604100914909546,10.456552647783663,10.466266226745324,5.939649224510169,12.30039918996241,10.80706978795924,3.713142139192817,12.032886786288636,4.615702509941535,10.849337843119057,2.4286833218241384,13.300945303673354,5.2117698156378545,10.586250095955894,10.73203480110529,10.42030900729334,2.5947037581947647,3.0017292620118496,12.516683339371026,4.5372447854642965,2.3895294760777563,10.452899902995854,11.665736082269209,1.734428964378803,7.329387772139294,13.74826317557754,14.79766646352469,2.976474914775114,11.485774399316318,4.657081183606109,5.607528490033201,11.313765630021702,9.901545012054791,4.779769553245533,3.4499770701159553,10.073054755400607,14.547294882600852,10.562307291986796,10.411141385293469,4.471352917029908,10.408301945034932,10.457737991038659,3.650075460143948,4.669154459732534,11.503069223982198,2.8844150539258178,4.636367926164429,11.542295462979194,11.508287430919518,10.459499936265926,5.949532339630551,2.8113937194472216,10.512279730341,10.477206013934373,3.214030834295538
21.000000689840352,7.612008451758793,10.236404771254625,7.815732102013872,12.19075002357596,11.519662644088601,4.124766224188373,5.711217448413145,0.5101792338325493,4.889103478471609,4.2922173363882274,10.421185185776757,11.025757544684259,9.82197308247819,4.7011002026375115,3.875762770524087,12.277636044178342,10.208785133475054,16.31085207847394,3.4744930912133545,12.279914604915863,10.400925174561129,14.22278149444207,2.579559251956187,3.356711936003296,9.118306445921082,5.588852006167194,12.950449778270164,3.571441304763405,12.710510101699516,4.760801582946574,10.574648500393169,11.427582992181847,5.824634177751127,9.46075213294922,11.075896583314892,4.082497497906641,11.943672648277888,4.508267136966684,10.137096090685104,2.2251406054868337,12.495836014159947,4.817035306815493,10.599046474621405,10.431598845804903,10.263291409216015,3.8317341801164697,3.44808431728432,13.139849699772705,5.273504729225483,2.659780824091446,10.427451211277518,10.672113331294302,2.729832933606177,6.60720422094818,13.766184103162745,15.560946732455406,3.795851884337266,10.745025831231036,4.563044396282803,5.193566282671913,11.26320267874328,12.312311004971253,4.329493512394479,4.43072065426673,9.829335808588908,11.639931683600425,10.34596669126207,10.590673568135273,4.566169011850929,10.387052684498808,10.428712779501065,3.4904259994007543,4.75363834676421,11.419759499847274,2.9088337927279064,4.3842969638310505,10.617705367574482,11.490535232602868,10.435009345258532,4.435622678122796,2.8593231199965787,10.882625598200255,10.461762316149507,2.2418777639744434,7.247962461778904,10.501722657202693,7.865193835518613,12.441352457893796,11.709222977956875,4.461453258313377,5.642311746457588,0.7583282039827346,4.1198451740029345,3.864988813422681,11.251046111541074,10.381702383126388,11.026078692640217,4.657786617574194,2.839365615559125,12.28813484839785,11.48997296734377,11.635984485917284,3.5940783385800708,11.556191063116607,10.275844551980217,12.474986290298098,3.772909945932333,4.227716118738527,13.375954535397682,5.838023324522073,12.113864312409998,3.4609916965930547,12.765963947178964,3.9049085288387846,11.60021758612402,10.405523267204954,5.970583284275319,11.35746330248708,10.774168596369371,1.5747947157231375,12.464575773309019,4.638584196049931,11.20377533741691,3.013318257061001,13.3085203908175,6.901105091757756,10.55826093345005,10.729497229052456,10.387393145679436,2.6328202278134025,3.7755137788742714,13.522397504065161,4.209448349765047,1.4560172496912849,10.426204167244698,11.668544215822672,2.3464409683111116,7.308995771177352,13.782901184469244,15.95346351329328,3.1211760068132066,11.396097107918843,4.664032199855932,5.197998335895665,11.44983843385148,9.91015204550472,4.883501854348352,3.5490105914850187,10.022736776058046,13.289085090913384,10.339682966398529,11.479984700635823,3.5142691017603536,10.48978468359938,10.46262028035362,3.4568878497257027,4.679206772867034,11.397660150755732,2.7585929203130566,4.578038900548572,11.530648486446195,11.441785887511436,10.445488100920832,5.053114246021415,2.7996890266626515,10.596695981665944,10.468546870255343,3.219794858461997
22.000000722689894,7.2274637806627515,10.665958481508849,8.146263983768971,13.272597257104895,11.823810998463884,4.268974268372398,5.5952294734878905,0.3950095907458737,5.239892729541061,4.606101857224635,10.447739527330153,10.483882887317359,9.868427705669701,4.640976730145934,3.9073916198236702,12.32736867730191,10.223803614676989,11.556081211529305,3.369122148809069,12.343421348071518,10.426066633667658,14.127499595407143,2.420277474837974,2.762248251631928,17.265135158770388,5.718583850804039,7.575400804779343,3.458554092801804,12.613148501134317,4.191495844124298,11.310697066162211,11.117682766010029,6.007222639038313,10.949672668812555,10.895787626311707,3.8174358400167003,12.218954922460114,4.600532351152414,10.205984708096123,1.5026156167665197,13.29882922414743,5.2345562898807225,10.510784298508108,10.287841778883843,10.248330776780564,3.8445541161222265,3.618381190405062,13.455608765291164,4.2864816190121235,1.7621298708107553,10.433147618548311,10.528481620599422,2.8662356566661096,6.8799330836472565,13.17690191918745,14.883112445158472,3.2582960684960067,11.264776804257075,3.815998388972088,5.1948150488974925,11.532325577527853,9.672456332650981,4.960547017984105,4.314465536053526,10.293054455780844,14.139954226319018,10.24641284075766,10.40436498303112,4.610282765849116,10.450712901125716,10.443379246748664,3.529109536688246,4.6970849479881,11.44222617743727,2.8374268907730875,4.346539332187085,10.766863912477195,11.138877884149851,10.41138456278003,5.144142115026718,1.9211434637069293,11.622880677943634,10.477186157985278,2.4371100684980043,7.260419382873125,10.46739772465463,7.992407352243704,12.344312928852975,11.051796153869851,4.524370568285166,5.495703255961424,0.5885703376061829,5.164464329628145,4.015953385442564,11.252290397912132,10.158622926214111,11.073643817789,4.648363169639591,3.8888723025822993,11.853369557388397,10.479617479681348,13.338283215103251,3.49261941011413,11.493945208308263,10.378920431119873,12.227426913549928,3.772819090073166,4.288951691613516,12.927662467570418,5.991237515943773,11.309825942762291,3.374233925574509,12.543580751032923,4.083552995229614,10.931694819530017,10.564618727025305,5.98097042765987,12.3212758271013,10.840009884283292,1.2817590952962616,12.885729913705191,4.616276986258327,10.346672316737946,3.5455133923172846,12.633745408423211,6.926350828553412,10.519316861660723,10.670190242676442,10.465871107981668,3.6805111335110547,3.6625546418742685,13.094135226580892,3.7121779932200147,1.746020418966522,10.490568396785658,11.565064084505073,2.38633265471925,7.308930290853536,13.338016425414951,15.726898089619077,3.042876235705333,11.419219270696072,4.651535369878343,4.068878548859566,11.686803206366655,10.00291404128963,4.908332151941997,3.463331305518901,10.479377281178323,14.831072773163527,10.430069755798863,10.28221785019616,4.761795240265688,10.416787392504363,10.47092888164525,3.2777779300553074,4.684639782827301,11.416715810534562,2.872010202424265,4.540148128713699,11.550265953326035,11.427554747562526,10.486749984963863,4.959343315205268,2.8440227001782863,10.593929523802817,10.48085810521162,3.1320948700847175
23.000000755539435,7.300729758732564,10.242353168788739,7.9645730518434785,12.794614504945715,11.668558118054193,4.368913059324387,5.776882545710863,0.7812948624323841,5.30247734244614,4.509343298361887,10.52067448312329,10.624684524604671,10.469466917144148,4.620421047481277,3.8586613430056977,11.723045868940437,10.409716654194298,12.068925049941715,3.545564097595941,12.29696096944378,10.436551574808075,13.867557371905843,2.7006193422091274,3.1355445003683626,17.078320630726665,5.74562766715841,7.623620248547798,3.489101844495884,12.64433703481463,4.12794870227423,11.668119629005202,11.322797217266814,5.830686718495212,10.861516695488083,10.95127685343878,4.191097592462489,12.305073453501798,4.7011088964850565,10.093261296235873,2.0607744086061373,12.667252476573562,5.147394756379433,10.572838240261435,10.72792679084702,10.20589170411345,3.907208885351063,3.393916012365538,13.480588806570854,4.544156619396364,2.9251263535688414,10.505030253866734,10.438505182124931,3.414977387438352,6.613539194857834,13.322846753791339,14.953120736889726,3.88327516818917,10.603300704349403,4.56646782553981,5.31118506936389,11.6081448434009,9.819771076077696,4.795437315073641,4.498840960385978,10.41269933989309,13.78792628766938,10.342157106285265,10.60491218057484,4.48467258378881,10.404641244510994,10.455634444471173,3.495159310077446,4.7513083386600385,11.440421226057484,2.8851538667594845,4.221476341871933,10.659426406755065,11.550101106659245,10.338042646476646,4.92256953936371,1.7873610432617033,11.200644558027685,10.469492196431428,2.1561040836752903,7.026152163177196,10.55811152098228,7.993489733713239,12.436031607934606,11.518279795132855,4.385479688430252,5.404554619288529,0.2852286863033012,3.289196744382181,4.1395164048795365,11.223711812145096,10.219969687894517,10.925352156542703,4.653212347009357,2.867860002539302,11.887935686308783,11.527943129123539,7.656574602230515,3.484990613276139,11.551488080158776,10.16468843819334,12.437616587142294,3.865995253149859,4.224758031273379,12.691732644207663,5.765692818992618,16.853139627971167,3.516461381396172,12.570678364647058,3.938906807370451,11.405893782211542,10.582578943403364,5.968503366606172,12.074845524147843,10.905104372201418,0.965575705477973,12.65280451018805,4.633032330627777,10.340311591399205,3.227511565670674,12.569855987742638,6.968455876535477,10.579067292257514,10.258682101296369,10.404704574790673,3.154295008225699,3.846179514993863,13.209789379006635,4.1646717689032835,1.9217803123667792,10.504498088426745,11.638745747720073,2.2154425222240963,7.499415387294672,13.313170390986489,15.065246897517076,3.831525475009445,10.72559124734408,4.737140388287831,4.146017846327329,11.832872772734607,9.982652247157004,4.868823290959725,3.4368538687650876,10.274248789653688,15.080005669567733,10.386936605164644,10.481668076897153,4.622067932540053,10.392164203892658,10.45933927154467,4.1782362074777275,4.678297153986306,11.416386223359035,2.8021799442489574,4.516301470131309,11.54846945695001,11.439202950244637,10.575985425279343,5.105089528191239,2.7827057946715232,10.451529542880117,10.475221339209382,3.133582885227035
24.000000788388974,7.38184211838819,10.184882053238562,7.874565066894767,12.46727197961783,11.681721937533474,4.350875365042552,5.9762247597180345,1.073948916656005,5.073353993094237,4.76223988906593,10.41763967577116,10.751882714425717,10.39705517609948,4.62707513693328,3.871069726089276,11.550697231215821,10.283665257230519,11.766656937734215,3.3450922460891253,12.32963392343655,10.407431547648503,14.825027994424207,2.7893466136263854,2.9922034174339056,17.45558490146218,5.705577208801066,7.653948562532499,3.4675892600582525,12.550421548391732,3.928543325723199,11.562187112748237,11.399645404730837,5.9462348614227,13.492044921491846,10.852726699602163,6.94415754686403,11.060320564842304,4.717899753484092,10.229567906727521,2.2333088539444224,12.587542265911136,4.133446941952671,10.43349202608182,10.711977808372467,10.304262067364185,3.871661379258513,3.9124602776063373,13.238166779290117,4.790217858587853,1.7352511437032532,10.418531388232937,10.870794141617125,3.6041509348276195,6.645039276125047,13.028130325261456,15.57574004850482,3.389319818603357,10.544601266992549,4.639013831270169,4.821485240339804,11.934492682695566,9.46676717740437,4.91915380942808,4.459441880211528,9.859480330964658,12.463129010098474,10.390215332700349,11.488094732663413,3.5469136970987893,10.382498995564408,10.463420567367287,3.641155801145369,4.718392808194229,11.446110991288164,2.9750889337689435,3.4495023244010428,10.580903206916542,11.534560552202969,10.485632900891913,5.075658836786747,2.783140999827531,10.488294395483624,10.473526776271495,2.138698938561405,7.196080612556002,10.475519503973027,8.04309635433812,12.332700734322886,11.626982887565251,4.395129143979466,5.4396223002300825,1.2572265805528973,4.510554307645028,4.071148346672893,11.212698995716037,10.40141001091824,10.868830889839064,4.59659194971009,3.886502665279175,11.525921585414519,10.567887821100108,16.644723393392603,3.3141025390157304,11.237208257211693,10.262790346642333,12.377687880945716,3.8008363861568366,4.084252743457191,17.39897894671804,6.013026078782314,4.294197399586003,3.460588202581295,12.478197559505457,3.723438267085642,11.370069442297154,10.588884396418205,5.868803598373462,10.795299596151315,10.701317287048855,1.4854305033032738,12.456617687756669,4.683504751480837,11.283410138576171,3.3836995229673907,12.566027268980132,6.555039039612959,10.656966667340834,10.825924885600651,10.235290326738317,2.4362076725809203,3.8900647784232802,13.315433291653914,4.630338200603046,1.6248281684625123,10.47633215808887,11.789513058652192,1.8126738735838663,7.382858568145645,13.091492378415587,15.946116477140045,3.9152951076022555,10.659727754669385,4.711398422066553,4.085327559355864,11.264173853304834,10.013464331009056,4.801900080996148,4.516286842762223,10.868922024520883,13.05070554992294,10.4198974572864,10.687384645818563,4.40105843692229,10.417558452195715,10.443044276159123,3.4413229203518334,4.760857146375569,10.72237229200526,3.483458317531323,4.564163970745921,10.525161311760654,11.48410974262303,10.03981766474744,5.6258930171107355,2.8559602302991065,10.447090310185834,10.43737217058269,3.0745153787602715
