1,1.856427197,1.086070223
2,0.892183996,0.618995111
3,0.592011324,0.473035276
4,0.526419101,0.450946209
5,0.436974367,0.388969532
6,0.448732801,0.430812615
7,0.391402269,0.507959197
8,0.406060231,0.451827249
9,0.51637909,0.471280691
10,0.447057775,0.52880926
11,0.449546262,0.543350957
12,0.521054877,0.427728902
13,0.542321844,0.426504733
14,0.428474987,0.396638325
15,0.419190836,0.414654994
16,0.375088607,0.391674472
17,0.378909922,0.395427282
18,0.363183937,0.38505973
19,0.363044338,0.399082594
20,0.354880627,0.406007691
21,0.364947664,0.433552525
22,0.381165873,0.582529057
23,0.407644958,0.66237285
24,0.493092983,0.865909236
25,0.6075199,0.778866627
26,0.77102797,0.700053487
27,0.689243997,0.694953251
28,0.515516875,0.638872564
29,0.546296754,0.488192304
30,0.502179059,0.483338928
31,0.423707134,0.456705592
32,0.441730799,0.458242111
33,0.431222863,0.514895072
34,0.448160978,0.647880939
35,0.553618409,0.65733896
36,0.838495047,0.578587339
37,0.735609084,0.491838218
38,0.646459517,0.549758988
39,0.516840723,0.506237599
40,0.557659705,0.448771539
41,0.544747817,0.442992066
42,0.467055581,0.465230957
43,0.4683906,0.455219243
44,0.474074911,0.408089354
45,0.438579395,0.472184432
46,0.428129921,0.490824129
47,0.481358144,0.403355751
48,0.55032465,0.469130933
49,0.488338983,0.53387355
50,0.581347482,0.713894224
51,0.63587962,0.609972353
52,0.957669034,0.629128039
53,0.628620518,0.539156396
54,0.609826107,0.690287256
55,0.508408092,0.635989313
56,0.553882382,0.58686606
57,0.551619287,0.63132509
58,0.561769136,0.716297285
59,0.687092241,0.764000012
60,1.093657376,0.854259952
61,0.999623534,0.662547577
62,1.087636252,0.632055948
63,0.792387645,0.686877308
64,0.683849558,0.731110987
65,0.746192455,0.634353774
66,0.743434878,0.623983773
67,0.561067077,0.842582565
68,0.565130719,0.862915405
69,0.783598631,0.638978223
70,0.778304258,0.648570708
71,0.551812058,0.450723766
72,0.497804119,0.406123151
73,0.428225383,0.375587914
74,0.403298848,0.381672468
75,0.387087194,0.514002555
76,0.382574179,0.501057469
77,0.512691623,0.695340599
78,0.556811053,0.921182343
79,0.743542935,1.736002072
80,0.845506677,2.333726594
81,1.361313969,2.810565857
82,1.335457615,3.8051538
83,1.538615208,4.432917474
84,1.962675167,3.35525798
85,2.186486846,2.481657713
86,1.569245477,2.020418757
87,1.446904386,1.694806078
88,1.308555284,1.673089857
89,1.15710074,1.401151063
90,1.058505737,1.042773942
91,0.914105095,0.999624549
92,0.791806395,0.944678858
93,0.722519296,0.696249483
94,0.6762466,0.614060928
95,0.601880071,0.713103441
96,0.564588991,0.60633459
97,0.547654126,0.53949787
98,0.533202161,0.593828813
99,0.487133244,0.590933973
100,0.518565179,0.514329825
101,0.518013688,0.492885968
102,0.454109087,0.585046249
103,0.466312521,0.569089994
104,0.524885128,0.518277005
105,0.549121948,0.573020315
106,0.49622302,0.659144242
107,0.559664423,0.645067831
108,0.71626724,0.622914481
109,0.645754875,0.662538732
110,0.578167439,0.633569146
111,0.595678131,0.560879077
112,0.558994733,0.503435481
113,0.53222993,0.437565231
114,0.475755462,0.401280695
115,0.426331704,0.374979298
116,0.396792632,0.422837098
117,0.38744184,0.496125371
118,0.483500504,0.563491171
119,0.519197942,0.487342516
120,0.546392053,0.407697483
121,0.447444597,0.443402899
122,0.407778987,0.499293732
123,0.391592941,0.462104437
124,0.43176669,0.409001916
125,0.407340774,0.475813272
126,0.364141697,0.497772993
127,0.399533077,0.460706577
128,0.432045324,0.511243125
129,0.420187212,0.589530752
130,0.469774409,0.57132704
131,0.503448135,0.549059196
132,0.490921908,0.651848146
133,0.526132011,0.753199262
134,0.615149241,0.751834851
135,0.664176024,0.8189402
136,0.672918696,0.705392981
137,0.770136105,0.621747227
138,0.678572241,0.6142063
139,0.744852518,0.628080388
140,0.656655163,0.550015848
141,0.659583745,0.503030603
142,0.578727601,0.42959711
143,0.494742855,0.348080481
144,0.417045915,0.352289124
145,0.355240843,0.372504166
146,0.375899505,0.381892891
147,0.403152837,0.367761069
148,0.382272726,0.345937217
149,0.39697564,0.361697751
150,0.365413384,0.382586287
151,0.41952665,0.376761973
152,0.446554986,0.385832241
153,0.44824567,0.430438443
154,0.429714718,0.443185753
155,0.555321675,0.489525724
156,0.63795445,0.533396653
157,0.58354602,0.57188063
158,0.648341064,0.665753904
159,0.757735113,0.839778149
160,0.856101528,0.848945228
161,0.944093231,0.923153043
162,0.971536045,1.07654226
163,1.035637788,1.032602027
164,1.121680857,0.993521039
165,1.071179435,0.774037787
166,1.406921188,1.0226026
167,1.497909332,1.05669988
168,1.513759308,0.696673294
169,1.158119735,0.618654506
170,0.958112015,0.533630167
171,0.762578007,0.545258202
172,0.678122749,0.534808474
173,0.619557423,0.498302109
174,0.524927822,0.456346288
175,0.496383361,0.447238296
176,0.46516717,0.443876554
177,0.553233783,0.585689076
178,0.522169746,0.652552005
179,0.716733912,0.606906451
180,0.836431816,0.467489574
181,0.97319584,0.453120686
182,0.592737386,0.471422245
183,0.535308768,0.501436296
184,0.544208003,0.564125539
185,0.580323843,0.714598411
186,0.664087761,0.786013978
187,0.784861166,0.681386298
188,0.833902505,0.710742303
189,0.759345834,0.812627194
190,0.803985783,0.942691745
191,0.897308981,0.9925667
192,0.981631153,1.008750451
193,1.006022049,1.122614223
194,0.995942451,1.000978295
195,1.166050466,1.07836219
196,1.121489493,0.921310267
197,1.316592353,0.906749552
198,1.292668997,0.806352982
199,1.238333507,0.689889006
200,1.022518127,0.648631063
201,0.919471051,0.668141537
202,0.933330337,0.565069828
203,0.869984956,0.537980478
204,0.726929227,0.609309293
205,0.712925655,0.588831857
206,0.760079433,0.487375728
207,0.686381439,0.52153729
208,0.58486109,0.653595228
209,0.625576054,0.501154134
210,0.665992462,0.836298053
211,0.565485777,0.722466058
212,0.698694702,0.631408012
213,0.662346052,0.53053726
214,0.591686783,0.628574901
215,0.521455313,0.697995686
216,0.606798111,0.676708679
217,0.651547541,0.702257275
218,0.584435126,0.954340218
219,0.619845977,1.654650184
220,0.870006502,1.735294612
221,1.906937318,0.867197194
222,1.975974295,0.617196017
223,0.923880608,0.544523068
224,0.638218724,0.488707124
225,0.582546845,0.426434459
226,0.460425169,0.414168781
227,0.404411767,0.389597784
228,0.387108001,0.42073084
229,0.37382529,0.375676768
230,0.396798666,0.387944416
231,0.379991341,0.421028533
232,0.392916687,0.394523881
233,0.423944791,0.378592919
234,0.394121271,0.384441176
235,0.371822396,0.420730882
236,0.360458285,0.427600482
237,0.362059314,0.475897227
238,0.407482876,0.514263917
239,0.437250388,0.583523424
240,0.441153938,0.656600753
241,0.478314656,0.716318183
242,0.606297139,0.814253814
243,0.672197485,0.924972694
244,0.678861507,1.065393505
245,0.720471446,0.932333227
246,0.876578418,1.007492405
247,0.751440798,0.92099069
248,0.789419469,0.705563563
249,0.718507532,0.664200485
250,0.603747301,0.513640541
251,0.594196905,0.449088604
252,0.556587632,0.387639667
253,0.444723802,0.358048094
254,0.378661504,0.408187769
255,0.345821996,0.515977594
256,0.378543505,0.620945243
257,0.484541465,0.772533555
258,0.656850504,0.772377593
259,1.189751279,0.716551518
260,1.069261301,0.840594362
261,1.04068709,0.659695493
262,1.197273883,0.594312744
263,0.740426419,0.481991601
264,0.517985841,0.436947534
265,0.42129645,0.431291634
266,0.412717524,0.479122183
267,0.381707973,0.516083727
268,0.493154876,0.537348142
269,0.524826079,0.666096069
270,0.502631692,0.655907074
271,0.572078528,0.797229069
272,0.586438136,0.959974921
273,0.709015836,0.92677922
274,0.786465742,0.716852412
275,0.8510988,0.604634902
276,0.724877784,0.783884464
277,0.603830959,0.784409345
278,0.67639,0.674943764
279,0.650788971,0.732151286
280,0.563203227,0.754268392
281,0.628366758,0.712864928
282,0.623493228,0.953415941
283,0.651887046,0.940936337
284,0.849648959,0.892192754
285,0.869967833,1.023793432
286,0.809033143,1.006284648
287,1.008988517,0.844964104
288,1.058717921,0.679948957
289,0.949202654,0.756788658
290,0.732274407,0.739049889
291,0.780933509,0.651030096
292,0.828859122,0.601125326
293,0.705106775,0.700475266
294,0.611771231,0.748848716
295,0.761369465,0.649977076
296,0.807014184,0.636294789
297,0.660719599,0.741936197
298,0.645252847,0.707824154
299,0.730493244,0.653119923
300,0.662270221,0.666992144
301,0.514138955,0.704938903
302,0.578731718,0.669691468
303,0.658424961,0.63747114
304,0.559766055,0.757154871
305,0.513731811,0.760013562
306,0.675098944,0.661218056
307,0.796908638,0.78175007
308,0.607985973,0.881706961
309,0.750327234,0.750412322
310,0.93341095,0.802117212
311,0.777538491,1.124125856
312,0.82973444,1.28567598
313,1.157495679,1.292161398
314,1.237468828,1.910956634
315,1.300878511,0.75676314
316,2.417265097,0.56752284
317,0.995572004,0.479892015
318,0.964560324,0.4729164
319,0.659171974,0.414528138
320,0.515797299,0.429557733
321,0.429213423,0.496307377
322,0.431076827,0.450551882
323,0.390127636,0.457687274
324,0.419521001,0.523521542
325,0.484764361,0.522899658
326,0.438902694,0.409233007
327,0.44387121,0.423533482
328,0.508026677,0.39718001
329,0.559708803,0.406304453
330,0.413405776,0.388241803
331,0.407726291,0.393020209
332,0.390001689,0.395157317
333,0.403708864,0.423121938
334,0.381432291,0.426936426
335,0.38722271,0.457322679
336,0.370799926,0.602615635
337,0.405589809,0.639409553
338,0.428657655,0.718521527
339,0.455023866,0.640506509
340,0.542528383,0.627568636
341,0.572173265,0.645000578
342,0.753636996,0.636728788
343,0.646257157,0.512590151
344,0.619552371,0.496254759
345,0.70076381,0.442977011
346,0.580060906,0.45544918
347,0.456972656,0.516752623
348,0.453062203,0.710436598
349,0.407277259,0.66639454
350,0.419023396,0.622340665
351,0.459109738,0.482119612
352,0.603967843,0.571578102
353,0.602697652,0.568170845
354,0.538780107,0.463075535
355,0.46386546,0.446361534
356,0.513381007,0.457853336
357,0.507010285,0.42574738
358,0.438667963,0.390045008
359,0.428759808,0.489905224
360,0.473713339,0.506861638
361,0.482138951,0.423004675
362,0.413006407,0.490037272
363,0.456445141,0.639882272
364,0.483416953,0.862946216
365,0.398118301,0.658098567
366,0.514481901,0.62486129
367,0.746995725,0.537919877
368,1.008264301,0.716102666
369,0.653205654,0.633969933
370,0.628131418,0.59335369
371,0.495661583,0.653203649
372,0.578818411,0.754530821
373,0.541119326,0.802763394
374,0.506112575,0.86951747
375,0.552489413,0.708259919
376,0.675915198,0.664210852
377,0.706398124,0.723333471
378,0.750892397,0.757906232
379,0.611193985,0.626447531
380,0.574645656,0.575400403
381,0.623960831,0.798812436
382,0.635130354,0.795380471
383,0.535642721,0.601934427
384,0.554660155,0.556386108
385,0.693630213,0.467277223
386,0.721609937,0.413159291
387,0.546256011,0.394717945
388,0.529437752,0.396080392
389,0.449133505,0.482916627
390,0.401262233,0.516118085
391,0.384976942,0.764737117
392,0.39655044,1.003287191
393,0.486030785,1.461653272
394,0.50774243,1.347317487
395,0.649902644,1.604868244
396,0.903730819,2.228475057
397,1.42157797,2.470207192
398,1.412676277,1.840837331
399,1.837110758,1.688308232
400,2.090424621,1.438191652
401,2.038366815,1.246751311
402,1.494041909,1.222835401
403,1.399600973,1.043463943
404,1.264387921,0.813684083
405,1.112501663,0.789805451
406,1.04972624,0.779720573
407,0.926541716,0.623188147
408,0.757697772,0.593535356
409,0.747029644,0.637852799
410,0.725842496,0.591442451
411,0.586383693,0.516041904
412,0.5482618,0.588731173
413,0.590801801,0.620869966
414,0.54595341,0.534495448
415,0.498940431,0.518387872
416,0.544878519,0.584292537
417,0.599293022,0.567390579
418,0.532418501,0.527019855
419,0.495367672,0.563257264
420,0.537936467,0.637921712
421,0.549102152,0.61029598
422,0.504890832,0.580005216
423,0.563357164,0.614483747
424,0.644243643,0.582332263
425,0.645577047,0.508589648
426,0.593854587,0.459491366
427,0.631691139,0.427187064
428,0.610265018,0.414314672
429,0.553258859,0.391278593
430,0.522508629,0.476967529
431,0.464353632,0.513945427
432,0.417982682,0.65204234
433,0.384805427,0.514100201
434,0.444392869,0.455173739
435,0.472903695,0.479171205
436,0.550506261,0.481074472
437,0.48670944,0.465369766
438,0.440508312,0.415266492
439,0.456525388,0.477032222
440,0.476800687,0.507917658
441,0.425194627,0.472124283
442,0.39735701,0.524032522
443,0.458716319,0.58822116
444,0.48477352,0.555589044
445,0.447445651,0.561342426
446,0.482002917,0.616580396
447,0.558636321,0.684883575
448,0.522691346,0.649380251
449,0.544885946,0.711418214
450,0.631047985,0.614270017
451,0.69123729,0.632215622
452,0.691180885,0.596036344
453,0.730412751,0.58228775
454,0.679916194,0.509044931
455,0.612568659,0.469762617
456,0.611314946,0.430733816
457,0.582009925,0.375461942
458,0.51022441,0.364482857
459,0.478596981,0.373787236
460,0.438817392,0.396817739
461,0.398891842,0.383184289
462,0.391183448,0.389485342
463,0.417655591,0.3612896
464,0.411464235,0.395473779
465,0.399507297,0.447525688
466,0.379407443,0.442938314
467,0.382482029,0.515199593
468,0.420554968,0.589377634
469,0.415734277,0.631467241
470,0.422672866,0.69049028
471,0.472149773,0.689332027
472,0.513951382,0.843684604
473,0.601027017,0.993728385
474,0.640591816,0.894437876
475,0.776936578,0.9497404
476,0.912306725,1.078279139
477,0.920465243,0.998513234
478,0.972039468,1.081645141
479,1.113658639,1.016185317
480,1.247227319,1.085242127
481,1.191639185,0.948755126
482,1.214860953,0.804169244
483,0.968133562,0.667547222
484,1.171778326,0.590383714
485,1.169671229,0.563141257
486,0.877288838,0.537001085
487,0.727183203,0.506720104
488,0.639439458,0.544407426
489,0.673678429,0.581662045
490,0.582289646,0.554121337
491,0.511128518,0.610130628
492,0.512183337,0.82658851
493,0.547261869,0.920593847
494,0.554397852,0.606723915
495,0.741041835,0.554335623
496,0.737181925,0.501176574
497,0.66458298,0.491731062
498,0.517078969,0.533025828
499,0.49060562,0.665219311
500,0.458709971,0.696864639
501,0.52148795,0.624687544
502,0.576403433,0.696848787
503,0.729382889,0.838526719
504,0.771875424,0.95286788
505,0.687618402,0.894889083
506,0.721652754,0.924163034
507,0.829964834,1.015085336
508,0.962062528,0.97987482
509,1.021670481,1.109981533
510,1.00147811,1.056040139
511,1.188211989,1.043053606
512,1.031338687,0.878838582
513,1.120961426,0.777684387
514,1.019870023,0.797535905
515,0.98026443,0.766847296
516,0.908426059,0.637229235
517,0.833280038,0.630787269
518,0.799037759,0.665646925
519,0.773121127,0.612957257
520,0.686158574,0.549237971
521,0.670361342,0.602737168
522,0.708647196,0.677060348
523,0.645565435,0.518792167
524,0.578500228,0.657171667
525,0.58925281,0.670815401
526,0.63046116,0.568358573
527,0.499117452,0.486290388
528,0.750887193,0.592163875
529,0.690199273,0.657309029
530,0.61617112,0.614554325
531,0.522514714,0.61649255
532,0.612623905,0.900322284
533,0.695900354,1.920596122
534,0.636842549,2.063935214
535,0.63556214,0.853938839
536,0.96054605,0.612406207
537,1.346246026,0.557504169
538,1.587485499,0.477266149
539,0.848928071,0.398950559
540,0.590449183,0.37788453
541,0.515776164,0.383885454
542,0.474938051,0.395524665
543,0.428794119,0.389030338
544,0.394041698,0.398924144
545,0.395909315,0.425454231
546,0.43284412,0.418674704
547,0.406303457,0.430732906
548,0.437340548,0.41209326
549,0.45531153,0.442265072
550,0.439101705,0.478653342
551,0.461602144,0.497176208
552,0.475620605,0.488776881
553,0.461511902,0.520727863
554,0.503759748,0.624528154
555,0.51879069,0.6155323
556,0.499103611,0.632515614
557,0.522571312,0.703158096
558,0.600480893,0.87319965
559,0.638858519,0.788919371
560,0.723392398,0.864323652
561,0.803366715,0.72335305
562,0.910285328,0.598050735
563,0.847835338,0.578798111
564,0.973022364,0.503923322
565,0.965004205,0.47772222
566,0.722414456,0.401810402
567,0.781789281,0.362188618
568,0.688050638,0.395881202
569,0.599913984,0.482718052
570,0.443940309,0.613764005
571,0.385354282,0.753472196
572,0.392173267,0.787348922
573,0.488000774,0.781090047
574,0.550425019,0.820642884
575,0.60911463,0.684419627
576,0.672963128,0.591397454
577,0.68048789,0.484843739
578,0.717186641,0.443283072
579,0.626932479,0.42187814
580,0.565764602,0.514014776
581,0.461766109,0.508982243
582,0.428530121,0.479674953
583,0.434326514,0.531108849
584,0.451397996,0.544761216
585,0.510534475,0.64810334
586,0.559709525,0.717907453
587,0.627590566,0.70968436
588,0.603878102,0.545732258
589,0.664086248,0.544860128
590,0.789144365,0.623136889
591,1.04850778,0.616749902
592,0.695413864,0.56402796
593,0.581977022,0.62052184
594,0.732484803,0.681454186
595,0.731626508,0.645255706
596,0.553027173,0.848442201
597,0.598321336,0.84668349
598,0.61628882,0.800639248
599,0.570376817,1.029592268
600,0.815563351,1.090705639
601,0.830296073,0.925285648
602,0.737589098,0.729847052
603,0.882320982,0.857812125
604,0.84412397,0.942547622
605,0.762021465,0.746748992
606,0.645243208,0.652228307
607,0.663719313,0.846314322
608,0.68497806,0.882434549
609,0.651215284,0.684015886
610,0.572073905,0.706579609
611,0.707752628,0.824549836
612,0.784013247,0.730853149
613,0.690906737,0.629605822
614,0.703394591,0.70937399
615,0.759646214,0.741320205
616,0.724395899,0.652177769
617,0.632409626,0.602886525
618,0.645756798,0.738185875
619,0.698138208,0.748864632
620,0.608928304,0.652380432
621,0.565178098,0.744882153
622,0.675578363,0.830378893
623,0.711289515,0.735980157
624,0.606288742,0.781499931
625,0.672019719,0.982227801
626,0.77643106,1.291795822
627,0.711065285,1.378470235
628,0.75442418,1.924045985
629,0.992597205,
630,1.087555264,
631,1.091642602,
632,1.802609678,