time,1,7,14,15,26,45,52,56,57,60,67,70,72,74,78,80,84,88,89,91,93,94,104,105,110,111,112,128,131,132,134,138,153,156,157,158,161,165,173,176,183,185,188,191,200,203,212,215,217,221,229,232,236,239,241,253,257,264,269,270,274,275,279,282,284,285,287,296,297,300,301,307,312,313,314,318,322,324,328,329,331,332,335,338,338,339,345,352,353,364,383,390,394,395,398,405,408,410,412,416,418,422,426,427,429,431,432,442,443,448,449,450,466,469,470,472,476,491,494,495,496,499,503,511,514,521,523,526,529,538,541,550,553,555,559,567,570,574,577,579,591,595,602,607,608,612,613,617,620,622,623,625,634,635,638,639,645,650,651,652,656,660,662,666,667,669,670,673,676,676
0.0,7.924139841794795,12.464629532450711,12.43100455988132,12.464634597618808,10.401131553432023,7.461018241557788,12.407033690202168,11.829400267532819,4.371790460802297,6.299344118787861,2.1404872274220614,4.577363061622448,4.011721228221028,9.872369951658019,10.335845063524298,11.74832493470749,4.635909116669066,2.785455577645141,12.25794378095572,11.334401800113392,11.138717184934096,4.3351406588648915,12.076074078266217,10.299589921707549,12.44145397598351,3.8804364541591028,3.006084257746391,17.021566417423625,5.677148359023319,7.71698960669551,3.4663266321665285,12.510564524103447,3.970178393003241,11.670282040914051,11.409595862239621,5.7630943287464405,10.461654638497002,10.771191996216146,3.82813725814227,12.33837195317487,3.8808345678470513,10.187308280130296,2.9418894334598593,13.190560684073953,4.817340561635541,11.478785784930164,10.762982581236065,10.6234247428889,3.6750524590082883,3.835461598667324,12.729553949741243,4.706271777258648,2.936024948278918,10.425452391767703,10.345714592744983,13.018665204756465,14.923479752816634,4.156371106629089,10.546878448739342,4.566370361772158,4.931852511505611,11.424278113179463,10.528906178592726,4.964658446445149,3.534238279066784,10.08766463304892,13.600453132995028,10.30315998293996,10.465875473783258,4.700028733341715,10.414951482467798,10.440411639314167,3.2489410117268935,4.67056693243374,10.421311094606153,3.91731359791206,4.189456321546223,11.545683241932005,11.503422467971838,10.049148025589274,5.265674718274232,2.7575125226144412,10.742112270344624,10.428854313670849,2.139549709785329,7.926164490518566,12.473070839423396,12.420151457492375,12.455118279490526,9.864511505287918,7.712058946866491,12.392273093249825,11.86127536255755,3.7822779305457743,6.2862230892794315,2.212396094794544,5.478203098341577,4.125386968241328,9.92104352868426,10.358953581787567,11.00654074000476,3.94934704766332,2.9948853940875044,11.66355576290523,11.332414052902429,15.256849917711623,3.946851016713743,12.09617545311427,10.361303570528008,12.413284301842205,3.9096339097259807,2.759929952887149,9.364929925688687,5.965687177333291,13.128390705574297,3.475772442701333,12.72449306084883,4.026367709229658,11.510437278013503,10.450445196077853,5.83148053993186,11.27077532946738,10.933403340126272,3.8527182221480367,12.377135218241504,4.233244341099549,10.340708109163526,2.8718824293211047,13.341435591849482,4.657020677571307,10.65706713876457,10.960235306188023,10.713270024083862,3.7482418972757316,3.4404522599765417,12.826865126700975,4.635635918459577,3.982079730911301,10.43809847511865,10.174465724983515,13.74307862805186,14.98388646730454,3.886013268818146,10.939627922215708,4.525637256280371,5.78363180734312,11.576678909837819,9.921928161005933,4.308651831449537,3.546792729511252,10.14655285139611,14.442938648825963,10.480738507751964,10.435609031120332,4.57165183348457,10.390063994050209,10.456088281958959,3.1111951282615253,4.682832661419725,10.460625109994437,3.8507793188661017,4.7567409933267415,11.541462787941828,11.40936191849795,10.136165548545367,5.266829577949266,1.8828818999157293,11.56666244041976,10.445490225593034,3.098544116605187
1.0000000328495406,7.929087876124111,12.463367206858884,12.40903729304507,12.449440948160431,10.259212021475824,7.396060994760338,12.376595430391406,11.789488076668448,4.691982950990273,6.354467635893439,2.7567548943784774,2.8092495205536987,3.963623873646698,10.124969347508992,9.806193924252879,11.332388204973192,4.666507633060616,2.823100773447405,12.089407441521416,11.437518852276106,10.776133840680334,4.4110462687399945,12.139012516627016,10.416775107667103,12.439549904556456,3.4261120727995773,2.699689086867762,17.598064947466387,5.87512428721254,8.082032252419776,4.52338354552116,12.580259755604843,3.8896908938025776,11.460678539128494,11.370444979188765,5.851321522467893,11.09778889533604,10.042500537710465,4.060317453800021,12.34860336795617,4.629053656208818,10.173503854774426,3.3653279984447555,12.558021164365744,4.947855187977143,11.372588460878916,10.53562269630317,10.487725278734287,3.7996110895696904,3.490878249691002,11.903959327716743,4.611140644088081,3.5851382550934705,10.498112053779487,10.207974012309236,13.909193804963298,15.838497301655533,4.0565704746249605,10.591833201302109,4.656101548162045,5.093263817152742,11.566398749989665,9.858340859996064,4.176728902691571,3.5195899506986796,10.503164759420159,13.19566089817506,10.918836287047327,10.435339044805756,4.340575417446851,10.38971237962999,10.445486215077619,3.5601147156834165,4.643168971618238,10.301945364503428,3.9878602471954623,4.063871120507022,11.44263570920922,11.410724978295178,9.894246200569627,4.992889937230306,1.772496027226322,11.651737027112379,10.460999145259409,2.254376172669568,7.9296484162262475,12.479340962483601,12.300051745081214,12.446875737562092,9.62999949381665,7.50937337261635,12.341187910348436,11.750656032639522,4.78741626673133,6.306817167447517,2.1316964636002544,4.749294580069631,4.1057932754744755,9.675665358353074,10.37587016813754,11.337736425767092,4.226746280831821,3.7102939769366854,11.20657523765947,10.57951226539042,15.762239409507336,4.30733893351414,12.150688498546407,10.403715498837776,12.391908945464703,3.922257832819055,2.825052315680121,12.520651780249656,5.981164691646286,8.643701611775306,3.4017215391440496,12.821615214071988,4.294327522508715,11.555672262039613,11.37650341324128,5.892439898378573,11.264628395625042,10.98394368327434,3.839608007656711,12.230653925109268,4.436083782457781,10.237437839882185,3.4100745956821137,12.544465404531051,5.044565076752955,10.665356737343505,10.641648692842827,10.593129069463156,3.6713632482542673,3.651267056430073,12.321583969583031,4.646535790119349,4.592334672617715,10.53314766131647,10.309426475551794,13.49999654261688,15.12796347847956,4.359035455592537,10.652595042805572,4.581599471905805,5.228612415018725,11.413531331195227,9.99407625115394,4.97088667542488,3.6671068249963272,10.206937198217569,13.494246000635332,10.486750658014955,10.339125825004915,4.605299691996064,10.414790841622368,10.419528710340561,3.2561400431672345,4.646089525740803,10.442438253105404,3.777026599132612,4.633095117346831,11.452247297222806,10.985328585438765,10.227986156760483,5.124920956024123,1.9890560007768725,11.550128076580558,10.422203068870736,2.146395836036113
2.0000000656990813,7.935020799223391,12.44087047245633,12.45160938422107,12.462066338233525,10.03814398100605,7.447817221080865,12.465491780374691,11.79515171002565,4.5328628970807605,6.342468469679108,2.0202021045774954,3.3718818656085734,4.248066233044843,9.764538599858682,10.007997252671396,11.060746866350494,4.588033102230128,3.8074949448247586,12.176957689094117,10.409570746037975,11.292095600291766,4.101285667725641,12.138754605028202,10.306187193906398,12.439217261496331,3.9521078744628375,3.1272776044732753,17.469850690912242,5.63193136535703,7.768934226309654,4.534672633728951,12.733628508187735,4.171644509266962,11.509051401750565,11.379623291992312,5.78861808126877,9.865534948438246,9.880454844946144,4.196649300010118,11.68024109453054,4.54415610969875,10.175905441193256,3.3980868346329993,12.467686938092701,5.223594821665598,10.642244418896222,10.375877528935462,10.34682216955166,3.8893779055974504,3.3265462278176114,11.968196531893968,4.558571537021628,3.7589640950601257,10.556396693223142,10.346762742570727,13.744557815778906,14.466626037104733,4.290716442700029,10.568161315893432,4.591057723267333,5.494951855564052,12.023025108796796,10.632061005714364,4.86806147755345,3.4841945364880074,10.172639681598497,13.126268655062372,10.39103035505131,10.59041341636541,4.338454537308006,10.542961211345796,10.453619122576326,2.7671498763348095,4.640453353269501,10.590711405621684,3.5985041681820285,4.735513412205797,11.49908340941943,11.160982128806493,10.282475502123786,3.4887941012132586,1.9898499823354907,12.566114237005529,10.397192467895698,1.9916945857060813,7.917787519287461,12.477438633487656,12.460902496006623,12.431230466393218,9.963482323356235,7.782449113472977,12.3933213053944,11.698153082461227,4.61387087854245,6.3404045166840834,2.008905324264286,4.74557865489137,3.8311810314006856,9.850096516513522,11.002084747734079,10.535230557364333,4.098799761323945,2.7536709999486826,11.863639527650042,11.439579490886386,12.175998214499034,4.009504388541133,12.231352625917323,10.433792056997543,11.847986719500875,2.7749123981894077,3.0549737116006948,17.175862440073967,5.8095143471158845,7.9141587424150845,3.4040581473016496,12.303756769246261,4.078250523159268,11.458379589877937,11.394074944150717,6.003916315730153,12.367026735656795,10.758020901234689,4.136077971425434,12.307174982205236,3.3574990567392566,10.147101688457147,3.4631131335418344,12.548469864375734,4.916089449741534,10.638756209713568,10.69854301285943,11.366210924237679,2.8726167546532175,3.4211404122189526,13.588851435584846,4.650255822029387,4.546957143442248,10.531818386259998,10.22297359278401,13.002769470442685,15.130071330988848,3.118299074651967,10.901924157755944,4.573625787505222,5.111782528334117,11.450728623816643,10.115986165793414,4.731671998311035,3.4670434913630217,10.808428354543526,13.599543226052285,10.620096665753858,10.354531779565407,4.492663145403656,10.379894937106089,10.452307807186934,3.2968789381822776,4.6794794353956055,10.513654094865462,3.869908552986216,4.626875985934797,11.596508190075529,11.464657430369806,11.44104759248758,5.11939505539155,2.740900105697955,10.35688073174963,10.470702720906681,2.1380038199530635
3.0000000985486217,7.919208030983148,12.4075375647813,12.417140894235493,12.467833651887252,9.962703634431836,8.024288481707167,12.438116593348504,11.670537010191708,4.340469188832607,6.282016463088299,2.276096449034357,3.0744229341659173,3.8250889997819906,9.869661923008529,10.42536535986767,11.840575922390691,4.604945914536792,3.241813359976955,11.128042376771688,10.390363789211186,12.358982720847905,4.195017416081631,12.084974407073307,10.35593492004794,12.39851750049726,3.8666241570193347,2.966667497134138,17.78748017040002,5.347699771835451,8.102767818390818,3.463663790027187,12.390844936456627,3.912400430758588,11.793593977927916,10.30003030803906,5.738374943977471,11.223643651542371,10.847728844521354,6.8100150559385035,11.484065775224476,4.572060853739386,10.245752719927212,3.760498045205277,12.51971430435228,3.9271352820132384,11.48079877969056,10.492387875542818,10.379119560978987,3.8363995351983986,3.0455254351155086,11.760428116314381,4.6826995468132875,3.8235591446234274,10.426125495767195,10.400903255399642,13.59554443483997,15.551162865420416,3.492059703630506,10.467032355196784,4.742092823351332,5.200520860970307,11.805609067718624,9.021803817010474,4.908016612587087,3.512669633255353,10.658755839051352,13.552696431444973,10.388378994387276,10.547755591945148,4.5137630949797645,10.464140705451037,10.426878261211325,3.1642572963280857,4.644629563485284,10.402732431432273,2.9474097038835168,4.440000898873337,11.553849665208348,11.208933853928116,10.067804002615526,4.672103696373818,1.8429869896084345,11.65305939606082,10.390767534036943,3.064000828580163,7.9113028986750775,12.443576774577192,12.463340474200638,12.40536003200762,10.23033527173722,8.005692117927854,12.388614498183827,11.669018405412286,3.439850088678149,6.388285171272714,2.379850362101606,4.744820301182377,3.6088347277402457,10.49875812578185,10.178112299183526,10.983047377021343,4.191599170880031,3.8197256780661935,12.16605754359502,10.590577836905895,17.00821079755174,4.214984517524898,12.25812916493931,10.31109781212405,12.498931861268238,3.3280849454715042,2.743862534832749,13.109461305743855,5.603988347876334,7.840994026081353,3.4683856277061107,12.567933360311244,3.968450931556372,11.625360225344984,11.240361035236852,5.894064194878038,12.371991461590342,10.991782200055148,3.837341578361423,12.20165393808643,3.8523706659773933,10.208403486405377,3.260483776800364,12.573200671721064,4.671885198444895,10.831103470240988,10.829557366652553,10.590761482672708,3.6621089628512737,3.554049391714275,12.998280560084181,4.5506666398367965,4.881551867760592,10.654718744431712,10.296892496797202,13.356492566087587,15.68756446437616,3.636292406040805,10.563749877589753,4.5451003147519256,5.088212006660267,11.98145249652675,9.964227542679886,4.942336570172317,3.4498486692978263,10.672317785836055,14.188236350185257,10.530011427701734,10.222117033723233,4.575727878717476,10.473904474178976,10.458592943585797,3.189557900385398,4.640947690645578,10.341449279023058,3.950250022461223,4.296422528438515,11.562018673601441,11.511325946520238,10.90666166026965,4.690467896150424,2.775859239476648,10.54013946159976,10.475915998726634,2.342070409881225
4.000000131398163,7.930871068897732,12.395267880836238,12.432000999695067,12.414398110465125,10.045054284954409,7.654492672314673,12.428726628081982,11.517778936929156,3.7187976218422936,6.329462611194884,1.7305077012014216,2.9951351446366536,4.41698483248707,9.897945542114693,9.989567180705375,11.667746661785488,4.5807049697501565,2.706669125289859,12.000280852650201,11.498179013967313,10.98337924397827,4.305146606624883,12.051531564994338,10.341219294107951,12.406948522079638,3.9535468808564445,2.857560726102562,17.453419517144827,5.661960938076885,8.120859740518263,3.532645645571202,12.554043352941612,3.921941573067815,11.741163688963448,10.464380337925805,5.9425081114709535,11.331947541244675,11.091192813458818,7.301468203626152,11.029800206842657,4.58530353486119,10.176621403217823,2.833025436374648,13.337533138223487,4.029863989140486,11.248936839945463,10.967736001334192,10.428987823389209,3.847952356564566,3.508475947971636,12.19097308313847,4.576137954248916,3.6703121095463143,10.507515416716062,10.133957007146268,13.705804835332357,15.180767942000138,2.4305691761354473,11.457444403711676,4.746540906186377,5.486551194986143,11.983583830744543,9.640162443614527,4.853812889946343,3.5312845052923336,9.891204753846191,13.927025864175453,10.409571791116361,10.948048093957414,4.14445935195947,10.38510083513973,10.494522466387703,3.463282759232054,4.608133021043832,10.47285086531812,3.002397848077443,4.909524671709566,11.553309894699446,11.330356610428055,10.307099273920787,5.039976873889284,1.7683912430185442,11.679809076787855,10.206680273125587,3.044379988486318,7.914024200925076,12.429196819417276,12.409844089315609,12.457583487835501,10.017871305416232,7.833078345848494,12.352907564461544,11.761527135106867,3.3983041220639265,6.3638813531231335,2.1386517463235286,5.127676544250195,3.5160834598628705,10.535055848129772,10.294814478397152,11.000831284033103,4.0743608714511925,3.8287999154531542,11.952314880871027,10.536325708836086,12.633299057947807,4.124172847278465,11.95384190275521,10.439774186171688,12.33321597045864,3.7849398436219626,2.3409133613880484,17.99358968639759,5.687140433201118,8.249716519987055,3.4928554563826957,12.363832638361304,3.8588310927228107,11.75586750599977,11.373315988288146,5.9499919257543645,11.61042063233132,10.897147957208935,4.239873637284921,12.208660654195981,3.7675055913032947,10.195490560768087,3.3600642900993725,12.498779254768019,4.618999462434115,10.49561010935513,10.721077313849014,11.406374059963,2.783338160383705,3.8088900430498884,13.017037472595447,4.596694498080731,4.836344600684908,10.533099664952632,10.05686885065334,13.736223562624263,16.165591814713622,3.257166986402585,11.36418542848873,4.5644683373851915,5.346421142781616,11.93908948760772,10.172369205342362,4.246591619970526,3.5238774231549495,9.96958800687487,15.183052370308706,10.365560670858612,10.526299407118147,4.601020721123354,10.394640301186186,10.467141436180079,3.6924716359229266,4.666322490470162,10.44931173506936,3.8235540508877452,4.628913322108715,11.526376305722481,11.490882551356716,10.471560765199875,5.409845671779731,2.90602063149829,10.51892979885826,10.480764615176774,2.189521907396723
5.000000164247703,7.924581585197065,12.465556117250058,12.423284411850089,12.414882657144663,10.13629001182937,7.748772416240737,12.438311114356752,11.389769894636489,4.402460195639042,6.343570413473885,2.794518408114522,3.4179242404177135,3.8245356020845143,9.849364513604995,10.252625269712508,11.321400834424669,4.630088834438771,3.9613221772528577,12.212341067123608,10.244693987934923,10.45759652684347,4.161359668422704,11.953646061862113,10.390087011012499,12.400503866202046,3.9607464313130936,2.5259861158357313,17.18921122032989,5.5627112652159365,7.702462527929169,3.5006390859597216,12.339960634861905,4.017129391489335,11.667521270079948,11.354911275774358,5.905650040398601,10.810024767408283,11.080192293769132,7.356231841325279,10.878731769594108,3.5677970287881746,10.196780010069872,1.5334884381709655,13.172185058801212,4.189447798975879,11.321638055938891,10.580188585051324,10.354450466385448,3.904267355071708,3.174181704913656,13.59198734124196,4.661455555910906,3.965629618680528,10.44072982273934,10.271278012588418,13.454239712592555,14.882011723834509,3.7829353811114905,10.622573598461601,4.70274055768456,5.7405262074415315,11.508415389690482,9.437312454119722,4.201949487798863,3.6215643301737326,9.782108077860496,13.087799052962943,10.411410849368622,10.562701755032124,4.476810177314785,10.45033370324884,10.446646642580399,3.2314386374474937,4.6514438643280025,10.50256409775817,2.8876969734153786,4.602603756536022,11.482457133647674,11.381649787526332,10.182777130752049,5.200185110388278,1.7868516334319349,11.670166338181797,10.470185571121831,2.122387741219013,7.9076257985963565,12.3009143819907,12.464391736360131,12.43642287435631,9.843729461886685,7.819085035802987,12.379656078015413,12.057130852160274,3.679499138294041,6.353789731922766,2.523007299979836,4.572800169863567,3.724317390384216,11.138467143204183,10.264733637163857,11.111688281130993,4.161789635191054,3.0531130505001594,12.129477346292113,11.365221386611658,11.830487045895872,4.323904857810548,11.983083533646177,10.408245317614032,12.381664080230518,3.860116751898186,3.380003869063046,17.539625606406684,5.836935304369036,7.830777266015657,3.4578756095059084,12.477495220076722,4.10520932263242,11.64234166044787,11.34933178287459,6.000122719113977,11.28653660883127,10.864009283410754,3.9581090066939204,12.36782481806231,3.2830415367637875,10.189979873834288,3.8779513992464394,12.545276628604439,4.750297484009469,10.700358624370159,10.745329518810694,11.27827597218655,3.0404705647513905,3.4733612944622148,13.398861710496774,4.444731258968667,4.686386147325078,10.787297745283754,10.35712825920937,13.448160303711237,15.859324551544338,3.3232619454968106,10.608714500397301,4.4831384448365155,4.346582669153422,11.778055552655479,10.029528234581482,4.468592150825702,3.4213866949314378,10.113172490881599,14.241182715131197,10.497139131461331,10.259228155590826,4.634521812595889,10.451912061550175,10.464989696619925,3.226737380322446,4.633202616967041,10.469467800154154,3.9141580845921333,4.503132529051966,11.566190778550807,11.607360291955247,10.42714229337899,5.231771851524843,2.8923905060523984,10.37100001083592,10.449296851144359,2.1754037275942033
6.000000197097243,7.93572108110709,12.454358661011572,12.466152410451327,12.30236703739222,10.033688012277914,7.737596815608974,12.463452805510162,11.487799338657789,4.417028750379621,6.311631267082266,2.1623751485626275,3.244869465829302,4.680110964411458,9.830602393072896,10.311040051314787,11.14684818408037,4.578680316953688,3.8537364865403037,12.39279549599658,10.182181256103428,15.1939330995652,3.8624870129539093,11.921246406066365,10.36828018552901,12.360998441602627,3.8825512974535705,2.7561303978586045,9.153329193591933,5.610303135930628,11.870342034024862,3.6244519594652274,12.179768487321297,4.731187696520779,10.465569505077353,10.543887461594318,6.00638614981581,11.531346954080595,10.993798343810948,6.785118228883575,10.923672064118923,4.592739913554403,10.049820973488966,1.3999322523879163,13.419252160736614,4.2572774784605025,11.518907230621625,10.686937951581983,10.432130249406034,3.7841501897872893,3.165547982122412,11.881162310850627,4.613908828055563,3.464318512836211,10.516528123193153,10.294028353542773,13.327774718156864,15.22689976889155,4.105892853700227,10.649035938826918,4.675527721224655,5.2315674423025635,12.002922710020794,9.708081973350497,4.845304003936522,3.4520865555094833,9.942510722904194,13.407205201564617,10.372990632040068,10.603717352840507,4.41176347818887,10.455397945014303,10.456418779649407,3.5983540361351602,4.422032379318816,10.509707475986522,2.909337590166402,4.594974667796759,11.549297726125214,11.37026274690604,10.267315685419987,5.036214466275538,1.7176846794976157,11.607223850336066,10.482219260005705,3.145132289448954,7.913027989391286,12.410020397185134,12.471569613943531,12.472859986115575,10.426518350389259,7.790030977876169,12.377863869549305,11.953432779565118,3.4947339396938943,6.359566951521071,2.058332976252182,4.823736787716453,4.177153385526715,11.07458867700305,10.190847724703655,11.086796742404426,4.614690624497938,2.7841721903779497,11.966586364309514,11.559763989793767,11.060580590113034,4.233815667637073,12.089374739168578,10.392616027914585,12.436722785868211,3.8227901724095035,2.6001047191248383,16.83433651478477,6.091748898055805,7.3834204748939385,3.440164206317394,12.51616770844851,3.9982178949955247,11.447850506307041,11.20902544970741,5.966746953423287,11.870213431620517,10.836716913705176,4.004178845214579,12.357876907514711,4.270172654572795,10.1645265591515,2.996792664009822,13.158033193444023,4.668919874824799,11.151152118357665,10.748943777908416,11.458118833263647,2.7883115684596387,2.9129516680098058,12.493292129631019,3.668742964308033,4.779544576119591,11.514018326917157,10.242993536550133,12.0277230016875,14.785182498710407,3.377289826445738,10.530790501729031,4.456342580733895,5.324948085044454,11.471756022126394,9.850298879164088,4.827968032324003,3.4852397253923573,10.014925551194723,13.28606354298937,10.709459512041025,10.47185893305062,4.570055812089364,10.394526472865229,10.433770829169797,3.4834603219250457,4.611258864189546,10.457491032521007,4.010223439631069,3.86196202545374,11.530794900146349,11.592406794277128,10.298206922332543,5.310798679880018,3.109476468319937,10.37356017016834,10.445534936140447,2.31622604029778
7.000000229946784,7.914742104224466,12.387551032363984,12.427379582570751,12.394471565071717,9.687341678139049,7.410424239525526,12.444430061339421,11.667943131688013,4.221997043692244,6.28996211496424,2.7246664295659495,4.651882447620185,4.543204992814568,9.717058034451647,10.358019058077586,10.993418523032037,4.623044327591535,3.7488581615589918,12.480085854552227,10.20843030181125,7.635083792589007,3.977369397011148,12.175400640451299,10.369057952359364,12.416650860810456,3.9120173392017574,2.4223354335495895,12.92414091817928,5.4724991989839555,16.49262697658868,3.4772562081753025,12.343118714424966,4.119178233443987,11.57131868721535,10.201139092769425,5.80209708498068,11.215828495104875,10.811271436024775,7.0844230132168775,11.069212434760587,3.8870268588478196,10.25066996363998,1.5493164324268414,13.340851099450845,4.160515447162085,11.494662122087261,10.564758991460536,10.413991811625774,3.7658557824526846,3.5703806985121602,12.956314750822669,4.6283963122318825,3.731386203760999,10.482900964689861,10.290538741892167,13.303060570889864,15.28530071264712,3.972955112182748,10.56992802516158,4.699588677888632,3.9518517920648017,11.382437930592284,9.955994673337004,4.80732337124682,3.4771544075155063,9.495351189562177,12.924767950582838,10.355256852257728,10.83325643704382,4.222014762737997,10.406011642282676,10.433662284667673,3.6162424006380314,4.679734270204705,10.43661954163028,3.030994674246083,4.630391816613436,11.554246337570145,11.50596323374242,10.318044110116508,5.274446675579137,2.754193887932588,10.561994082230294,10.438387599530515,3.1543297840288123,7.927436860979667,12.356720587032536,12.396288501823976,12.448918559394224,10.559862558998462,7.967133359491204,12.266351297871834,11.674984136791076,3.30879825318884,6.3750204042452365,2.416529095208679,4.791351690111959,4.152154026359836,11.097650898142968,10.78252616463633,10.252436567063896,4.6655728395769795,3.931703759447819,12.625319387463543,10.499145972900752,10.920333624568366,4.617818535706528,11.949226156306011,10.418711183948922,12.377097831596101,3.90943580627,3.4440521946063973,17.502255123345783,5.787479737848791,8.094779844490168,3.4569169732712,12.472501468699136,4.076352990222709,11.608548187667713,10.640620502808128,5.850301092677389,11.60325195207183,10.872007694496919,3.530599426953909,12.252219940576458,3.7790094711481945,10.167000498279192,3.3757641442659607,12.521939455829417,4.706489820752269,10.630575739725055,10.756507974030162,11.333242804975479,2.9105117416396085,3.184730099477511,12.904478655818114,3.601905740484943,3.7391021665385518,11.489780480718277,9.84717410521512,13.861026406489511,15.796329385749502,3.7335753993756255,10.499630574401902,4.593015830069956,4.1465443196069085,11.242581517743691,9.96053790248858,4.512105526936221,3.4772176295242962,10.24791980163172,13.393350619509397,10.513446349905939,10.957063976895533,4.000475611831158,10.397367807227424,10.462206046912373,3.666709902617587,4.724219846504231,10.350092421700117,3.826449542782422,4.6431966445911685,11.554646936502035,11.510325928360334,10.198193270551613,5.384885448886342,2.9565649282945636,10.440465525138796,10.474492869045283,3.0365884301713115
8.000000262796325,7.92797094794399,12.46614938100714,12.354362177250072,12.363911173580094,10.482713566028067,7.629017261947811,12.443659861261823,11.834880898324677,4.264155054250995,6.350306576401637,1.9396893775859079,5.433535187518994,4.893389478771637,9.90208346460332,10.578867416139959,10.283281038773698,4.638069277692857,3.9374491212326292,12.255690331016373,10.225429514251848,11.455781315488862,3.9146055453482704,12.287148158172121,10.370504664576464,12.565167536551169,2.7815324481924613,2.4421498270562054,17.445281725966364,5.534391622715359,7.850282589427583,3.468439621964878,12.48354113876404,4.045307306350064,11.750318858155925,10.456995756245604,6.004601715141196,10.873235192116324,10.929340108352099,6.090843885296017,11.766001690970425,3.911261406113278,10.283940395970925,1.5356498487716257,13.404945404501172,3.9919433669923503,11.290061743908302,10.555698101107138,10.436591543234421,3.7932987462504513,3.913918370461397,12.96682126463933,4.631059231567534,5.026374905177021,10.517199127298118,10.119987800214345,13.781544822749723,15.105626830081103,3.1550510669488334,11.417311749253967,4.695278737184027,5.43811282271929,11.498320823962022,9.959178570582145,4.52677602029327,3.441271646015066,9.689905669553072,13.694975469437516,10.259454698047293,11.129982762194137,3.8488565964960597,10.378153126505527,10.419462676559268,2.633634065419556,4.6478976997584684,10.461261201545563,2.892417012258568,4.613012904406545,11.565597686328957,11.564308298531843,10.965864148319815,5.208613807389702,2.847252271081991,10.43195409719784,10.341732127405917,3.076897631062929,7.932229554707562,12.47669213778219,12.455879338121514,12.459807004333157,10.404307893350381,7.933073023237161,12.439723348891091,11.499696046391696,3.6474611541021926,6.3622625978569305,2.149807475059106,3.3322178515065546,3.8738131435902785,11.174938103735926,9.90934355381397,11.49214350785832,4.649783370249059,3.833267553589028,12.32943684134458,10.464715237193234,10.381691898188468,4.137987921523777,12.266568838279367,10.40158699919763,12.483898404517449,3.8694687056891794,3.688230449689827,13.25926044065017,5.512904900024219,11.940159997239315,3.455834274117981,12.517605409513726,4.107720062742717,11.695467110011318,10.43007951802536,5.918529421791758,11.029483409574546,10.80089403508189,3.852223298026363,12.266208278100324,3.3825225530077767,10.174913904686145,3.321802185872241,12.573799210408703,4.841430501028107,10.63894993096729,10.735249974859693,11.429246409626177,2.784937775665383,3.21984603442063,13.369740037851319,3.6320893498790796,2.998068813114171,11.493637885821146,10.390145562111881,13.520925907997466,14.618315997924396,3.6203324107926855,10.468673285788721,4.585206226142505,4.355648313497433,11.786787713885905,10.002859099205267,4.958818140710804,3.4865666447756745,9.97711598259578,13.623063034894471,10.285354093021523,10.818091718163933,4.091912038361354,10.45778358987577,10.42524172755473,3.6416244587198756,4.721310996928812,10.392369745468317,3.9502017969899197,4.556211098540945,11.587977210620231,11.4577767806271,10.066482346725557,5.21697213577143,2.863476738488734,10.484984247032486,10.464932315182452,3.2437924483710043
9.000000295645865,7.926655585323472,12.467514859212647,12.41590052324384,12.411062965712558,10.305637409078743,7.422406645986501,12.44918324865448,11.622899331352798,4.042750413318925,6.27143764425207,3.6123840885509906,5.435247562357672,4.453107135669854,9.640440792298378,10.305501213301943,10.825667601084726,4.619131142852213,3.912426361948832,11.782205191449764,10.235315231541598,10.866687433947549,4.077619326084557,12.282016731633743,10.40131223661936,12.59997326472675,3.801908260715819,2.475904561164314,17.068450690724998,5.597466996622976,7.70648463792596,3.4564754287444717,12.183572105469084,4.9732133188608305,10.694894654998258,10.292946481045462,5.9427927642102905,10.104400987381567,10.940712746918042,6.2126026597547,11.418637988271504,4.666631678416441,10.217713385605139,1.4233485127490888,13.429804208536353,3.9923708819890593,11.520702881657156,10.375880220330478,10.450440737337113,3.399963223402288,3.9257489820577063,11.73844381525618,4.849390010810002,4.579097396576701,10.503027495438863,10.348624770609474,13.679365294397547,15.604294215250128,3.1537811777706173,11.393013686853156,4.566221274812714,5.496830531058901,12.05664535164348,10.333864385329452,4.804482952220375,3.481670049407102,9.966314216270973,13.074014461394732,10.33422463977159,10.57805052960392,4.544999317169092,10.362542120126868,10.507395588366949,3.6672174364597523,4.6726101270593645,10.499032126199879,2.7105825101187815,4.636370311612448,11.53264646585428,11.471704291583803,9.538995974847808,5.6289192569111215,2.819397688875244,10.464954688189495,10.43645702056636,3.1161761896968794,7.913691985869005,12.4727230414663,12.469806795460418,12.44701676448542,10.409827264646285,8.21453046702982,12.329351888486382,11.532321729866826,3.4685931897027933,6.379395658157266,2.283218979533402,3.2340272781429507,3.9658377080546217,11.109946115546077,10.290881271926743,11.277704734590092,4.61885768056159,3.1588814676549544,12.432311932292759,11.084790793857854,10.493041656553917,4.22867717255267,12.23801356130346,10.26887284507853,12.560577661471603,3.8219543287838382,2.613542094551713,16.892357086199585,5.845149494715541,7.961470002347056,3.5322726779568066,12.450642214946186,4.192071734894128,11.415474187154322,10.41788468137259,5.9002056110499534,11.021671568922374,10.908260628066778,3.766016327705189,12.212083187904998,3.3591633805621575,10.267700495870734,3.2008165716757793,12.579545736522077,4.679423381990883,11.59020299684293,10.854649954600402,11.512419871731902,2.786489496578614,3.3736288656547817,13.697133737589066,3.6743817444210394,2.901081640728143,11.468109753660448,9.870886905348511,14.224146256591151,14.35758503980719,3.3310966382577183,10.493470196931739,4.655230580115594,5.2041055911324285,11.893896946046047,9.890077268621088,4.691582591461864,3.5541264809655373,10.36591528819723,14.198456935282616,10.426231959812057,11.428414085144825,3.5734598542582154,10.425993015314187,10.411939210511166,3.5731761846522945,4.2510290894827705,10.317780306837443,2.9367810122139484,4.601532292274567,11.613948762590155,11.418524885177,10.025656832467607,5.078097714301261,3.0466006434370816,10.468583493388351,10.4756847695113,3.2045306448646285
10.000000328495407,7.928591627433947,12.46005540908503,12.443083627972824,12.342033403866555,10.084250567696154,8.087953912200556,12.428254486042839,11.543373671941966,4.501360563338095,6.244732965202028,2.6901591484888394,3.3466696000594207,4.888386753279828,10.045169574122996,10.2323547151494,10.931283742071033,4.6132707314166765,3.893221994800813,12.20335931774438,10.286262838674803,10.943167739828858,3.837237029027448,12.225392861360751,10.406492100175633,12.473640476189019,3.8539307194366663,2.579071097336498,17.541017128739142,5.572684786294665,8.05633385049954,3.467611783073992,12.733579789169076,4.870994723711055,10.352639439642418,10.369509894495428,5.849023629753851,11.618280654104424,10.867061162280677,4.105082280652045,12.254353981935456,3.815411047854539,10.129892409103189,1.3322760107327527,13.380555144038398,4.748919965953568,10.71776611319081,10.800440432503944,10.50256743612282,3.820349185084619,3.9425968704926455,12.579227648567578,4.78625096640199,3.7602755649263853,11.515257375462117,10.207492993288517,13.199258718447664,15.567165809127564,3.080180875166441,11.399318014397851,4.641588761055435,4.782587563481596,12.860871415823157,9.81153547844761,4.753857485676723,3.655821526043145,10.53056464009276,13.046908410446859,10.365639914698699,10.51425292684755,4.512720984872754,10.390464436847765,10.441569616907621,3.138909210131443,4.8123522169943165,10.462240541439309,3.7659109114928158,4.595690305171894,11.459418685978171,11.533364163989622,9.931442294056799,5.479779471162046,2.823050060145336,10.500770076484303,10.289946268427297,3.1529929050759344,7.9278446734094965,12.464904195847797,12.381846061777765,12.470109192824323,10.338093336979028,8.141610665157595,12.398988804652749,11.753699364065566,3.73464973674171,6.376615445276326,2.5746793463058264,3.3254447743722917,4.061166746437527,11.070226524780919,10.407725547588447,11.741599464932346,4.610521460174937,3.6844740393364277,12.089652721424601,10.604687151266566,11.13460652999837,4.246255118827945,12.133219110606168,10.297830488784092,12.578242896533673,3.8331485381297052,3.034201373896511,16.985926804992747,5.586521039788704,7.957893123060874,3.4664712144999563,12.547610004219601,3.97162184943897,11.648705119504825,10.512344465603768,5.97782892226651,11.07883390638593,10.878875663824058,3.2344009432573135,12.419548199458728,3.663281777878394,10.170100796502577,3.636675516671777,12.55430296007203,4.710956000863039,11.585872820188843,10.45448612538328,11.4653900257837,2.6835652708368936,2.9471196888456994,12.721759510567328,3.6146079477926545,4.743146936323368,11.531499641389853,10.316652488565015,13.362755417214684,14.284685527857363,3.3960961262597458,10.580589849736182,4.594860616615186,4.075628085015143,11.515480619430676,9.890281946354223,4.955697867379736,3.4822357057913385,9.805837178877287,13.10821886819701,10.393519271285635,11.385231725786156,3.6598463163682866,10.37747016382478,10.44758565869541,3.335530027384624,4.268410048696919,10.335034937287949,2.8208736398495766,4.826707063276549,11.575388530090784,11.51327191405275,10.0780543534194,5.30731054694581,2.7772985184171994,10.440808074240705,10.454326645157808,3.205613667590837
11.000000361344947,7.919327108592131,12.376373766707468,12.444576815696191,12.290322299397856,10.262306044814338,8.079308543589944,12.410645382258908,11.543976622454435,4.544947742263156,6.279003785198734,3.209480465723643,3.388364607749251,5.169382363387614,9.620059979809765,10.468051883152208,10.820692740134627,4.588933990288724,3.887300354500269,12.001904471087459,10.240740935322336,11.350284217876972,4.212841891890582,12.307045929069485,10.390927644027332,12.428047412351658,3.7488262981420135,4.061328315978358,16.98007839839373,5.501304241299905,7.559991429163501,3.563675035164074,12.141667502975283,4.8538598352467615,10.456824639178217,10.235001639484329,5.83790972050339,11.389629055239869,10.70934664523266,4.3858298824214925,12.264812901800424,3.822748979103222,10.204335937367334,2.325409716132311,12.671065528745741,4.82057780270908,10.721525396077059,10.464400447179104,10.460561552189104,3.7464193027973716,3.9332627901302257,12.565407248837257,4.706079523151919,3.738377159867698,11.54626884445521,10.252016961074938,12.89227646100059,15.564251840086156,3.228675419709858,11.359902281770754,4.599646897845871,5.452122014470594,11.990068969564271,9.661182494152998,4.744452998493198,3.4547089814941554,10.347693777930989,13.232687533150978,10.388044842954598,10.619814019927048,4.476767998442747,10.456027534594497,10.492681431747016,3.776475309539644,4.728372260354172,10.368407162882916,3.798006044822973,4.471351062907474,11.541910035772597,11.518001159544204,10.155229133542175,5.273106227399461,2.940127391656127,10.465794473432029,10.367675370762694,3.250198078930258,7.8975071620411645,12.467640005711797,12.476695568971083,12.427713328634109,10.41139111600731,8.13477249224481,12.37024130913953,11.428029544413066,3.6006197321993763,6.512546839261136,2.2985767604518355,3.9775861812769957,3.938926930891112,11.21654864175011,10.116429992487667,10.964805989712499,4.672783642143299,2.826585846061401,12.820768496704169,11.408180255771779,11.08886560698579,4.2008375935457405,12.22721051821063,10.380050073003252,12.551872637877251,3.6782740813508754,2.5650948457914455,16.94282590167482,5.927010680490281,7.859228295748071,3.4617692122761343,12.503180014528963,4.057462179776168,11.47782976146428,10.563775799638204,5.898018765615984,11.930324524014964,10.681841065834673,4.538231497510972,12.165450283077627,4.460150469127925,10.304021956102048,3.4588177984732615,12.991254941633855,4.794727926570227,11.539841011579702,10.62766737671463,11.449226248116267,2.901094135296538,3.8085813334016954,11.866174517042195,4.588320942355814,4.734813874411004,10.61371148577462,9.741510151130171,13.489217095971297,13.70171033021975,3.1555829460912452,10.624309605111424,4.714290204616523,5.735737641770692,11.98513562760169,10.052405675443515,4.866443600307894,3.7635094683361747,11.003339338251969,13.026016964459645,10.357635453065138,11.499971134651569,3.519132266623776,10.471917862201188,10.453945352267048,3.6530306623020268,4.5051047707765655,10.222541433551797,2.839696864848084,4.690213596413074,11.35346036578978,11.47462085016474,10.513545666210325,5.197104899786603,2.856282578860752,10.472270349253485,10.384402860665904,2.9376388428035383
12.000000394194487,7.938301137093971,12.428483924752808,12.426524918693291,12.31148274743766,10.235724939692481,8.115146485628754,12.456836542501907,11.835096170727937,4.271784529509843,6.200194623615471,4.447984492823678,2.9524543596069397,4.918631170300376,9.811213396968482,10.358098855657003,11.319676468052545,4.737471326604024,3.6729524316725373,12.501114564011747,10.340847557014401,10.852382191774238,4.054269882890334,12.00698599607848,10.249329778501862,12.3846543400571,3.9466781760324254,2.486069119196435,17.19123221448893,5.727348250010356,7.803513510654168,3.4583815744310056,12.552956932940614,4.698452654087806,10.412344030361634,10.453109781056321,5.936190488816502,11.497709322497377,10.739085099967795,4.038288272189589,12.178553732249771,3.268259047605292,10.116658879988549,2.4390919355875536,12.542737740926562,4.858685189328505,10.58140328294526,10.496763923729524,10.46451862089788,3.724674782037889,3.932772040415281,13.430029006098849,4.758486115818103,3.6152143055838684,11.522692161325889,10.173572849198074,13.387576877928849,14.516039889546736,2.9711153667526293,11.5390388678994,3.9112102309349597,5.137418769953329,11.655030237597034,9.674030742938454,4.707505995481087,3.5711937664750364,9.856963139030116,12.85094649522311,10.277893167793678,10.604852628873347,4.378634796209968,10.44953527827971,10.443695489097715,3.176566030372363,4.740623697213522,10.45141997393209,3.8769395078108775,4.594423484472658,11.460207145945311,11.54155193747315,10.187323376691264,5.109276675779253,2.7714223484464147,10.302389196641261,10.520996007086069,3.072508693951296,7.912744275087643,12.466106178936608,12.459793335871636,12.465751413316838,10.345289045036715,8.171960013145608,12.370338175524012,11.70555388405089,3.9542877322739654,6.362676790730248,2.2568792573210787,4.2398626234195875,3.8367887718497804,11.366842437418908,10.121579603386213,11.061873089475837,4.63601265114936,3.7272657367604913,12.48697300251576,10.596777131492999,10.663848015428332,4.490711947424836,12.248572021864245,10.36303935053581,12.489637221957205,3.9387903923200525,2.66317933212828,17.24993556415526,5.958991995098712,7.666147428750515,3.417375662067245,12.762955581837462,3.9101179030630724,11.660194227633635,10.452850782068433,5.940180056704173,11.303505948668576,10.7107084158369,4.461236038650933,12.134445702774654,3.1722387489628527,10.269520813131365,3.6788530170085725,12.589400634729245,4.569964560193677,11.50441243857418,10.607219930425616,10.713770292863453,3.665767873778972,3.2543037904663987,13.682531383303486,3.5849120162472063,4.828148442959505,11.484619391898205,9.894145668753996,13.20534060869698,14.645620031940592,4.042245736648053,10.564172139870692,4.473128505766188,4.384703465523732,11.591676042485973,9.294414715238261,5.065962032322352,3.5556078782744547,10.265714414043217,13.461829595506517,10.631519504860629,10.392174634710361,4.649526090059026,10.487619030078855,10.451550945438484,3.4052695460750764,4.673153757186344,10.340306011297846,2.9222106948499023,4.4096219568566415,11.482068524710108,11.494883366803634,10.294254570734523,5.151446018079365,2.871745712933707,10.537290505123892,10.315066604877586,3.14882610067623
13.000000427044029,7.936919624375715,12.451978604415432,12.41897537539283,12.28778009012603,9.806206527018723,8.077638996319426,12.425342946471801,11.465222991821223,4.608591038546394,6.277320722315647,4.285837523699448,3.4294972681660227,4.707854268141613,9.805442167224646,10.374306443907829,10.947322158901917,4.838087669861895,3.8900416687153436,11.986201059886987,10.230034860529136,10.833415905963438,4.103829836899339,12.319292399084407,10.193178952659672,11.951801848849144,3.9087662293934597,2.7940009894620537,16.8585558604311,5.531451431768126,7.825674776968969,3.537812167122213,12.516162373335844,3.837824203493404,11.708022433306164,10.56693015446347,6.294885906566749,10.215960371126094,10.964894858035377,4.246387141242632,12.471863576014817,3.863219851429657,10.201160718373464,2.5970144393050547,12.492353585454975,4.539753812554087,10.721816712020564,10.736654377275919,10.439273532223744,3.9184354101127306,3.905777740907393,12.72693969528869,4.700441481805412,3.527995853909697,11.625817987658609,10.323544111161315,12.969496209511705,14.971997446920993,3.9879320445660444,10.583809007814466,4.563648101293374,5.384623913460864,12.034010297716998,10.358800565023099,4.908887042000563,3.5112774008420997,10.725954696483548,13.439628435630128,10.221007381213624,10.587383829361137,4.481236111650522,10.453273696398377,10.452904302382484,3.2093166831319984,4.755805541620663,10.497050888119182,3.6434843397646866,4.656444398282984,11.536023252064448,11.160468164475514,10.058544013197501,5.354429649639887,2.0467991609646874,11.385448145192417,10.440787251473646,3.1952383123624672,7.934682633472571,12.46852216715145,12.47641394014078,12.393808253931711,10.494037144556415,7.850627822985019,12.395809293149261,11.6863832653741,3.3315775689288594,6.323646499520069,2.1716116020020597,3.8045746151785913,3.986935795832086,11.330424422819842,10.303133908618966,10.981886950820005,4.626579756159579,3.7847592466557978,11.826013048116609,10.57260632292706,10.87451771814132,4.321005158104404,12.145190106250913,10.365837897944129,12.364218894708022,3.6909073372834027,2.656789456706619,16.941094386098026,5.890133636038761,7.792085954041733,3.3997017964942606,12.559947503795145,4.198955585372628,11.345039210055383,10.505514367621938,5.793690668904721,12.01872906824523,10.745993110207452,4.477670106699644,12.152938911128093,3.772002355297933,10.1883575705183,3.3907676069045363,12.55555599766961,4.9267685996678505,11.45041911015822,10.597319558761777,10.465728891897312,3.8132307543083725,3.3566030933788173,12.790903744441747,4.212926510922681,4.5180187991220695,10.84170997469903,9.85802251157768,13.161615635568305,14.06145679367003,3.1730468264816043,10.642463623269782,4.628524684495196,4.106525066649488,11.610210079100941,9.898936173370089,4.929203816709123,3.5114143591026945,10.980709470007199,13.152726702810766,10.37513787764754,10.266755187683675,4.536231101329904,10.536213430455595,10.448723711361444,3.2610531653558823,4.108601480944617,10.358778042815265,2.8721483037293556,4.333838623968374,11.550391334208157,11.5286346745238,10.534608037709216,5.129657578899671,2.1542923608406714,11.020144717130512,10.427410552488414,3.1339483028085597
14.000000459893569,7.934454643752819,12.464882035107092,12.442938400770265,12.237919026255765,10.002296762523265,7.769929792260669,12.44298686807613,11.628946065185135,4.234360241918251,6.215085741886151,4.595482570620226,3.6520710276959782,4.293772018004629,9.64895237202072,10.372693579418964,11.409902332387622,4.630261776003895,3.8184244172221136,12.410521132129029,10.311962809553618,10.825539198978761,4.142016608810342,11.89584543699209,10.376828487919006,12.337669928915867,3.869078556068682,3.092954357253967,16.857452801818543,5.4908163456471515,7.731280758770878,3.4691633097564982,12.793361938474293,4.055888593869369,12.339423176285521,10.48496166895921,6.060338470493595,10.222306911107367,10.955996151277237,3.6839023397931507,12.13846857210828,3.5861869247989024,10.310116786963448,2.5345235089627387,12.540228052103505,5.146258681107628,11.445386513317995,10.671776094321501,10.404903714144426,3.8035088095489744,3.7776207953588257,12.893253397730435,4.696343418063233,3.573024884366548,11.526597944808934,10.25232568266414,13.259387373293569,14.873640989889486,4.265369428541868,10.540635220460624,4.539509327421701,5.504068403836306,12.293905528121615,10.236773994364057,4.9167934975047105,3.4711219426603925,10.23357397242075,11.94598334001491,10.400405382557208,11.424221073009697,2.466520192561621,10.924009378070142,10.47537949015008,3.2330617961058095,4.703037199200477,10.65895121610543,3.682700731482678,3.5216495553859026,11.557811890935161,11.538354166109443,10.418573400374026,5.121548986766149,2.900296534307626,10.430739105790249,10.451624163390486,3.2704033869464864,7.929585361864198,12.467627469450633,12.472442969611276,12.382050647494586,10.38536730307367,8.140869771248855,12.341288754290368,11.497156092154947,3.517444150349549,6.386361467851081,2.55569270616639,3.1715723861012655,3.9013471909467694,11.09914927596829,10.367781067458933,10.87080320438013,4.678939784267866,4.020344826773318,12.424020262890329,10.499392885044175,10.990641850616866,3.9392279887766444,12.16253566416988,10.384767434109587,12.434934767928487,3.801597633939117,3.514473400204669,17.210877042520575,6.024613340410269,7.8974450789598105,3.326851073349628,12.450652435926397,4.037037665800046,11.59814558362854,10.446770706999207,5.729888527956153,10.203533197316366,10.86144858510234,3.4566144968668624,12.69310338242024,4.559798753934083,10.189256037395902,3.8504319607665467,12.45547013329507,4.866381402092494,11.49194722552096,10.41984101064742,10.511606528405496,3.4792958429603504,3.5682632212362213,11.870295481803742,3.5836080170322653,3.772078019154216,12.445046928813014,9.670707187534596,13.418056795490871,14.105450082218766,3.328626943746052,10.564414755039124,4.547414061834818,4.827531286992221,12.008036718136207,10.813947020198187,4.719701274074566,3.500421212964361,10.421920859550623,13.134649255748956,10.397659602942685,10.189256522276766,4.649827501751721,10.418646159199822,10.445579838629714,2.950587117822622,4.408854264303732,10.39769445771507,3.0177716016659772,4.620249135054969,11.558894552782506,11.501823317180326,10.377427565081192,5.180509894859617,2.929389772505532,10.455685735556415,10.453870379786077,3.168439852698517
15.00000049274311,7.930218455942667,12.479306657937824,12.46186187034068,12.325710398541869,9.79143025791985,8.120484008061862,12.43302271465875,11.837876229750961,4.355945650924488,6.16650180428703,4.283083701024678,3.0818200898913095,4.659561618346123,9.749846543255476,10.346303199379342,11.13887486028757,4.682643861244739,3.7930062973842973,11.63025704083353,10.153248349771097,11.128639589614888,4.432868389037559,12.129815409103063,10.298686722224708,12.408429675382072,3.9565451779049123,2.380854271558636,13.43730067217259,5.358650455559668,12.166326248165046,3.4982594598920254,12.651929119047718,4.7996809986166555,10.791083861780693,11.463950330468215,6.096888110028512,10.505709425578686,10.834457037171866,3.7642615267436117,11.90888407637567,3.664534192808592,10.17808379287757,2.485697788236557,12.466629538226863,5.301116383863083,10.618082476943677,10.357649798870375,10.3243324173337,3.722942756282782,3.918453350399279,12.68500041903034,4.763156736340072,3.66426407301277,11.51275190410831,10.14151571077795,13.040763206720984,14.669860930073732,3.192822771607479,11.435333822557878,4.556187450573392,5.536373472036541,11.962344604488269,9.812777323793142,4.75054865659237,3.708876951227181,10.295211881784816,12.563783449136354,10.35393574767464,11.489380496993139,2.3592353387607363,11.277992683234176,10.462167455810924,3.5759456781268257,4.754964011658638,10.369104373821047,3.9638389445431548,4.622734735154926,11.424652522682633,11.468415341430163,10.15859082429718,5.421324742606478,2.980651051855578,10.52131149438608,10.467285509380522,2.2714191100293712,7.937155141844867,12.467146300002474,12.473312513210312,12.436432550081491,10.41012303658158,8.120433999935766,12.334302295644722,11.924991162278763,3.388331101186858,6.353134135479182,2.0667717758903383,3.181811525193341,4.219985650077177,11.313455783583601,10.319457389999785,11.30263984183787,4.6374277374719,3.8566414803820392,12.779792458044364,10.481628259657839,11.226501560513586,4.539569473522493,12.253376002924377,10.373258216323325,12.908061375158667,3.798533158254026,2.5067922780751832,17.29773560737377,5.970894393552174,7.8910701158659,3.563847617661445,12.526280913888861,4.073066121611146,11.7593312397252,11.35793953145701,5.797576282513917,10.847515915388794,10.638902881901576,3.911921304188915,11.92306290411461,4.4900524865252525,10.163772850671865,3.6548024426231405,12.429011317074721,5.05618567864256,10.796789463659662,10.275304017391958,10.488740249333407,3.733106474550789,3.432760113493954,11.925293432795147,3.670966338776083,4.710988975134414,11.6492656088552,9.71928234989872,13.36549097611161,14.076087128912086,2.4421466146868696,11.455862834054383,4.572472585200826,4.524503410575915,11.59781541871974,9.502605596773169,4.993187093826916,3.5891404330976133,10.666710780046358,13.672602313156197,10.497009317467159,10.248627128555304,4.668966588844091,10.438103428637529,10.462213069566939,3.214402656927895,4.230119209841386,10.398432743634675,3.7516129360214485,4.02204908484226,11.435121925712393,11.48413570693816,10.37935253573141,5.286158721276463,2.941283242315875,10.457528768111223,10.407869038750617,2.228538631397034
16.00000052559265,7.9379443658690265,12.454968512648346,12.45030250506456,12.251058043100675,9.87592862378614,7.994907393607714,12.429654087468954,11.691725916137603,4.4891432504813125,6.235699821675566,4.708897948185069,2.98850354814693,4.502690084746691,9.789224512176395,10.343698151045533,11.097619691033733,4.728144391344994,3.8249768763680922,11.50180181457302,10.27419735019757,12.36858995438574,4.316013873445405,11.935448549171372,10.381806561962879,12.343795769723197,3.82509519464866,3.0022639426818873,16.882050643116205,5.3670439833926205,7.69759853566479,3.562825802103809,12.51397997562795,4.059612590067109,11.659581603622286,11.342774356160813,6.090502272934733,10.969091283274826,11.0890294718012,3.5716644677090477,12.22727640766869,3.2345886724509034,10.191684972374334,2.6743071614198,12.459060374079383,5.046777958887524,11.439266931381987,10.733879842843642,10.461903063594463,3.572842158645301,3.91705294612664,13.587987050767364,4.747133593222625,3.5525143529830965,11.674215375215681,10.253427901258988,13.377047887813399,15.593741599626998,4.024717539995108,10.585368272442727,4.672822711074873,4.521411714466968,11.833369578364543,10.019529737661165,4.894850276571622,3.4651454314250287,9.921021662289581,12.964477545464364,10.357517691124974,10.608968888532692,4.408973501119469,10.462660101726451,10.400922531537683,3.660513775751284,4.762255804531245,11.42391378610702,2.9804540423269885,3.598362823710393,11.571048049994184,11.50127850173292,10.47111497884018,5.241871975226004,2.9139831863782315,10.483034297365245,10.46749074692359,2.2529156023138257,7.934294835718344,12.455267168350396,12.468272082459718,12.432412198566166,10.166492188884614,8.031118118571468,12.394686136005747,11.671097741307301,3.41375664985548,6.3932175634193475,2.6324419330935234,3.70229831762579,3.744346932430381,11.341208789697758,10.335802281781987,11.289497132983126,3.909238204460509,3.9471176326085677,12.195793776992733,10.42701853228234,11.210605875926023,4.457562921052198,12.244257092378394,10.38726347177874,13.415026542617515,3.8313876764624917,2.601881553412964,17.384799269861013,5.659097265338194,8.039785686488628,3.4487427347470234,12.582570400533292,4.007258644187341,11.522641389303095,10.55008376929088,5.838420151447032,11.138944812938343,10.887480246529313,4.388058624501442,12.27817283660664,3.949530996453831,10.126408091647514,3.6046689973272494,12.590034254557963,5.109541695183031,11.43486339488051,10.824445993299516,10.548030291710802,3.608041790078987,3.658180602764438,12.618939314211204,3.6461494038819606,4.680918708052812,11.586128806913438,9.904229036895506,13.66755321800925,14.568169343056606,3.191743728725069,11.310687655146065,4.629624879878918,4.302020998804098,11.325211938074139,9.1685733233732,4.743771816025928,3.516286838766405,10.905815200641033,13.342010490401924,10.407371438835517,10.04340254702424,4.861845152183048,10.428511439914324,10.456602964081354,3.6050521238092683,4.743277490956337,10.405942553727284,3.004279001167223,3.845133873457513,11.558329250410619,10.792627650195824,10.46790537763709,5.053997321981868,3.7124267668001747,10.45532387333184,10.294885946177448,3.1055988285642635
17.000000558442192,7.904736785796614,12.472424606208499,12.461361544801624,12.318099422266082,9.972134880748778,8.299658373119897,12.399113427452088,11.705237394271713,4.810955144507112,6.32118913044481,2.7079596006062303,3.679971248518821,4.405051131795701,9.48437943463816,10.302314869250164,11.29579708236218,4.618544775816575,3.7348255437197375,11.540259601641667,10.50207050767663,12.02250564581791,4.093685294241475,12.061754289388203,10.38976753410794,12.384938860697831,3.9091063003028537,2.566298443525844,17.31467485915239,5.684752066879478,7.657413555534714,3.4879300508389597,12.915786103743587,4.0057522146642395,11.643278069397434,11.475584676624361,5.91321223360963,9.597763458714965,10.82583954019401,3.955202993169458,12.165628796615712,3.4609926411571297,10.184614756278215,2.5512066683574988,12.261748713548629,5.111869469053939,10.5756205389068,10.836020930331875,10.45336737673517,3.832157165198731,3.9228989609391354,13.159263396463668,4.726834103421396,3.6532899347842913,11.565377122578264,10.419961395410356,12.940298658126862,15.107963643278953,4.442883552237465,10.543934902938833,4.691156695798279,5.3501449401869055,12.41477423502547,10.91636554790191,4.324158168329226,3.4350207861731263,10.438516672755823,13.08912572991469,10.381629856981965,10.548408702144744,4.499393924281077,10.423855105659756,10.366283482054133,3.8161094875374433,4.676916175706664,10.84863540403716,3.5144198648427705,4.5789523074700025,11.582588266636172,10.668885063068505,10.067652572438776,5.364146213250829,3.6677050766489265,10.594399125649485,10.473977472873932,2.1618792890072127,7.917082632456265,12.466054487724671,12.465302285668606,12.45545156988189,10.175752194318376,8.009489025495125,12.386301026112976,11.68610115124071,3.7095428587937165,6.369276114766155,1.9731831759326455,3.50688083398845,4.057539923356752,11.434385132782223,10.008258816873422,10.888297838324005,4.066511657241751,3.9972181850996598,11.588555405541175,10.450812499214267,10.625953638991554,4.647921866229785,12.326753194947052,10.367087089230038,12.478353320918314,3.840047392505399,2.889166180174777,13.212410116727161,6.042707454689023,11.806638104982003,3.442474559085371,12.500639501996613,3.9156566200470784,11.620923115870049,11.408459842034077,6.06006286756152,11.121795399481297,10.966038609517463,4.190705721224294,11.805107425381426,4.077034048363614,10.34164739019511,3.19778672003934,13.24623899069377,6.098660562476242,11.551007413024067,10.601176508707642,10.494424911359213,3.751750791157036,3.0627056577695373,12.76693907273817,3.724714559125507,3.4791715829894256,12.52364151819974,10.374987646104955,13.616949474432325,14.242716005709507,3.6303846059471936,10.572054095090271,4.734050158002974,4.512429056903281,11.264859748797464,9.878401194197004,4.925799111830607,3.5612274114788787,10.926166636799971,13.425032281581887,10.395598154865585,10.027669127436749,4.632263548134338,10.441322501345525,10.455408738914466,3.371462284288437,4.120419559340918,10.38827411115802,2.852634096449525,4.534540238838997,11.484102695981823,11.509751745098145,10.261019636018984,5.396090336572811,2.8761504976186933,10.453628593905874,10.370996266932826,2.155896948553263
18.00000059129173,7.916508926569577,12.438083545683043,12.426661413981396,12.2344419628239,9.903487811981227,8.031811183778347,12.45432623687456,11.557108766871599,4.223823539320229,6.23621274990489,4.604470601951398,3.071584493960299,4.128234991655057,9.983264214631314,10.37647300957119,11.806399492150652,4.609568836593839,2.7567775590238126,12.625121971633314,11.43253085763355,11.55033299565456,4.3735315888216295,11.90650785041724,10.38177258287688,12.344338731322333,3.9168125943373324,2.9905565173332747,17.24265472345012,5.699599797090012,7.989439741823832,3.331798874363511,12.719586068962975,3.9785826635080723,11.58665218705999,11.370942511320289,5.868105561473204,11.452868920925296,10.730815299874777,3.483434466506256,12.220352662967,4.098852948277633,9.984280707478316,2.23386531840121,12.327003999682733,5.121107771215236,10.49409079188663,10.564085551822599,10.253461279714262,3.8028097737235775,3.9293521810700405,12.329633964463865,4.741457200707801,3.6839025236675282,11.55484186583432,10.391195142536468,13.366458968073067,15.422842079587703,3.2342419420141484,11.403368671753082,4.589441204334778,5.0006397674371295,12.139174542255171,9.944469853185012,4.943329029901825,3.64153540138703,10.073733097956692,13.33815762400371,10.455079709576074,10.256738242275551,4.720691855551084,10.379767064385423,10.442693013065822,3.456559563116531,4.657122785602351,11.517915177317008,2.7061123929754296,4.560793697327381,11.402081829772776,11.490304388164928,10.17931231009186,5.09087815930469,2.950487744296101,10.47196691651053,10.462962336122704,2.21230281617609,7.913629653059765,12.477282227290068,12.42611057475626,12.4561978246201,10.284830541837595,8.195705935934786,12.331543940297571,11.549585986327994,3.6179647936105903,6.292653559577676,2.13375249858499,3.5804756210513298,4.026333277273682,11.334057525928266,10.016576555317593,11.33364306862024,3.95133197575157,3.691545049609334,11.715476518858534,10.603638626834613,11.282278553235608,4.432561246104834,12.1765789102901,10.38215476786694,13.511293957006782,2.7960474122549925,3.579446448136337,17.044557361647037,5.988914948905936,7.9053844439913155,3.305247068967808,12.693499953892719,4.13395020108451,11.457421753200187,11.452513756848163,6.105295054106783,10.866517947757604,10.873417703429936,4.092575318278147,11.9498651558297,3.332756532666371,10.128974390607697,2.7859566189804035,13.196343759687469,5.590873540874845,11.518083630239202,10.5356734195645,10.454276563907444,3.8310143697130083,3.579747813065333,13.23354868091696,3.575842713276967,4.1740463436204855,12.092465262866805,9.742494815926737,13.354842530367087,13.708684606369818,3.509021660856714,10.576439304381086,4.485624994617997,5.255592276919879,11.583864503304184,9.335722114421273,4.855117968249289,3.496202679595362,10.483211394685444,13.651607626805777,10.526600637792265,10.279431739597202,4.6454304127017165,10.425919878175316,10.462590687414492,3.462995871371678,4.253947223866322,10.417054450861821,2.8864970324972523,3.7615747506096655,11.526069656416052,11.427760001864605,11.328169279770304,5.123946197496083,2.8828558776187543,10.493514534846621,10.460529609978375,2.2116600265584174
19.000000624141272,7.93845011689988,12.465667050176405,12.367676227258318,12.26091872498665,9.832835297598605,7.814140748403816,12.404421192871512,11.559216637529339,4.889334032296617,6.339482855130669,3.263919642803445,3.4148560044172602,4.166574616029697,9.6160809516238,10.36602170203155,11.412097790485202,4.650370250746459,3.8693356553129195,12.117928335901217,10.531191150753948,7.849539391591416,4.498212901556827,12.00568477980175,10.312779001217718,12.385670878769524,3.9488475484553827,2.965528098483045,12.843825056019245,5.876865117498372,16.74848543669333,3.484689079101366,12.801548645854487,3.905478958092775,11.63808727946535,11.300942432797791,5.9557915852498855,10.995068076912602,11.110783932364848,4.347964163533313,11.800152830202274,3.472680100498044,10.183044387697764,2.153367495745799,12.43118285488418,5.185543416718818,10.461618615179418,10.554365138964116,10.23542579474632,3.8616638712665603,3.9044097711875487,13.264645190402247,4.752047729101379,3.7533731693227845,11.416238666728303,10.202035761608911,13.465843161285772,14.839647775273708,4.219751794512278,10.679622552541533,3.8200342486188963,5.131938779150795,11.873134508630741,9.498701103514442,4.917975685766235,3.562990662839816,10.244476129587458,13.719093929196191,10.427471874216556,10.441820640333589,4.508746261419435,10.4454297959398,10.46642662788014,3.3431014266324577,4.778998804709669,11.476567469293176,2.756314525461377,4.574370625639342,11.514020130012959,11.531166650878331,9.855942468357412,5.061841071829983,2.8662416300328495,10.506220382393689,10.474970627175184,2.2329376428255436,7.931030960784851,12.444778315666115,12.477242366453302,12.46343486365845,10.24180885352169,7.608849441970303,12.346962616190662,11.480175938498087,3.9070631948879697,6.401705112187264,3.017110496534693,3.6280137303788185,3.8960041644124668,11.264590457110119,10.060714574524026,11.376623963073728,3.9691690484725024,3.8145803925739052,11.9657674821,10.559999989096022,10.896851702514274,4.562173704778777,12.26793437447622,10.297406022621368,13.382201817235488,2.883435937600891,2.4884110204104095,17.246979705409323,6.048178032930832,8.061097305236665,3.489504948876436,12.789036054967426,4.886891646563634,10.405918614663038,11.406814891609175,5.997620165791744,11.423747051708101,10.831480391657873,4.271716609422256,12.259114699130661,4.151297942668218,10.22288735924075,3.880056163692604,12.53813450806283,5.027237188853548,11.227795607041108,10.23258253371251,10.427227696551109,3.826406144533697,3.4415120491636,12.40998131163526,4.392181034956579,4.646212771296136,10.812214175518083,10.377937514601927,13.187408633649556,14.198806424962008,2.3912400187808207,11.41853960414485,4.491707014352382,5.4150003150626755,11.956601947644355,9.811728592273703,4.913368558872965,3.528693045818355,10.67127125695669,13.005240986561445,10.56479076180761,10.319678157024443,4.615734809123233,10.451122806887954,10.452664892365746,2.756959086986802,4.294389918768406,10.36010396385751,3.2701927584239145,3.814954582309127,11.526846774778942,11.602286514333324,11.368032681885387,5.328884210870863,2.838915326095867,10.394168833011731,10.367897703521601,2.215790738300491
