time,1,3,6,18,22,32,33,42,51,56,59,60,66,67,72,73,74,75,79,80,82,92,93,94,97,98,99,100,103,107,110,117,118,119,121,122,125,137,142,149,150,154,157,159,160,162,164,170,177,179,187,187,188,191,193,196,198,200,204,205,209,210,213,214,215,219,221,229,235,237,238,247,250,251,252,254,255,262,264,273,277,281,282,285,292,294,297,300,306,309,310,311,313,317,318,321,322,323,324,328,333,334,336,339,351,355,365,366,375,384,389,392,393,399,400,405,406,407,408,412,413,415,425,426,427,430,431,432,433,436,440,443,450,451,452,454,455,458,470,475,482,483,487,490,492,493,495,497,503,510,512,520,520,521,524,526,529,531,533,537,538,542,543,546,547,548,552,554,562,568,570,571,580,583,584,585,587,588,595,597,606,610,614,615,618,625,627,630,633,639,642,643,644,646,650,651,654,655,656,657,661,666
0.0,8.024608460980446,4.532235370936381,12.136450047858869,14.797618886005733,14.699893786787296,10.255126041947873,3.842022944843881,3.990859547967083,4.3098310334811085,3.7093056988712223,4.730156179139598,13.482412869025469,10.319672623942562,4.182668648638866,2.1237793371061673,11.536820000208998,4.604748044471991,3.901833469223741,11.27308299685723,2.7125130549918737,3.4039245123163675,12.162579611690697,12.432486211213336,4.539915676916908,3.2476393629190405,12.58051075190089,10.626621586447959,4.085934233443389,10.349022132864034,11.513480326074818,11.261038236071423,2.606984737703065,10.653579631110151,10.313653790151013,11.402924968888781,10.281860585838357,9.127945578036403,12.527197741351948,11.019310217980095,11.725039416338108,4.388872644732341,13.767961136767976,13.11073645934921,5.170744561062753,1.7559518349696408,13.112327859101297,9.866288173731823,10.475897658327082,3.7158203830776153,11.3623591019676,7.383122714491836,1.8590090751792663,9.39199945308651,13.264114800176758,1.6488246095464698,7.187080686503973,10.50511175429679,10.92991981342537,10.440076761206804,3.411656110012554,12.31780370971031,4.3646187844168685,10.454850432689923,3.9243440334681385,4.019371159139388,10.387084715670996,4.004447306261259,12.1290560101519,10.45974465582971,12.772317230985774,10.096349351264184,10.311609860124825,11.456106445313537,0.5958304191397933,3.0050763918705354,13.56841288261721,4.58067651761517,4.5576289551678215,4.3256731820248255,2.674538740864823,10.754464660741183,3.8957686337656985,1.7652632965083077,13.041421687095024,10.427276103865424,9.973092939089417,10.431175557084476,4.794735172188677,3.952607519916228,13.031684776540397,3.7494123755928754,10.976038631192452,3.248087904859096,11.46126346031132,3.2676549426194166,3.673619981329265,5.76484257677839,11.342856916711188,4.6892119743670575,4.559863135387834,1.1011995105743826,7.890251524799339,4.578566884591413,11.971629900625842,14.543945156994806,14.558148629317639,9.186752013869995,3.9686143618432017,4.683405808572526,4.130932408501021,3.7367974698723065,4.159723575452652,13.041598983739279,9.812983975220472,4.3064714733483695,2.1479777425245516,11.307624810448575,4.6262353087517045,3.60244836053655,11.093235508272759,2.7279112867000803,3.4617785424823944,12.227758123284055,12.225600111243462,4.559494770852915,4.4250824591243765,12.423695552258694,10.533687660086349,3.970397633515518,10.408646362602873,11.420724636085884,11.106242755978341,2.562445768775097,11.552488343052634,9.54410728274682,11.413091252846138,10.364610090697354,9.04359806251481,14.123491496062513,11.030182075687359,11.839584898179526,4.391417893424881,12.322399262774045,13.025701880972983,5.1423248498179,1.4946952305280188,12.312447877999809,9.21156910751687,10.354211770711139,4.3796761026147815,11.454247593465029,7.413276183773311,2.2375064750014095,8.350823903948182,13.577707932514679,4.019493679419934,5.559252722809567,10.312121794900115,10.517681544093797,10.428865414107262,3.3138001457114377,12.06411896766808,4.470756976197098,10.418503390075387,3.512620638918945,4.094238957945294,10.441500453100153,4.662027891324369,12.798542605812973,10.443048142402453,12.671567647717119,10.18737710929126,10.511510385552892,11.43557316179607,0.7848416822196512,3.0390827965034903,13.698054096434948,4.552443982796343,4.4004685921122135,5.344470211890197,2.7233605945165706,10.689252037513148,3.4757537207969826,2.385128181953883,12.918960377952736,10.406157146345919,9.555953756834688,10.315685624456762,3.89617724220108,3.8498875627572753,12.209411955065569,3.6635561126669915,11.197339212341651,3.924758624056086,10.58092312981908,4.023792774713984,4.524961883013173,5.701871914624696,9.885395162915787,4.9817341573090115,4.56954804337267,1.1569645285976442
1.0000000328495406,7.9865283311194215,4.547387768988383,12.036288785024327,14.715718925071197,14.668404155792786,10.548387386490573,3.851073805023766,4.379666407414757,4.185246255690076,3.2484236937470103,4.373288397904744,13.255395132914884,9.947775114759429,3.519514383676643,2.319167398444804,11.459245065767517,4.85037799103892,3.542704175688247,11.182656824405658,2.8649223437119575,3.8823205716067597,12.202370253664409,12.352585648150189,4.576523966716026,3.6828045569319046,12.574398909506247,10.634862958730427,4.100968404339085,10.459893462840432,11.486375186079893,10.247594196583538,2.467785477106082,10.627963261147311,10.419269162922822,11.247814171985516,10.313831888987895,9.023606061144964,14.190524579673424,11.050941657426547,11.850009813330987,4.316534311615515,12.699812289322391,12.900336343896553,5.162613899772883,1.574175185905872,12.82729424011234,8.809507517334033,10.478671738059626,4.2487019114170765,11.429680914856453,7.121472205914879,1.7156035889507586,9.388954747910294,13.887256822818609,3.60683554812233,5.599744076254471,10.447305666286065,10.460113120074391,10.387580666050459,3.3252491086188836,12.05081261474372,4.573007736896118,10.387212519742144,3.804984099896298,3.93625260005649,10.419381190028947,4.555975142038691,11.991032668310199,10.44179576296443,12.722747725262591,10.198136830382749,10.6609491710689,11.280439072546857,0.4548240325421389,3.010493157662491,14.207268045015438,4.529903498999721,3.5699763901966897,5.781339999031252,2.652344180897096,11.888811224494962,3.3919769934286506,2.2222136755396056,13.768757491722203,11.375319819015475,10.17921901627634,10.373196630225424,4.633751930636612,3.8803824461928413,12.29320096877291,3.563219734633579,11.233718004449244,4.116664980495579,11.412840232705918,3.3520938818335586,3.6905315618428296,5.235015237104271,10.493388123451439,4.644536094869,4.517111140859097,1.9443849529464439,7.8924375560038005,4.614427058716519,11.916352383732901,14.363098275655245,14.416681904991458,10.428159863309586,3.838439334288842,4.571824109403616,4.186741123015595,3.8817119740569583,4.303575856486647,13.055155045783895,9.916275564279848,3.8271212237720316,2.226394643512292,11.306904600850084,4.3499470280362855,3.9342368750653387,11.257751458725968,2.5223743214936793,3.5732874061556767,11.881898098946799,12.284695033193056,4.585676493750516,4.72089114281068,13.02010330495292,10.732010073411363,3.91003622575697,10.450765420117852,11.332909921585228,11.125116102288057,2.540088161864034,10.634882186401256,10.433963820638827,10.693200468392932,10.236475117719591,9.336696956894516,12.260954179611192,11.013281865429565,11.714547386493084,4.367869798205144,13.683012195942197,13.60019522730996,5.3250330147101215,1.3701185933656987,13.135587804124023,9.41252659704771,10.417053449940315,3.9036512593832744,11.362694310197606,6.768409792664433,2.040124201782145,8.340445030366155,13.773942230434612,3.8074201134491052,5.642679756418417,11.118677561751841,10.416720613779669,10.4600230677052,2.4315599488137782,12.148232190235989,3.562183502473361,11.339780743105848,3.747049764886526,4.018276254077503,10.291047335005695,4.643603555282278,12.28401791459018,10.42892299054786,12.993026733460045,10.199986301919342,10.405830699276763,11.721817952900286,2.5757889776658094,2.9864041555338376,12.824030951436045,5.286471124943273,4.003437216561367,4.731986333003908,2.59349584535129,10.918087394385848,3.135819550571762,2.2044546821293953,13.222781603642364,10.496592839641654,10.101469905447537,10.407032513130154,4.032745189990051,3.8749568590224532,12.312590719464414,4.494531324261475,9.973319640371608,3.9709278509589505,10.585353260536476,3.7809253259147444,4.4892479768069045,5.3495560875669215,10.563898882428598,4.745948793816077,4.440690776645848,1.3387567449479105
2.0000000656990813,8.007751714689494,4.570059055217529,11.96308945903594,14.50642475652963,12.956796080191582,10.564719916552402,3.616731241472173,4.168039821811538,4.219500636718853,3.7852265834945356,4.2535968412645255,12.9333400829337,9.76643342083779,3.4490013344635755,2.005823354978117,11.496975246483181,4.403138376412984,3.458156423387156,10.496651595646913,3.550300747469419,3.621979169284851,12.227700896117435,12.327642069766302,4.583954499589588,4.082458501270105,12.615273400559877,10.465172292901906,3.9633415972364516,10.487970959953822,11.427118980818141,10.22500822211181,2.7070820531931865,10.566872185000806,10.302672265912774,11.355158268018913,10.190837158984142,9.068280727478149,18.231417616687406,11.273061643449932,12.525369384769926,3.7565469266675353,8.904308199434334,13.198383823484651,4.436079088055655,1.2689611765490636,12.351186064045663,8.393956960398118,10.415311832984038,4.19167829977634,11.154961166819836,7.436900305397713,2.1309914637602088,9.438550124849726,14.260944369440837,4.431539635666541,5.71242370117792,10.308116401717713,10.620869167361441,10.456102494538088,3.6253151445306337,12.100038365117404,4.5680689852977965,10.487341216056578,3.316646637251245,3.926104859409049,10.43820539381482,4.52583906488781,12.782666382432385,10.420763099841999,12.753131138083274,10.372130629581372,11.091629649262678,11.842030776955491,2.1456862204700906,2.943692074469753,12.940200614909891,4.797016785060038,3.4699865048525287,5.496337284857573,2.7260644775322866,12.3758540611665,3.1843148627985776,2.0005334781828648,13.586387184871649,11.442035002516477,10.068333659383093,10.360385516643932,4.709444939262597,3.823033377123486,12.281364211684737,3.503105919239755,11.071017552101834,4.165772741084598,11.46965525806784,3.4431639040695092,3.647927969307506,5.103298856814139,10.634072087197763,4.825533362935847,4.5452543399809056,2.1491561960177523,7.913260262710034,4.604033297321118,11.922665493256341,14.130035678920434,14.083050721854962,10.365786547396569,3.734664474537866,4.302634458419852,4.281362073964789,3.5665771189033335,3.7724433604199907,12.683693214780074,10.208656360610851,3.921476819902567,3.0545759061533273,10.690908515143587,5.097887456456222,3.7576623600580605,11.278237149601523,2.593285216279583,3.4588608022539633,11.75409803493243,12.361013133055485,4.585336131395839,4.750152695160936,12.575875118652899,10.577145714387292,4.019747823523624,10.372293773233428,11.533301311782525,11.244616969525664,2.647710572369264,10.587852213348565,10.531456332273617,10.819607713774406,10.207347477249957,8.885416002367892,9.415725327750026,10.578909917158887,11.708326064764204,4.03285193673299,18.34854248901374,13.292515345467733,3.038418598383175,1.2403593424563508,12.94861354831878,9.716944900515285,11.294852714662488,4.02955648036036,11.25399099759877,8.658840231747783,1.4784090625236765,8.057100263968627,13.63287964631385,4.231814315115455,5.254187474778753,10.286893638002766,10.565985382258757,10.462539520176277,3.5075198395904623,11.911792563273405,4.625088617809086,10.506035357377069,2.910006969425485,3.8889159979824774,10.352600128747573,4.705946689935617,12.3456155433604,10.445285350421038,12.479208377803834,10.175348151289388,10.815290338034714,11.734218214722421,1.9351802842903068,2.872078078635096,12.427710318214567,4.940298417806655,4.254132546629145,4.106367667638769,2.5951269942533126,11.118110391155858,3.7736277142842196,2.270572448104317,13.840680077540837,10.406814037075517,9.817951499814912,10.32466167643205,4.034132848383534,3.777553137630484,12.29231554818849,4.53131380736443,10.110429627166662,4.262531479461973,10.547734642626223,4.07419344056891,4.404899398422384,6.044976384850369,11.04327874508279,4.714845206667995,4.5058752122947325,1.0862738434573784
3.0000000985486217,7.900500105583728,4.013436668469254,11.642898661230998,14.553702933625818,14.251794374135104,11.52277242221902,2.936626562202521,4.151987549608743,4.261421967386625,3.7953975172552448,4.791735370189079,13.035762371312469,9.64314365433679,3.9813277541495586,1.9304727378468751,11.597919110084073,4.331044824660422,3.907084649771677,10.278723069795852,3.7035888005763393,3.894978745162257,12.119249305213364,12.27405030384607,4.132379534171889,3.2588200329239734,12.729240039093318,10.434841057063823,4.02646798326392,10.50839163468335,11.415389409111432,10.226969089370007,2.945667775261894,10.64627225697223,10.565083328241748,11.410215363441214,10.304906854864436,9.054591440593759,12.501150815119543,11.197646973791558,10.902407128718833,3.975982447633409,13.828120067244203,13.51224824142715,4.5962378570175515,1.519079699040924,12.330886271898674,9.855589679547622,10.03381395090922,4.0249179725409965,11.35530168750246,6.4004776520593465,1.6647177998860938,9.395952579794159,13.173788788991995,4.324967776245349,5.374904036189489,10.787796161267188,10.529860838829627,10.452549514816033,2.8013333734309347,12.165720489420448,4.284693651791803,10.600351311009645,4.003601724030357,3.9260240879510397,10.396647053794602,4.410456844717785,12.65801861385651,10.425043420768622,12.194086534614083,10.232981656548223,10.988347112862627,10.739604980292864,1.1588771444361177,2.7517792037036477,13.681826783018959,4.842610563894832,3.647519396084484,4.40738976806851,3.1534712752751,12.088877706700325,3.5489888548497714,1.9067095340596683,13.517989264316297,11.293215496119757,9.804608055543103,10.436089169030828,4.649198255016696,3.9002261893418186,12.111439191923854,4.530508837340534,10.358470372634088,4.083996788490682,11.521359398910008,3.212115157917924,3.5449730293660595,5.710962249899783,10.679919328713195,4.708244384014586,4.459731014957548,2.175616831168715,7.974210318369193,4.5654269420561295,11.962945918368435,13.94062497386236,15.377037282124547,11.488647423151948,2.7366799042214836,4.463316286483382,4.293460594870093,4.391250612338753,4.087963339389173,12.89377375562533,9.974027448687814,4.389169381874064,3.1369531805462603,10.63971219834733,4.914076959264975,3.602105672467309,10.33668513895456,3.617547621289747,3.5085173764720095,11.680782875064754,12.317019670982425,4.566465038555509,4.690965563245511,12.266353793448202,10.648754045870488,4.015224261153964,10.173908750636135,10.459585517203898,11.35267628770171,2.5285029817278533,10.638932377440115,10.523834209926251,10.975280511357996,10.268009984926646,9.289038191838419,17.851285000167817,10.959999195816634,11.735353670529658,4.302565492200748,9.013295020460891,13.138868734465944,4.415852829172634,2.113265745783138,12.973808813329935,8.574718729607444,10.330604160723299,4.157319846509906,11.195188559404603,7.361176948994327,2.450866350274196,8.949998077967326,13.634714966230343,4.5699782919380105,5.236449922200026,9.791111023760546,10.552871278817253,10.434724922725186,3.518373156045838,12.086565581772712,4.405163495627435,10.780803265427304,3.909140757104909,3.5775536181629097,10.357051159634246,4.663976862903753,12.237142757284369,10.40946207466625,12.791900614503218,10.11931315961815,10.38340665498394,11.47477919112243,1.5738075844151762,2.8693549104922846,12.474526393776685,4.586164037053756,4.006377187348291,5.267165717572702,2.906520875245898,10.925567440158312,4.129405476511652,1.9494437136561915,13.088617119119487,10.535767416423669,9.934654494030571,10.408922327457754,4.699094974504627,3.882222959237916,12.233170052910683,4.53403288537326,10.015471278673992,3.9493029543461913,11.309025475043425,3.774111025681714,3.62474708568652,5.333898753274535,10.530180743500114,4.72007160719852,4.60508861246776,2.109570068381538
4.000000131398163,7.987401809899536,4.562793016720721,12.083290389229395,14.28702776120031,14.060886157675597,10.662404717928341,3.6937844259215686,4.619754736408581,4.225383306936013,3.454078904139304,3.830606117815118,13.034105547446421,9.65594947563607,3.6578556213023963,1.98899234433252,11.535003064175827,5.189060239113339,3.7298426797975908,11.180575546681824,2.7683414699949735,3.0028565565743794,12.091713234419776,12.349734090515684,4.567614439177664,3.5316736952675987,12.88132433929231,10.583227217863914,4.244230554301798,10.400609414125517,10.399192665627307,11.247880700601469,2.605100914671885,10.576647080794563,10.40719278184167,10.867599622735648,10.335909162724542,9.110626493863121,12.804840619959137,10.468558141203596,11.74108364299226,4.145433884795898,14.154413746681556,13.476593333275641,4.410179709174494,1.623343569893729,13.1458030484587,8.475339098429888,10.492125313239903,4.192980156181301,11.471277943722804,7.090626395971079,1.4089180467664448,9.275369712924277,13.789626673438477,3.3935580423944334,5.4471729450655975,10.434828425039486,10.456563047629427,10.447497540013451,3.288352890821011,12.071027559080777,3.569316787257569,11.360615893875062,3.5651154574348443,3.915013826964203,10.430906300593662,4.093101229885332,12.283430392442023,10.34798936049097,12.511431523727145,10.312838194316171,10.573942073767002,10.907114676839527,1.5294009104683868,3.2235126029845067,12.99399494737366,4.95395006490619,4.608821042731007,5.211224534138725,2.74653736557289,12.455115605264782,4.146305334424031,2.0301229386356217,13.52941998294601,10.020460770720934,10.021059405742966,10.494082328216233,4.542300490197738,3.91077092566592,12.385064529475835,4.563599783148401,10.124105444238541,3.9660954247645916,11.516038889228733,3.2113321940654656,3.6010359472936146,5.647384077193802,10.837141583358058,4.671638260551532,4.609000342286993,2.191749299251011,7.998531653740409,4.6268690294485575,11.893354574564276,14.56090392595298,16.07064356158621,10.57657528031848,3.682662721800678,4.527027025183348,4.20655943934606,3.58856174933464,3.9710235564609495,13.06056678649024,10.008013856707027,3.749600153360188,3.1253982076404956,10.69025714915504,5.337020168614003,3.3187810405567433,10.415031428336103,3.74659521980858,3.40350777074713,11.664772060330879,12.286055760815945,4.500771892233332,4.793365022626075,12.359427807166702,10.652663625468959,3.927342791107715,10.55401878929747,10.21030028462138,11.329655160621337,2.1332677626651777,11.344816467614134,9.818151606160217,10.886439563626464,10.75944219880766,9.289655188416756,17.82541962062444,10.986798968861217,11.762495284923482,4.5238675563243325,9.001826703041674,13.362223102660522,4.308167345071844,1.639374388971919,12.6458148650315,8.76822686933341,10.328381412315236,4.283994554438014,11.356579065191884,6.973561922657359,0.8476293478602591,8.976336022436884,14.136745351627708,4.052581040106341,5.695259213672756,10.307377045066488,10.139525268597858,10.412579004292223,3.4848454376638496,12.133304375687324,3.6645378922968876,11.220568752695202,3.9897383271328573,3.790223634527013,10.379237170510224,4.369309964403156,13.200998726761412,10.43585229810074,12.946881313393028,10.20486372129978,10.732752710686412,10.987527707415138,1.3007688806516111,2.989683567862407,12.45964290509979,5.032561479808308,4.494766866203498,4.437614634015503,2.5266153519804293,10.920322957630843,3.3219148889005194,2.1507803038908717,13.499358468326342,10.504621952165754,9.124490944109862,10.379243227818474,3.907278952380788,3.902397254309693,12.963640181015633,4.468695267925575,9.88041230760124,3.4679035008015653,11.55267332901148,3.4416015917586678,3.3850866427326913,6.076895523260545,10.454637292439935,4.747714514474676,4.542072401341563,2.159183066437808
5.000000164247703,7.950771573436192,4.582965992282244,11.935351063177821,14.351098560216679,13.256365226644936,10.581387228585362,3.7224599470533066,4.136624221202933,4.202299859995024,3.7001258172189244,4.500225537424903,12.80161157517902,9.77908210121543,4.175466554291382,2.2284771417860845,11.402855534195007,4.289332293846102,3.7870766254406427,11.186131006993227,2.7382331154576174,3.904197142362149,11.920140773525507,12.359858490478745,4.583803497836555,3.670763478344205,12.720098462503175,10.521155520129554,4.030998231301208,10.53832452263822,11.506802673664138,11.128249266114807,2.3856954802738373,10.615389732380196,10.403657641542209,10.94799936102034,10.26454605974229,9.596305473778303,14.150840740218692,10.223259680608816,11.04843063882378,4.61424595691544,12.728460430178563,13.646481389537705,4.442425691699104,2.1928653981801025,13.186854212079588,8.786689748388403,10.368798132623816,4.22290483348173,10.65895900079148,7.14138634989823,2.1420449025018797,8.700844218426418,14.107938449845538,3.842447164754779,5.166639736633876,10.502699893524426,10.409055810685995,10.44643323509843,4.104650168230527,12.112245215941856,3.463996544601994,11.399433629633158,4.099425105796438,3.819776612169687,10.404462488574955,4.578276836131641,12.516654445649232,10.343275205447426,12.556954688472548,10.227102811476064,10.67887415173701,10.966097864277238,1.0312631501057692,3.049669318575095,12.808276307777035,4.558843954793143,3.463156297535457,5.074624413141061,3.186568326930609,12.654587786516421,4.255645045012233,2.244308581152726,14.170942989282498,11.417038952302748,9.50450564086478,10.373383492144894,4.2769259354173395,3.904319512943981,12.259767297449898,4.575050027950458,9.946946546642364,4.073316151994179,11.444371587090638,3.2218548169739116,3.6305961196382994,5.257776917030939,10.896055685107514,4.879920162562273,4.6528172565357275,1.1191036130257332,7.963190311290895,4.57092827841696,11.949261126149612,13.593009070682356,15.911681780531563,10.584688406429454,3.8234217793243617,4.110286763778777,4.341309670300246,3.668462387468554,4.226967686749324,12.894215565213806,9.636686152217901,4.055886866802347,1.751927630463911,11.520829026745359,4.827412170152855,3.4643454860543503,11.110817223284325,2.795173134155775,3.288263694007979,11.647654723157657,12.298387640051933,4.5710688751218616,4.735983805367468,12.662047120571469,10.704328363165903,4.009006495265502,10.4265290707415,10.387477615982442,11.325109051848694,2.75868005778884,10.834105647368672,10.259181645669907,10.593219288237023,10.254454848157994,9.135667605794803,17.894493970513047,11.16883286365144,11.715064409098996,4.163593150155238,7.731428345538341,13.652585626217835,3.1195322022116154,2.0522503304192417,13.227286048298541,9.860722452480312,10.451084527711547,3.9340884475752116,11.356770558152249,9.50223678764186,1.3675696039388643,8.624725086394767,13.131146855127163,4.2295210250703335,5.6061549723437,10.377754475130113,10.531915370348312,10.447639452919011,3.462104505394579,11.88223740039563,4.478202176686914,10.43694870680725,3.6118357642851295,3.535175595081964,10.254974074033816,4.305993342178867,12.097953960929226,10.475020755707858,12.22285042217382,10.297510358646301,10.713534348501128,11.285033297775339,1.4659140818196645,2.906870557749582,12.440548633140496,4.965614541224193,4.571387267706662,4.775894609966088,2.301425589652563,11.310560565060289,3.7076332675126222,2.9334682556744887,13.399416084106482,10.411060032486015,9.448115647397543,10.245671371058968,4.442420986949326,3.7394836188461174,12.336248648599936,4.50049740703374,9.584177285132286,4.057678179178758,11.540639288298614,3.2465088592323625,3.4495677152530475,6.0135667242590864,9.9568089113797,4.854038536928148,4.473915626451302,2.2334180556451
6.000000197097243,8.007779021539243,4.579865908345694,12.002045790435835,13.665532240563895,13.177586073398905,10.54595944717821,3.716608071424356,4.249692903360537,4.478335241913489,3.1383926306618495,3.9285762873975205,13.178660729459034,9.73879439181395,3.832128050456391,1.7591057210442034,11.468402475921138,4.403704355673549,3.9140938289910867,11.364157131060006,2.6381455191444636,3.4162726232378144,11.849735021466087,12.382627251304063,4.4626272750759455,4.069976291375534,12.419774375350048,10.575082507853523,3.7995393059876426,10.564281966015022,11.565099105113491,11.161077246071809,2.644374792594292,10.51953148695955,10.368196306990464,11.086330933282234,10.24976945491282,9.713145742948356,12.674978250306781,11.236701837928324,11.638918587228712,3.990756152425176,13.886748532490092,13.289084657875115,4.838367233699934,2.287919806411436,13.002411186830766,9.016608096392911,10.271236246434311,4.021855286565627,11.266803210932245,6.899936710324437,2.5152570503335228,8.973838117896367,13.508997325707723,4.68411724137335,5.352609795711685,10.335151461630971,10.484055802569772,10.455649532701615,3.1289854014319896,12.094766266072876,3.561241776293921,11.386356141880505,4.148422981962359,4.092551113561853,10.386810476611538,4.635858089695994,12.300679904319974,10.267882265402074,12.805258056484455,10.25404553290558,10.64060859749283,11.405660070683684,1.232677536646599,3.2265049010863893,13.469419466593632,4.564771153331841,3.4274283323682146,5.079797869408151,2.9295452835699933,12.89140313364804,4.084898575875107,2.1618407708654415,13.315048723811099,11.434552116074086,8.870646364482266,10.349019757651103,4.002584098438038,3.8961719943567843,12.248027051148757,4.643339391506435,10.000164231429492,4.149139168442753,11.528388662173542,3.1878034371361665,3.5570152668589086,5.465238371280797,10.5157705987741,4.687410451862316,4.646004808156561,1.0744064175691843,7.928008475564647,4.605788069169508,11.987962585587095,13.93777515856683,15.141127884419133,10.582323857895464,3.681867318801896,4.251357224931963,4.3641769649651385,3.6034144809699376,4.292994231439076,12.928946311625305,9.694616895944085,4.204291908994743,2.0389336131124596,11.355614184931172,4.717761327781821,3.87623184265096,10.582509224550119,3.5996241049331155,3.3864252112618516,11.4955090595426,12.259357180962853,4.481168045334931,4.707856050914561,12.622249616937264,10.639206949999892,3.9665169910411056,10.392011181975569,10.495647648130808,11.397999768905452,2.6573858943188062,10.748226010111809,10.473294915971616,10.65257609322834,10.29393205286019,8.849883646753002,12.901649307960222,10.97138859700928,12.614337554061473,3.623566449887817,13.99858254344085,13.290548533642397,5.15697655444435,1.7357285536526734,13.34206622707892,8.888286152773041,10.358984482370271,4.190740956708579,11.029697027698148,6.759566057426957,1.0877122075555925,8.955541064468969,13.782786652426623,4.625151712258862,5.806579132131692,10.238921388396145,10.33052739918044,10.412294904603511,3.5228716882122355,12.37201899093806,3.425269322728262,11.402641840324932,3.4415638838508156,4.057224376270981,10.266768956622933,4.717669484402197,12.48065411035093,10.444384871030847,11.947759271195265,10.155211618381955,10.823925288732362,11.790526475862594,2.4126924120883952,3.0366681633854444,12.328170978231345,4.3416844657370905,4.455972360693961,4.961991757614405,3.0643075786373455,11.818831742464468,3.780005789334951,2.228643085347051,13.723028972559833,10.600335360047591,9.935893319942998,10.332394273015945,4.087698026109786,3.8785018332120402,12.828007158117964,4.608054570023868,9.90356203585343,3.5774221387611194,10.58977708037009,3.0763331941662315,4.456740732029645,5.834029757463772,10.463248330349986,5.022717817166064,4.614774692457299,2.180140329128223
7.000000229946784,8.69552708816478,4.623117857190912,12.12104845270887,14.090643935999104,11.44371903915696,10.461477161729874,2.9426478761833206,4.419417976873946,4.29643736471974,3.0869329143718565,5.1569269496203045,13.383317279411372,10.025967331503509,3.911096379242504,1.9697967832072778,11.487433038573005,4.7710334527075,3.355317879460045,11.222677594051977,2.586249259475529,3.4461933212432396,12.0520012434908,12.376291460235862,4.5566462195468995,3.6670215343653147,12.361682521498986,10.602721673570636,3.9622008919712783,10.625892684299597,10.480604827993243,11.292431643375336,2.755218075354622,10.723721659529366,10.295450799251642,10.914699227792598,10.292934866314885,9.336537070177316,12.941488684724881,10.979076101094781,11.731003230125156,4.4450449281815665,14.219882989876183,13.37572592158441,4.750791200761717,2.082214447315386,13.001675161465243,9.183653309331916,10.317587706008059,3.3322003381340823,11.232544228291207,6.377683391076393,1.527759669338824,9.15259622910775,14.140483961039596,4.01532638232148,5.653286005647424,10.38077798863589,11.484407357020185,10.448938739652146,2.194851751635184,12.056204705932027,3.5257294263097028,11.321785641418066,4.035340744789689,3.876203075325064,10.363670217217022,4.606659631960712,11.901094227163076,10.373451500420344,12.369276169850027,10.302306479825003,11.1186263091469,11.439485553043623,1.9721501593336168,2.875593125771928,12.521033151804438,5.27609728411438,4.503265473130417,5.065721414916873,2.271727071929642,12.598524785952154,3.7461379592121102,2.5987435995662835,13.230503610958372,10.500153413028585,9.852133843619379,10.327645477264227,4.007384293030358,3.9045562122326216,12.25255019779933,4.491626139565503,10.186048139939821,4.013573190775627,10.60216928049775,3.1986247179187215,4.6186014890791585,5.748363248218952,10.401260393250007,4.607792031049113,4.636120373770446,1.9956875131610263,7.968388589701739,4.631417509384977,11.95879310985833,13.575231928554867,14.938440464264758,10.275470300190129,3.785621078899488,4.282274795642557,4.3485107635176234,3.757944409407745,4.668463279178058,12.842481715840119,10.04640707956553,3.981291212839916,2.026239849867779,11.540362081833425,4.779447244424742,3.820161910869507,11.123849677029675,2.5997737241798853,3.4290835750166924,11.739998703812592,12.198436344493475,4.018219143351689,4.789175991971052,12.603986758368022,11.16751082599182,3.9549344799459902,10.447973151174057,10.27769669460051,11.348404220614732,2.6340253819914596,10.67082528902082,10.383400197993057,11.026874902494766,10.326850033419953,9.072087329520444,13.999024446516605,11.224231368539359,11.869277635167203,4.56657537497345,12.860173126058186,13.761242159134008,2.914961667941035,1.805496048360126,13.403691385130358,8.537330896771909,10.200722534713863,4.171059084630505,11.089562769391785,8.666719996612345,1.061579814039474,8.84762156014033,13.075078458433843,4.52226406750938,5.5240274042825925,10.389161737917428,10.123076727352695,10.402656544649588,3.293024290161615,12.31227298188719,3.51680357094202,11.312042503319248,3.5555541265356205,3.952737708619917,10.453330484379473,4.682429904753761,12.097425539268382,10.426835516782026,11.562800287695534,10.362663702656228,11.839558959509269,10.848982554091295,0.5413896086028509,3.0953415202747183,13.980485548759503,5.002534701837289,4.408209881352026,4.830422252826248,2.815126925806018,11.343305558373501,3.2556920429746254,3.4204755077336007,13.534732294370494,10.437073805114876,9.922791170858305,10.330721023030357,4.909292514183906,3.796063750046479,12.276317665352305,4.655587984001704,10.108809910548393,4.0570846596732935,11.395324282479404,3.3289406219023805,3.4852367594064773,4.735045302962858,9.808627715080332,4.607533398745337,4.679498120369308,2.205647730138942
8.000000262796325,8.989316997834846,4.545291828204056,12.020181195280394,13.857452425675268,15.237010312147664,10.299210467853268,2.591326058534556,4.347474779577737,4.3663585326031065,3.1252342291147315,4.352166244172968,13.752639393771442,10.418908636570302,4.097628023734659,1.9037868637363111,11.532509214050162,4.312423733522083,3.6314330153891743,11.300025768276935,2.6513994122032747,3.3710490717804116,11.724786112263653,12.281546426633204,4.517749504591601,3.7640117924642715,12.437416892589685,10.767188321690517,2.820047241851988,11.467123247857542,10.513520491978783,11.300763780663637,2.569364348129862,10.673303088011831,10.356827116204043,10.822379209760713,10.241924924139045,9.687865488489308,12.747276077578867,10.684911840768487,11.661699751226214,4.101811996025486,14.00162893655226,13.487930583211957,4.7725648612499345,1.671319031855981,12.939249274225936,9.067089337533705,10.296143415819826,4.134788400084537,11.005460746739104,6.932916067706662,1.5797801425619369,9.207696854485025,13.869385520556587,4.305613289526456,5.451386215753421,10.355380893229006,11.506496650118388,10.44225266731502,2.4439424415637236,11.901979803763693,3.485524877127694,11.374342599681686,3.9997659437408677,3.873276096099006,10.33881282762133,4.672399298340807,12.258860166299481,10.365468230293727,12.660021708075838,10.234215725151211,10.793511563470421,11.79118130454039,2.398157790846189,2.931995221537432,12.470957071453649,4.3980342697661,4.457796975546522,5.177409706610812,3.08232933557933,12.520173719282903,2.7483645284519316,1.8386333542330904,13.734364763997826,10.515009573528445,9.956061742941403,10.32238139664544,3.9264542576884414,3.8395860860668556,12.295865088299538,4.581149262603687,9.855866371789624,4.109786838479034,10.491095832566199,3.321604189262437,4.396252673663644,5.656731547738212,11.038515861864633,4.7237506269235725,4.656698694277231,2.0992640650236605,7.988498871266153,4.571262127769467,11.989827048918254,14.095713389109289,15.487497947151136,10.51545254146686,3.75308958617702,4.513985786840784,4.2695158236294555,3.8587399203939263,4.270969749859802,12.796257902967822,10.22551348310287,4.143938110989122,2.016606910130385,11.481903339381693,4.823250804901408,3.885950152893957,11.334235734095254,2.645137852890394,3.551008846523002,11.73784886959293,12.150083725335104,3.8421497798441964,4.824049312746641,12.731666399280178,11.27477529928268,3.968298354580432,10.415686832252169,10.320879845621437,11.32150609598672,2.4396789718967438,10.797626773946629,10.398280285251325,10.723657741166111,10.319559621119282,9.478876224179352,17.856951962469697,10.939966000219894,11.729692215646837,4.149864855274455,8.993568480700535,13.171418014290563,3.66289303006373,1.7521900337337857,13.18793979925523,9.349749984834608,10.359950852392895,4.245401167458809,11.376351910133215,6.15549815847675,0.9609076549019999,8.826876392806735,12.415894635714485,4.313589335768972,5.780307863054802,10.427770047908991,10.48825399303169,10.316877609275618,3.3892433002889324,11.862390059636413,3.4986719254309233,11.371983686344837,4.003692485178902,3.9093908381378215,10.395010409687766,4.6966297505217725,12.544022954604888,10.434665149618029,11.860199874865105,10.074509140598558,10.978044206944471,11.671475813534578,2.118921223090003,2.920641710495452,13.627728515969098,4.887136170848477,4.194724449798329,4.567912750412763,2.7272134540362263,11.086614578183214,3.1565056224260983,1.8273773331969672,13.595077957231828,10.293197484713094,8.843967879819317,10.407488534641201,4.103798692138936,3.890444314909696,12.723368773646019,4.483197294324279,10.098083387623351,3.7873364787581756,11.488546799858494,3.1177242466651105,3.4120738214996704,4.729245816728992,10.667302275831085,4.678489079183571,4.5380003699006055,2.2358736218803354
9.000000295645865,8.933476858486172,4.4707751097764294,11.89854058165117,13.689318887260097,13.501240553654123,10.5326816585979,2.8056417383642587,4.525255261979086,4.281437908934296,3.3392547223435383,4.721096793842036,13.398365667547075,10.329696924988491,3.9756472624985437,1.9683849925526022,11.472446308828884,4.702757897031934,3.291200781088911,11.205571879228057,2.6982295696520158,3.479011805799789,12.060563273341815,12.388826367973135,4.456584132238162,4.225311086434209,12.550716454159414,10.500364990994868,3.8244194260426356,10.535630554904728,10.336062245018715,11.275720296088084,2.6898326438574527,10.63455818732748,11.229327181934458,11.24459635618653,10.29019587682766,9.292705394899077,12.665365988559822,10.607019885669548,11.668690586359817,4.891184386634536,13.968205565338414,13.343621946109685,4.6743951597119775,2.1680430497671126,13.057316627189213,9.022633560520394,10.408665095342844,4.320401226125891,11.409295210064728,5.887906174887696,1.2481340636585811,9.323575433738878,14.158414726258933,3.727341208645341,5.544220594776498,10.349641477972385,11.050918746817747,10.444126960368695,2.7419607326961932,12.167637624073121,3.5236982292268895,11.347082907955535,3.6561361608642096,3.7817315952263453,10.453869803214936,4.597000475536125,12.489267269335109,10.293340858857583,12.532698592551316,10.243944616104,10.92111743103589,11.984843722253276,1.7501734668903606,3.1843351513556213,12.436440421897414,4.565619473439257,4.538387422870662,4.973317801768749,2.612050795756758,12.544096310922384,3.6684523969416314,1.6899345856366421,13.349832852305028,10.511368721890124,9.542289319638485,10.332902509691737,3.9230949601369813,3.8941561197769436,12.279099190642665,4.67016175873976,9.883089000037002,3.9947521697410826,10.462692821347346,3.4550624973399775,4.619550965844302,5.538323284290339,10.93848972233695,4.653200484555084,4.63579273264517,2.061922358078572,7.947299647007229,4.576433484372288,11.949857425364938,14.488191982778616,13.050467421423008,10.170696125231286,3.790904031491086,4.210640619087469,4.286205998263901,3.706560410539524,3.9804188487744874,12.913646220921928,10.398159836022563,3.697404674395137,2.5433638642158867,11.520635295520036,4.7395867800291525,3.5833400164674134,11.26167749072939,2.7121894861992746,3.652578028255259,11.677035546599294,12.202298885505497,4.1008948895842465,3.908214036633006,12.703321020042798,11.285801650098504,4.278185864807915,10.47538527760683,10.427452942138396,11.309183769890117,2.544728522751234,10.576437002565056,10.300848359673251,10.789316023804956,10.345959182826157,9.126401885833099,13.730245979834562,10.467730351340013,11.731633076361378,4.257043124133886,12.520597359249749,12.716218086702854,4.6735052400987165,1.7448027121749266,13.418557878190395,9.63669947352055,10.342770091421668,3.931635411717383,11.283450824932238,6.6447190447949405,1.228035342425661,8.909712209892456,13.353595655983893,3.9525293081528345,6.228959826080754,10.397195964202272,10.419785692441087,10.400838789548585,3.2501428957521674,12.006164626183036,4.09860784867548,10.980463708783414,4.093677295655111,3.992587602307846,10.302200173941197,4.564679279868358,12.212540470572675,10.415323235185236,11.449618251419881,10.231738132226157,11.119592679308937,11.766466511628439,1.6057664718286067,2.939432040687633,13.92845463973549,4.595579940846981,3.8981442429642073,4.528404464852355,2.8399300938611454,10.994607453932733,3.8254624520957727,2.0398834355864275,13.755685853212357,10.40152590750146,9.981791945701872,10.348457297031423,4.156246544093052,3.894586064040763,12.69228734362119,4.4143837049563,10.081915336533806,3.7455160458736145,10.681797722643525,3.5037573493565746,4.265409149375695,4.731675136201982,10.940273340235523,4.6287452362459405,4.582514594239217,2.216577948999064
10.000000328495407,8.816185532752971,4.575315684523883,12.062446839192333,14.219548400520752,13.81209736937069,10.437333084688754,3.038438491130148,4.419924224335582,4.313242185359598,3.135874931385395,4.306705329870772,13.701673035839123,10.36071847795918,3.8988329279317355,1.8534093242668104,11.444626250211751,4.587635504993966,4.023591804331878,11.38470103338613,2.66617395647887,3.384597099391286,12.34995880282043,12.35286474103915,3.9135377610484716,4.224490736304067,12.59301771541009,10.557572680916888,3.81117022465125,10.430597911675113,10.268998995030868,11.35168298457628,2.4444051846719415,10.72830111227261,10.327024487288105,11.265565288516472,10.23819447592024,9.415039335469888,12.541277570872358,11.036336454003894,11.698552108340442,5.035060611926321,13.802211120483587,13.369164334811469,4.540755610647643,1.7698478862743032,12.670428125949211,8.856041091328882,10.374553239925397,4.2204575541036595,11.10816067590105,7.02676802295995,2.057740119330067,9.398965368366028,13.26832339693898,3.7508718763613715,5.225114918491067,9.98257311261911,11.519782871090833,10.486725980804085,2.633453389078666,11.832427286620314,3.328124397861624,11.503425877473676,3.4183123138801426,3.8079291877620656,10.43872636961592,4.652358831636844,12.01845173019131,10.321031390965826,12.443917417029251,10.25859826624828,11.029370284785397,11.753822609637819,2.8968814477070213,2.947216323031138,11.68782907519762,4.947685594121843,4.581373471110642,5.084930458875889,2.553331747186348,12.683275161403095,3.5664424570979043,2.172088072260578,13.725720514152897,10.451354982882183,9.786413472098172,10.366650502540834,4.003823449922398,3.8810570608837307,12.31672032376477,4.563110172459908,9.906280796511245,4.078122108607971,10.460617014528582,3.0039761323613154,4.645012359466435,5.577295155685948,10.527088865782433,4.708235273793809,4.493287734831464,2.094427485706371,7.979154291432461,4.574598929734916,12.067026994487003,14.09429281579022,15.741623705631874,9.934678024613975,3.8224196010377667,4.275886983839613,4.291026157721738,4.374869698043626,4.970295907044018,13.163074828891355,10.41883091390795,3.9439092985087485,2.0967970786281365,11.493694695288836,4.8675400543113305,3.4476113311193384,10.570850637469976,3.553308463059151,3.6549470339580106,11.870364700619325,12.234329827796827,4.210125507624422,4.753368168251669,12.65909118933771,11.092521978066085,4.0674675293372555,10.423655806284781,10.317099077218678,11.291740018207188,2.5805598823765927,11.275398510997036,9.705001086551714,10.97110924567726,10.309215779964576,9.04472167120808,12.645863897255673,10.901990080224481,11.79765607471252,4.136923576040807,13.762701125057054,13.018896787638448,2.6536306460527,1.979425327741651,12.96810720976571,9.3997768460566,10.38772952454612,2.9917806566724536,11.386994666305553,8.18899952201563,1.0664560754870713,9.176616028125327,13.072649760606,4.289038291355184,5.429690019384608,10.412504179219813,10.430213590803007,10.406735182583892,3.3306003164523306,11.968316877823149,3.927722113670977,11.039324860717846,4.075426380870417,3.736230538616721,10.17260565120468,4.6716715212955275,12.314236660756048,10.43847758733798,11.778201279016873,10.169169203103422,10.830290821234296,11.739289716087056,2.5808874549917187,2.7391037305837744,13.387432789335131,4.991031695260417,4.400990443886574,5.045934613467757,2.723061656705997,10.94656207275606,4.137655869326272,1.918445711824115,13.545806834866235,10.604144435529836,10.190216486420335,10.279267581820635,4.103665949809028,3.900893610672183,13.140981659617255,4.715995173545639,10.101745006995865,3.38912859726209,11.503836756180876,3.3146954831749222,3.499785509283881,4.815093435120264,10.52116471261215,4.636304047041074,4.571516596657189,2.331175568517888
11.000000361344947,8.841522028898028,4.594550080262535,11.946678040039789,14.09089730706443,12.692013482634723,10.462938575914151,3.0315299804603564,4.104725997434586,4.149594410810204,3.87853528642606,4.5638572277017,12.570788474256839,10.28596555461376,3.7069905294664784,2.1064562618186744,11.39501988066237,4.202835099194878,3.754628110757216,11.341221526363771,2.7079258451915913,3.388362231960333,12.120883055225786,12.400406916706558,4.574298685316145,2.196998768957653,12.587165656630443,11.45239020098826,3.9060563274556426,10.476369922446791,10.25284378726775,11.301734223452097,2.6551642443961274,11.548521312292541,9.859654421893929,11.474415339334605,10.259490540037117,9.275759209700798,14.150479011580147,10.540965814872097,11.6920734375473,4.888815400655768,12.62426919791932,13.487551645053586,4.1107914987544145,1.6592785464000732,13.16770417794573,8.599690043281086,11.137559337217873,4.2639751668188355,10.79082711704914,7.009627738295369,1.5865882502132047,9.539769503765529,13.130947163444334,3.4788615892217747,5.331499392514806,10.26354986600081,11.649593852714682,10.478137492199735,2.337803316101874,11.858415781615093,3.45300733879458,11.38309057163293,3.0334726834642427,4.076226643218147,10.449365153003816,4.632554320295969,12.39776255145641,10.318442852871437,12.74073717887547,10.240757812742808,11.308307170648664,11.336319325381329,2.3044892808104995,3.2073769428292382,11.993566754261986,4.699033237619862,3.219477918093417,5.0475939378798635,2.6087540210676727,12.7021894214545,4.289096666065338,1.7743037827799881,13.442951711689547,11.441194609674888,9.533365009891854,10.463134065846837,3.869901790695456,3.8586975796994065,12.126747406039632,4.624324433930154,10.22541330041502,3.8756564927346893,10.566197044104511,3.212009405579768,4.746018318637809,5.689340675177553,11.32077130871252,4.63725362443757,4.574896406579133,2.1743073800166077,8.060573268664188,4.495391892295076,12.019304144782293,13.997486696603433,15.941130147519685,10.192302024194754,3.8610898388299812,4.375983637450935,4.316404806455798,4.142958359227963,3.70587945991277,12.988284549418974,10.384948701115555,3.863899740126645,2.847169741948352,11.455453267647034,4.79310701364852,3.096399278363651,10.93162369961145,3.051929743416581,3.3932698908742736,12.057533555201177,12.258599166654154,4.571065474324128,4.649287139567135,12.480924425396193,10.986721519197724,3.91704687432756,10.537324727985881,10.461049011240705,11.323700183329334,2.506553746672196,11.204222995694652,10.118459887840089,11.01201563773293,10.33587357811689,9.129915205746103,14.008695266845947,10.940936723850626,11.529581204205146,4.331781517451593,12.901788437832172,12.996192002303015,3.1128210186506395,1.8978185673524743,12.99935021346268,9.736565098313452,10.169580209520836,3.910435192469374,11.136747160809652,8.476122187870512,1.4594823352888482,9.302891345728145,13.549796964063162,2.414029149847174,7.095316338927397,10.365997711388921,10.370884847958294,10.444514269754823,3.443950196442454,12.06869459775836,4.555690455418232,10.411255894417069,3.459838230176569,3.9923767705352886,10.478097528698155,4.61315888013578,12.062947122872064,10.444320196301952,12.06484503349852,10.393867791799185,10.870947000040788,11.352885634362284,1.6007242443458314,2.9998214604612414,14.16473038367759,4.636074040186402,4.539820412741017,4.371813809194767,3.1954540571252514,10.603458653096876,4.025239417325891,2.4862279105068885,13.523922407183058,10.445719429643363,10.029590802667267,10.225440302397892,4.148275507854398,3.9189413387961363,12.88482563935987,4.60939520438042,10.360583587802719,3.3542757424939134,11.423522767920408,3.482056442350544,3.579407507510803,4.572667429133948,10.051831837849523,4.593225717634202,4.701766396993403,2.139231355349367
12.000000394194487,8.806239822985544,4.582569844766872,11.88271179748576,13.78686284979218,14.390533775249253,10.431803409163981,2.915058876194924,3.962638464122578,4.2320293126144195,3.034246891084259,4.7710998277770535,13.071321419687274,10.350918401787183,3.843490094101397,1.9912826036326163,11.59188773640027,4.201546091291521,3.513641472143916,11.245988466395943,2.64900105684425,3.3339154029368063,12.981449696009538,12.376332450523632,3.9384796607057724,2.727355798880606,12.667029852606008,11.377045006430707,3.8526409833288353,10.520253738704033,10.263487622369441,11.39797819267968,2.821825802774276,10.65475690123509,10.279050930417588,11.490520979285868,10.309299990986103,9.251980451857067,12.837393556988868,10.38065914588641,11.453517476436483,4.75033970956489,13.74767792192445,13.30133666060998,4.629749069829012,1.8768638649397102,13.130454409950133,8.848961150706396,10.393282319238931,4.450211796402541,10.934647926623333,6.88230271218017,1.8672276292558738,9.431986356932175,13.409319983688736,3.5084984324384125,6.070418531049693,10.353596061989487,11.501376267430743,10.452668220699858,2.454590396502793,12.483493650598913,3.483938992708601,11.483685401700717,2.7197969554224297,3.868698241158215,10.343459411543762,4.615518016969012,12.013579569023273,10.418487102845207,13.007606526159716,10.223339397031303,11.759377117160238,11.285706591745614,3.016668308413002,2.9147910864059217,11.928872352093261,4.68977314219656,3.4919023532838347,4.886786040978778,2.624563684846807,12.526426636906834,3.9328839052183895,1.665064805253003,13.804094428692476,11.426890897520256,9.987899433982683,10.393460246257447,3.9044771625690786,3.880612169546215,12.266444891765966,4.661506063470013,9.954775933774446,3.907243265796846,10.644823093136116,3.1281881446942688,4.638732956711544,5.7375903334281455,10.957238445599108,4.775137299331371,4.5858143161958855,2.26965012902033,7.948026597599938,4.598292686761872,12.145626317865133,14.042681324129797,13.188261035819842,9.303437837647337,3.881254119938277,4.442164143430653,4.451070962264072,3.3884041800828277,4.845765789328302,12.900897512110076,10.346986125791473,3.7716678354595,3.831905654642657,10.671617557388181,3.857594680425502,2.599046630549275,10.446365444137504,3.6005017532156596,3.4354921880441722,11.820873983001308,12.272181301428791,4.300532883365085,4.719612507591722,12.532530040301793,11.018941327870012,3.990455842910436,10.519945824296153,10.539233610943363,11.419332303093539,2.473634569641966,10.516612592391017,11.59046942027465,10.925043398020822,10.272451272928,9.12568649830335,12.523735802613595,11.314140769368784,10.555620172561797,4.5296781222611155,13.74110331825364,13.131069772536073,4.39008790545495,1.6688100452403443,13.133567285957987,10.075965521810687,10.308977206816655,4.111982529770833,10.095182621438022,6.854181214797024,1.524146062231234,9.316966666427286,13.240844086172444,4.454016976345181,5.630674714520354,10.434685231762616,10.662175151195978,10.3983669066456,4.186066003524593,12.134190887369472,3.5350709269974026,11.440346761925033,3.9434352541087945,4.04944974881938,10.369395162611859,4.673118143500948,12.381996375938906,10.433719064628747,11.897708547072426,10.431219091094091,11.195160741326191,11.468045664728375,1.9876911101061085,2.9396092458941645,13.670352663299997,5.0643112843494436,4.503479911945714,4.16204599114431,4.12520675267388,11.778110545816478,3.9816976666341954,2.028158356950306,13.390344019631042,10.528883836947003,9.322833275065346,10.430323537200781,4.081277051640005,3.934152711278593,13.10033457991128,4.692158978013207,9.749325130115944,3.217969814067923,10.556767171074124,3.2428868686191525,4.480324733882919,4.8216462861017035,10.747615793024316,4.632832690846877,4.545689619706067,2.214535759248831
13.000000427044029,8.832298956470552,4.582298823259792,11.993243164187918,13.771812779496843,13.824086095310726,10.27459100025174,2.946081286979737,4.454776586603812,4.200431394206192,3.095870247712727,4.196729399413702,13.609377599756488,10.288196533249568,3.8481590109403006,1.9515037364278691,11.474258184428006,4.930997788294977,3.7523237506990528,11.3560033264057,2.7123091981025866,3.1884527849011595,14.230066769564212,12.389977341571056,2.7462480099539595,2.614732521341019,12.590698053849197,11.41086342299141,3.8952383147798892,10.575189168997202,10.257875542596148,11.377902393563742,2.5400546137394553,10.577387058803788,10.429647443556679,10.931512698622457,10.28779813355638,9.388389799416247,17.975509555042144,10.855583866736767,11.687862942736185,4.86488580225339,8.70180030309977,13.300410030193094,4.169968251951076,2.011195118028893,13.117811822262944,8.879651524233179,10.329385345192307,4.228392388649017,11.234577957861395,6.896559025557087,1.9303119504543749,9.337064506453123,12.853269807326274,2.3543928740960376,7.1877766511691785,10.364277383472842,11.562503641503012,10.431006381807013,2.3050519134799345,11.910694457379238,3.6320220793133946,11.401990038344678,3.3564903322161213,3.994847015949674,10.329235377724073,4.558005441511392,12.224725102499496,10.402807625544835,12.780658419867779,10.200731535033514,11.192338732333965,10.912187084001044,2.5771660322507364,2.8744060619458236,11.731166630144676,4.860488052969293,3.4638795808864984,4.900850798370767,2.601201396080956,11.916232198443025,3.438661811565683,1.926982458638859,13.450013175166907,11.522020364443003,9.844912949305996,10.38761153615513,3.822204871555893,3.902861951695761,13.019364575952771,4.644146833033346,9.708217968141165,3.241848412765227,10.563185531827573,3.3125198907173465,4.643745862633902,5.5246567878472685,10.43365826998033,4.726809448816904,4.674073201030983,2.263745874770993,8.03644069650893,4.570081585324149,12.227744217071779,14.461629796065564,16.030627299420814,9.471278094991677,3.7929920302348363,4.266712380862679,4.321655186809586,3.284455055164516,4.609074182683308,13.367890373890871,10.497847493942773,4.296176514203288,2.0702216764547767,11.493648366193742,3.8082826416169384,4.047785276870634,10.238447319595384,3.72957135758083,3.2906623008739775,11.747434093197098,12.261881874615769,4.605195500760239,4.718692630891518,12.648632360447644,11.02593851929028,3.9771975742325885,10.361399700440435,10.513027597070879,11.470182563383029,2.5751766321625964,10.651765151840374,10.35837380716552,10.708067191115356,10.26683740992886,8.961891879602069,18.00337216805756,11.201415684613808,10.353954538397963,4.30031471834183,9.000033908907296,12.76801722194661,4.809394483636018,1.7070937340108039,13.195287786478861,9.840393108576002,10.376966321240728,2.7544186488529183,9.917336500733557,6.075400548345566,1.3727020306861961,8.996663856076111,13.185645805595648,4.269605293688769,5.51543610142769,10.385250386659454,10.635256368327221,10.472942300998408,3.5598873114131933,12.238103529740991,3.5554441069402616,11.411069822834877,4.008930118585964,3.2600875382169736,10.447968257797502,4.641116239499152,12.636164681999064,10.438503276652849,11.668718996748883,10.364050362370419,10.89601016604988,11.778154923311316,2.415092567707251,2.755817190010739,13.895049664076728,5.14973472589409,4.615668749080627,4.258410037739028,4.053745933027593,11.134107478031734,3.930124463122973,3.02450794991059,12.68587662478205,10.44288029363953,10.089061147146836,10.33664977038545,4.09619115980502,3.471041957085711,12.988227480795059,4.723989284055807,10.028040475864753,3.4871564436359543,10.626591862995404,3.614370620259673,4.329647587819246,4.966722668385091,10.434362798147975,4.499628353915468,4.714077133358397,2.183805615538466
14.000000459893569,8.931900938605681,4.589152513738213,12.02552505581649,13.502428050039255,12.62032525046995,10.42428174215663,2.9615730163980887,4.18724764172522,4.183945253545703,3.289116149792997,4.870221627709766,13.0899018737991,10.31703007967565,3.710647948880843,2.037830326589157,11.60123241845399,4.336779616832491,3.860392117069991,11.16108530009337,2.5398573884043016,4.011649373251868,13.264401173876065,12.395136380693964,3.642906070158872,2.570580578571483,12.74954276312744,11.487561508112707,3.9051964112571524,10.390252319612202,10.1488109579397,11.388015602310992,2.5384637076983343,10.507757805203731,10.303461822951014,10.817267236592256,10.255300307877384,8.955037287030551,12.81258603801951,10.681269631817038,11.673161695768192,4.798683157915151,14.096945820640864,13.023577599859525,5.109207794071285,1.655210747762116,12.950629906935696,8.967627462166929,10.331046532727337,4.1749580275744895,11.062175784317038,6.422543198460088,1.6798912593408253,9.300703740714408,12.654757695058972,4.75755432412938,6.093615067946245,10.321078331162461,11.518876882240232,10.426348002815391,2.394657014578527,12.083152058363709,3.5624859420325947,11.53395434857957,2.674473400441373,3.8956692101156927,10.408657926772722,4.646530884964243,12.152798091224701,10.405479085107462,12.427880635942111,10.211775702057368,11.475562746963446,11.34722552687689,2.9858901787698544,2.9152401229677407,12.222784795764083,4.8799014139477395,4.52737953776874,4.746488836224138,2.7738044158736117,12.484928114554084,3.057620412790386,1.9237473156689613,13.403377296777906,10.500006711859482,10.058772917700846,10.41995848351362,4.702047948805564,3.894657160481177,13.091579326234392,4.534487424585005,10.119812771308276,3.121623466014148,10.586701704609377,3.3099063397235438,4.691394418274978,5.7902563647483225,11.032939491779533,4.859824871246991,4.650185474913504,2.3964821137523624,8.015454159822943,3.879937418284767,12.122790737034073,13.921576745273475,14.610562285932485,10.419776869709576,3.772812803186591,4.53646610323618,4.294032175496253,3.719271164486832,4.594531945065857,13.261199663393972,10.378113360538903,3.633251559654241,2.601482070684536,11.441786556276261,4.542966689826915,3.1534720715378675,10.31544675375187,3.7153365624604864,3.2964324293358915,11.57597909026009,12.296804162305115,4.625399025772901,4.736342831138581,12.684751874980902,11.155354747914389,4.029451967942171,10.441829554510521,10.391226487621521,11.38197210890047,2.4903862959738117,10.483804706040775,11.64719131552887,10.880277268298803,10.312025167994065,9.209315753884063,18.200880508605575,11.312988379371443,10.532204796950674,4.298588788950766,8.359944876414144,13.022563983250901,2.7749762926182777,1.5950831605643345,13.301920104000235,9.698215774758582,10.298242913439505,4.06138805399198,10.239104449585836,8.380133000242648,1.4989362175019458,9.274087632476492,13.092971371026852,3.44939791894424,5.897883323971434,10.426165949342666,10.703711580726464,10.29694300391856,4.257620822952086,12.04321822064614,3.587978831963073,11.512411498653174,3.9382388515604885,4.072502147909381,10.290000244962643,4.645757282018168,12.37027373955561,10.41002788846513,11.904233156127242,10.375252784339331,10.908541264051058,11.839024846152583,1.8934899942734353,2.790578363269787,13.56479170095008,5.819615361175132,4.662082659462447,4.60130936535901,4.481355537856043,11.724815967478838,3.9433455594052864,2.8701513166259396,13.636318274498887,10.248538443882117,10.03982964145943,10.386338207855003,3.3977816344200367,3.9120575718360624,13.067211649073569,4.529679160839146,10.118723010269555,3.3959470024855647,11.41000645540878,3.4256897020597394,3.6536913202566104,4.376382361382042,9.801855200039592,4.582931006063106,4.669759048867341,2.318103040452547
15.00000049274311,8.95782871720366,4.571176599365841,11.919120896600008,14.33494865405836,13.173181445446646,10.408172050111315,2.95600280796763,4.238404539193921,4.135510580546824,3.048305923196329,4.6872580035063685,13.46261928446353,10.268530002127756,3.9028320762694735,2.084018367783606,11.538312802751364,4.80003972618882,3.5797558919508154,11.324806478350279,2.7220822953258437,3.648553333236537,13.259454250243259,12.349970446456025,3.622466351268863,2.783851042664677,12.64387829162142,11.430029649365487,4.03164275230664,10.428006236130328,10.216636113807876,11.338005871410914,2.5322659131901286,10.49397041578943,10.246255132465839,11.197549276805246,10.270905290402386,9.262611501887504,17.531900848099713,11.199097231069779,10.490420792516167,4.985830164453762,8.882770007305067,13.314334075700694,4.634666419940447,1.9762576380256205,13.146143054518678,9.118261938119556,10.332106807861472,4.200576746491145,11.07155873248072,6.8519319353475705,1.8250297474611001,9.406521561074888,13.013113400940956,3.5909106470766523,5.271368911928274,10.244967399321714,11.554787532183255,10.426351216863377,2.318187019113435,10.719024773887272,3.6086069141019186,11.54535946383897,2.5211165652707255,3.9250076850799176,11.266061823677685,4.6846079935553195,12.144569798673118,10.41536689779457,12.124201148967845,10.187027537119894,11.918507486751441,11.68124964386438,2.696212860305927,2.8293907046220297,11.956197765019068,4.391573980068371,4.6118910176660926,4.808898462247023,4.10825703657705,12.638103013044256,3.915037353270905,2.1332092837793373,13.493157390936377,10.524637858601231,10.02406761053556,10.57345268801669,4.321383344510735,3.8808237547214604,12.399712551241484,4.654510605576042,9.346761294821762,4.009396744594995,10.607370139380278,3.560382128947295,4.643879640322445,5.973435831756042,10.653991186493181,4.764001782177778,4.590347753581187,2.172783023653625,8.069452178431497,4.164913841059597,12.141228856689084,13.994065631858389,16.25958987511069,9.96404499664414,3.7755502705182975,4.5619529366796305,4.5276942405492955,4.098362203311046,4.50642152074183,13.431316197526195,10.353703406565662,4.223152963443833,2.6460976399387417,11.52960356204057,4.451147211086166,2.9757674962895537,10.370151594615791,3.6997119871997244,3.5036290004833766,11.555397039831826,12.403154756617537,4.6116118837670275,4.69579401104769,12.771301484770914,11.289085825183454,4.0168852199153715,10.334154241810097,10.440738875732526,10.52067718614953,2.698630239173939,10.456767641004804,11.747950372090392,10.754098946909881,10.301917156880593,9.00016479885079,14.20394753030782,11.065651459333907,10.607813834080142,4.362537929047697,12.788683589555639,12.983279935844166,5.17477691442614,1.69632655681888,13.052978755482567,9.607231787174467,10.399156667535225,4.209018820021601,11.447695800091756,6.59536398221085,2.725388857557915,8.907410956637952,13.387618430458735,3.4419235445861203,5.562671964217556,10.378333785705001,10.43501688745891,10.408490088927103,3.207495646875011,12.166688295037368,4.3868521572857855,10.535435732896763,3.3747920005578917,3.9711945125935966,10.415438241111392,4.67972816278216,12.486122463898866,10.425716274431931,11.800784902253858,10.390196248109843,10.876044549514488,11.592831722516758,2.118565108375476,3.019025358616521,13.798191421641281,4.905623394915071,4.573380455469688,4.467332058263745,4.017489979249048,10.83104047018138,3.6847245558554946,2.983837197762589,13.638063978545203,10.168779839218988,9.885896394213155,10.508214489807798,3.7364038887912403,3.9179046729822513,13.109724430135154,4.564384070028851,10.198144351411111,3.227913324819743,10.492348981854704,1.6327427802173764,4.387159047280976,4.624964793508586,9.967149624996765,4.889060114841221,4.648555210882814,3.1150997162771956
16.00000052559265,8.845068415189159,4.633513012185566,11.794448051684707,14.156112337989542,13.736862884669105,10.169162358915791,2.9047197800976985,4.275175380459792,4.302477094794753,4.072751120276479,3.2207513558818555,13.378494023000162,10.343574507242947,3.975469571121918,1.845687617887009,11.58280969796775,4.155310609501691,3.9390566193439436,11.305899174257126,2.7298269442089897,3.6644434632653002,13.415686263781696,12.309024325396717,3.2710418072971765,2.87579530096713,12.677418215941094,11.13633929540832,3.94298243531443,10.51211136626154,11.46573840712657,11.188112999181678,2.5588260733438704,11.552209834586579,9.456431047209922,11.324970851668267,10.271643955366823,9.583879870397393,17.55897106171909,11.118394070023458,11.672005652021248,4.869336563765565,8.228456821063745,13.359115128719871,2.9543793123711652,2.0508412098455713,13.254612855390812,9.122171981310688,10.264431268788604,4.143524115092398,11.561434306666543,8.95314992184562,1.422499755675179,9.355991709746,12.980511321893466,4.1686024215268835,5.599032676710511,10.296383337487184,10.422653093297638,10.431486432103107,3.3398892425124758,11.977202846168334,3.519828194603888,11.556893585225497,2.4400486688770404,3.892206489996826,10.276592690574313,4.672715870659791,12.460965393764768,10.405616638284812,12.09161097966298,10.062253610208984,11.447204733098129,10.560389744013088,3.3684418688117805,2.9511672050497446,11.933735315201204,5.263032179009867,3.9002846755526814,4.839936549473858,2.9048765725566934,12.800158322223924,4.1926439953453025,2.0927974479006384,13.322003935881492,10.422690683718471,9.856399105473754,11.343901690103324,3.520518435887106,3.730456853377755,12.327849026619438,4.633798557488947,10.155018475558913,4.0638122834638155,10.636090145352759,3.6034263347210618,4.386609976050171,5.757215519563507,10.55259448132046,4.787239906831727,4.6385496874070435,1.092196029303092,8.07162173986935,4.425160502047201,11.85320709664754,15.01575787195462,16.18788411206013,9.965534439574359,3.769316818936234,4.406431590743877,4.343330834041111,4.366971203037271,3.6815769160954583,13.191518695787439,10.416992020561844,3.7324583413121104,2.8462700727618837,11.49481421066759,4.812859139569292,3.1105851976671595,10.365497252136713,3.7825703990403574,2.893651464339546,11.473054995249646,12.400168041228708,4.605520378999805,4.657361374048343,12.752384696503169,11.056288272315642,3.9979387876299333,10.40220107681587,10.456685638734488,11.390892200701826,2.7007775939768757,10.440999362998722,11.740225473882477,11.356705069389651,10.355784297434901,9.152305705449864,14.08653051111688,10.299630384774657,10.730450932990319,4.523710082584175,12.730345240524933,12.748900111537502,3.7393498193603847,1.67214169565098,12.577224363754357,9.320391095001826,10.211545606633385,3.035367084122245,11.336247943652921,7.3076166666821525,1.4157890126554624,8.754839517207541,13.902867151405001,3.661801945583992,5.848873576181036,10.420258779385462,10.342206891703508,10.544003301507587,3.3590951851178037,11.99547360918424,4.298091418466328,10.41520512665919,3.6559310119917985,3.73794864136259,10.43777675088538,4.645538095991442,13.064723062518926,10.417000473029603,12.692846938903477,10.322199204777526,10.897272367797607,11.932872103285181,1.9131599573884093,2.9236641434474873,13.7884241845136,5.289490704610541,4.650805346755632,4.8234964614501195,4.125073315252567,11.26371158581594,2.8728847127984127,3.429298548789892,13.424108358840561,10.385844466350894,10.021562454089093,10.00111947705487,3.9846415279190137,3.8319784834605466,13.071322807535504,4.51948180072622,10.128240987664052,3.313132009368525,11.520811807898069,3.0793679614632428,3.5116324726317028,4.433490221744827,10.624397467179913,4.652363809320452,4.5765901850767,2.2839513418100212
17.000000558442192,8.938572771118762,4.661787047950494,11.864365678833472,14.088106466760758,13.617176085312549,10.032158138248821,1.7866087371986343,4.0334021138998155,4.206424184348244,3.70903285530611,3.3397088319525814,13.057711232307616,10.133185405466447,3.671138177467906,2.020058364284733,11.50320124932315,4.397526737660007,3.856277751076756,11.298187224691482,2.759074207479238,3.4828063780572442,13.290048075023147,12.33415654236144,3.5986270587657794,2.703088474219147,12.650497375851673,11.481297175189003,3.816778415874577,10.491669433397789,10.153773582814836,11.320374287129916,2.6653856483801626,11.454191246963305,9.429914250789908,11.422465087813453,10.360240789806518,9.204371820134078,17.924116152866127,11.054065586097229,11.651423967383275,4.818330984920549,8.790582048618278,13.217927791738319,4.78450121471948,2.056754388574362,13.16615661769938,9.143204995978925,10.365817679638019,4.096758051189982,11.56211319345491,7.140901895429926,1.6016168411362173,9.345234713631717,13.38628368068624,4.017269720039586,5.361674667954455,10.477994201722456,10.443200451920847,10.464850401904796,3.343291460392163,12.159447468711502,4.499821226584975,10.498975901028073,2.4198593075652597,4.021332986514957,10.390489632863117,4.350750331687047,12.461869784331046,10.412344929213962,12.419930140568077,10.184999039435557,11.304155896730345,11.775556178993954,2.392821160809896,3.0698652183625956,11.90772588304577,5.181311659343525,3.817703299998468,4.9389979874108505,3.4300124446302065,12.471838817818293,2.8973277362579632,2.1276457961948676,13.50144631604797,10.411665398206928,9.813711826452067,10.58282606902674,4.396824492763383,3.8827522812534574,12.370988556950115,4.760571790053406,10.151696581516783,4.03334467455393,10.452150427773967,3.4860302649410935,4.621152044385085,5.513700675461697,10.673525849007875,4.75905137586677,4.619050485652522,2.1754201307076153,8.082907079915568,4.113686818119413,11.698499146014417,14.551180322259997,14.818522190836152,9.768666241851147,3.702265886194344,4.485290769737361,4.155708057359176,4.585345328722404,3.645951894040076,13.446937844314823,10.424821247385696,4.03222842784903,2.580310796385189,11.480371793813639,4.4953999322361,3.0562650718025375,10.223385243872823,3.630086024223563,3.820234901958007,11.66692743083191,12.277120060123014,4.585434393784761,4.7027078387499435,12.665010978812536,11.111295765719705,3.924804737442537,10.43894050083287,10.24857293819711,11.300720800518622,2.5129265594562904,11.24054879819401,10.874477651208949,11.257826669980187,10.287328088298727,9.065491215121348,13.840458766715958,10.477187131605309,9.742058075476953,4.10646260880002,12.655113675515356,12.990447624085949,3.0869374379699033,1.6232191149797348,13.162066261839211,9.451928702592728,10.35262511439526,4.144803887182321,11.202638460845058,9.398494150405023,1.8325012481235816,9.057391770350229,13.039442488203148,4.236510322906105,5.524607989110403,10.380763240553561,10.56878560839249,10.4508571252266,3.298109977696185,12.270029666844238,3.498110592034802,11.433534115311005,3.4739608209862514,4.047440352412817,10.42451726386796,4.675089849398738,12.45830127178288,10.444299416554356,12.480498540439438,10.270856362871621,10.726843012902386,11.62983540605157,1.7584271895635903,3.1727685004850317,13.818362084247923,4.926007531330566,4.484551209456742,4.670964417720387,4.395647487494557,10.889471648457171,4.039603001049118,3.572156675842433,13.94907829040274,10.384768391929935,10.083525583101757,10.095131087014185,4.165979878052536,3.8424367543316373,12.301250256204474,4.583364086179617,10.066333858857318,4.0278073648885915,10.576509143329757,3.171539905329277,4.614271336146068,4.655441705884407,9.923520636795017,4.577189970328298,4.26383314173512,2.1722518985097543
18.00000059129173,8.886336997979981,4.565874898875113,11.525368930814661,13.44418676165032,11.27335601289675,10.495450287267303,2.0406765264146363,4.109661098248962,4.227161226655313,3.627565272790756,4.342014994274786,12.715140449684242,10.391866438625751,3.678134721800163,2.03814005967864,11.531946360145978,4.855980286692857,3.580491756215282,10.313809181973552,3.780178379752419,3.324184239265609,12.323476875854839,12.377940757544463,4.47007930327768,3.3995352701411417,12.796110509692463,10.591873035484763,3.8314949383649353,10.578410212051988,10.133339778338721,11.350686724848089,2.680736787743377,11.381555099230132,9.711246175151002,11.36987105270567,10.296410363854909,9.432882839512983,12.855539334758687,11.153994886239587,11.609955386609423,5.025397296164728,14.383304253961139,13.044275763097382,4.668428147943951,1.8287579031100225,12.971028589518582,9.096789094591964,10.226365024412445,3.34384347924976,11.538947507074202,7.498923830699269,1.8422764601575041,9.466781974167148,14.307801040801843,4.04778759892918,5.62219828671651,10.41188444622094,10.607977887564086,10.440329922532682,3.5813962456005513,11.997893060878075,3.432538396337725,11.470850737388844,3.8510321691893705,3.268285346595107,10.459627577539727,4.327866804143625,12.360028149421314,10.432007127121153,12.193934548267942,10.159092683633755,11.65142681685047,11.457817380989766,2.961401950694696,2.874005164044146,12.055658649549576,4.744849376697272,4.278591366063198,4.950026901326346,2.8428623363065406,12.596320247873592,3.4618825225014596,2.1250135140129363,13.65780059110054,10.566337302714134,9.836060906098053,11.282159520667758,3.4300313349454097,3.891814060562309,12.253492250088664,4.8799855708441005,9.616063276434272,4.0142195787676025,10.495115711006278,3.4806449987025614,4.532291919230437,5.545682461919749,10.736758137967884,4.7618675889066715,4.6415849937815565,2.1861385468882393,8.039286497648684,4.541659302031432,12.043117813019748,14.117501447122601,15.74132505320919,10.352725852652874,3.7957468349939143,4.7522077766032105,4.3678693439662,4.1536936126446475,3.5837448363188633,12.464379457296062,10.230856973076666,3.9577112776278343,2.781586034068119,11.539214202689363,4.065389715754654,3.6347388009914035,10.401392280130397,3.789842016703317,3.2165713732652756,11.782618498183401,12.320395057999132,4.623278841902137,4.703833318633757,12.68679445858191,11.232320800421618,3.96473840956145,10.369688530168247,10.475728857994302,11.320350584976609,2.590362546486452,10.745199440230898,10.206133110103426,11.390067016966713,10.331830156279148,8.919705922095835,14.078465259583828,10.441753346782521,9.508438379980086,4.626603515376177,12.699733327196228,12.876849449240991,4.511763863542006,1.3538403097847698,12.949488932392951,9.527047823222711,10.437622460493948,3.352143929813169,10.543856991847845,6.711429738029532,1.425946990401357,9.013674476398512,12.33381731582968,3.0049368022598575,6.3600002177086195,10.356773832848013,11.911535047457551,10.552613399881562,2.315152380231646,11.713522759102316,4.37447669011642,10.375925408860734,3.9230483439927983,3.8025298825086202,10.414890989189443,4.691180992528993,11.935914458506256,10.441110606400347,12.714793132526953,10.339320801609116,11.900000129771584,11.42047076727527,1.9413052659090795,2.7658753720646767,13.643384373985452,5.0955006851120945,3.9908673908361436,4.376753071027546,4.2771215175413015,11.79227166352199,2.775448765763406,2.9486378669678044,13.68903351197788,10.10425101225338,9.872863534960963,10.38596244380684,4.643531595147007,3.6673956838320523,12.111559238938279,4.435106816130613,10.305747694541612,4.041012457824485,10.553607775977389,3.267157494699663,4.461655796547243,4.273606231994026,10.60375292172877,4.683351071960623,4.593768656848263,2.1428398864541087
19.000000624141272,8.880384437697849,4.688381297340462,12.101770297929836,14.060649302113191,11.224698641534731,10.415147542262488,2.924254724809033,4.368827701922839,4.2535411008896284,3.7564848603965,4.220153231961928,12.89547852850666,9.878992899186619,3.609548692004956,2.0730216661214933,11.606810018379766,4.318723164900945,3.514061266258662,11.26705764142032,2.7937444066492136,3.4820647364721418,14.088760855729454,12.32316496389652,2.623396903217672,2.5578076863727697,12.96223333872424,11.323936192990091,3.5868745142943514,10.438527389311977,10.035497790215638,11.272562947253666,2.535785399779436,10.588643099433028,10.363882782260312,11.357854688778414,10.249590040323783,8.912976657616912,13.932850073197944,10.62834656422112,11.668792511175905,4.8132339769702766,12.520671203477837,13.31060025811366,4.976201029288497,1.9453722658242563,13.02005354136785,9.069195921271755,10.269378195990834,4.06173471385025,11.634906845279081,7.0784593061625305,0.5425058434856148,8.974897552474692,13.372047549443701,4.684821054019391,5.299935683356981,10.325641565204949,10.500067765909066,10.465235607979654,3.368845731333082,12.116435153548236,4.447965993164858,10.496156028339728,3.2297882253058394,3.990034662090883,10.464378482909241,4.206229840032419,11.974039502843764,10.44480437496213,12.312612281036014,10.169449528210782,11.171602212331361,11.299445834812719,2.5125512262063587,2.649215979454765,11.879193099126251,4.895406631799929,3.9296261591940542,5.152885598480229,2.4577634790310725,12.380745095433586,3.509069231860249,1.826687797247554,13.576927174512178,10.540453222066764,9.799022372965204,10.434077046270213,4.359875155084459,3.826281251500537,12.16602924778169,4.626533794435722,10.20564151967815,4.033019825816716,10.486009692570606,3.775303746440315,4.557932304888355,5.147327436423264,10.977012604927527,4.842874567986277,4.599048993042052,2.297247730707345,7.915253979321349,4.5228267326314375,12.08372412509653,14.1933771031158,15.866178743869977,10.264089359348482,3.857479297541628,5.102369518634961,4.494747193149052,4.393673421874519,4.749328201405268,12.657986506973426,10.292876152960144,3.706437443608512,2.7166276093206436,11.52234313094261,4.234459146827157,3.770635277172068,10.554344898404404,3.754771064365467,3.552271430039982,12.014800816867831,12.305798136613793,4.5557476983472185,4.764796043602083,14.631004807353312,10.51294979928151,3.9634980632419374,10.376876690701234,9.92352683553327,11.296569199738464,2.8504800740303513,10.879300259828714,10.088302551370896,11.589297658832493,10.293556963408706,8.909522501902508,13.90747492750357,10.365423776588901,9.399807108258463,4.543104039787127,12.808900719619889,12.73852528427734,4.967287962343978,1.6724802687511398,12.351729792409879,9.679955284942631,10.364222902466897,3.297260712190375,10.683405378186007,6.730219690853989,1.6770904770980612,8.996346208872993,13.114535342194285,3.310418262482604,5.741562240731673,10.369107865567416,11.64085883891098,10.479606057162009,2.693560587782764,12.164190906783563,4.529019754285361,10.478861541478183,4.072919893972042,3.2566262508223436,10.426963248565777,4.5988111165329855,12.867014840426512,10.449483121735915,12.702119171901492,10.44156741606111,12.68080058453506,10.914067096241036,2.4813842352748567,3.0880720889844855,13.883427626675493,4.6448419654646536,3.874911534463038,4.430497711788901,4.279372361885963,12.091181853835856,2.7676329148543686,2.809042997053963,13.449021894237333,10.401551992807857,9.832041100479886,10.366567453680238,4.459874325095103,3.921593973592241,12.225605181236029,4.589166883464999,10.11926781715448,3.9402359154214657,11.49231879370837,2.257643009525821,3.4577416195022193,3.592065791573727,10.456049461467924,4.727927743720778,4.613146997001113,2.2552928891238704
20.000000656990814,8.87327979453146,4.556210816697927,12.248704091931366,14.171999554920859,13.530016952255531,10.362927774710963,2.8788874135298728,4.345057779402524,4.1732356590997295,3.7107508764183765,4.104939252600103,13.09803158214498,10.383245903660987,3.929669292189413,2.1321232309303766,11.588052447752814,4.201792602623556,3.47016439196024,11.251846825629775,2.7046875543110165,3.8451274941667797,13.29040593983021,12.377226841462763,3.6397510409994065,2.7457998565252035,12.688302118533256,11.447733325828072,4.006979969389049,10.45154533213879,10.082509051443822,11.298146965260662,2.5601391722507065,11.359101857362448,9.708823729711844,11.238731115066976,10.36268496509885,9.204360855227247,12.629500793178291,10.687018285729865,11.739800076227928,4.2940972640518105,13.936424092830553,13.479652359757342,5.4366615279661215,1.9636540911482374,12.294049904981721,8.671895619003145,10.27204540466979,4.206059367254372,11.477683014505587,6.7683992430658915,1.1280017328098615,9.247415895581089,13.958525864799642,3.954575711789148,5.315679573080273,10.322894190221376,10.606937200663175,10.467250854172669,3.5800332996632775,12.42629889053005,4.546133257298096,10.443317415967982,3.982475899094745,4.067604369311597,10.237963111941227,4.711045955063961,12.731974362553133,10.415936004656466,12.311880605240232,10.20166082175465,11.148390282632356,12.194284088551624,2.3972639780633926,2.832691211482514,12.04150658063762,4.932530981517856,4.105468347350846,5.297507535423457,3.0531278102473727,12.470259712306772,3.4351097689787435,1.9723560426811673,14.136661979852892,10.33718219168088,9.466599650282033,11.301651716856798,3.441517045606613,3.8588627865514153,12.396069630043428,4.585454337236007,10.093395803906258,4.26652721753928,10.48821734650677,3.8174884097907746,4.5743659407261985,5.705334990548014,10.990741804969849,4.73022919349035,4.616868204101822,2.121482734825817,8.049508071186041,4.541998958072103,11.904120990240562,14.105498148175231,14.768672291504913,10.651117652204213,3.570370453167575,4.211097980832427,4.33028535382382,3.7757289403034733,4.453538952808394,12.753081295951656,10.459253867756408,3.659916251154602,2.674474014782122,11.504834672940401,4.5179112985111605,3.0623867341119846,10.255400683770462,3.7674066331616305,3.9655490251460037,12.36671341591557,12.322457582051205,4.557578643580272,4.770463278457368,13.45393861028775,10.818839697469215,3.9817796519031585,10.332183401882666,10.448819533792388,11.341037556443766,2.824695204991149,11.425951661795798,10.675683838951148,11.214231122458424,10.311938834903998,8.912867393862015,14.25111486866758,10.342046991836577,10.053712187215265,4.685747142165371,12.722164476632253,13.216139758317128,4.782177793624,1.8926448469456028,12.375303263184097,9.720868454123337,10.268203402838225,3.213607644934201,11.08207430036022,6.917217154404779,1.6295310154039773,9.142953001002585,13.015345861084608,4.17490888130317,5.776458526613492,10.09258791894384,11.548687558973842,10.437652068781945,2.6206592912411293,11.791456614722433,3.790674139830368,10.459213763007826,3.0789736156059186,3.681662611647784,10.431737736108598,4.389659404272586,13.191248900790015,10.445254423794543,12.49868896889888,10.434640686469614,10.783436270114102,11.319717777051775,2.37892633266514,2.8239403404827295,13.904055428444197,4.811903831357396,4.555075039400276,4.108770145516239,4.396700606852965,12.608328183596386,3.6401134364183365,2.8175684215526653,13.437075885084766,10.393606012485918,9.656481544154468,10.43652001337084,4.215808678887935,3.8471720958327364,12.226711760486653,4.593546419430686,9.902593585668102,4.1106180832380215,11.540886631015526,3.1629095854927383,3.3627665544253182,4.059142494705617,10.700538087944373,4.76765396724777,4.7072027622514465,2.1916722677801137
21.000000689840352,8.903610977475632,4.554715728811804,12.003175240118305,13.386196875502456,14.256382282935572,10.351022021483786,2.951414222422504,3.7572109683495043,4.223711694229711,3.6732919472360743,4.819750344384205,12.600923655689554,10.396033177874292,3.87741460730418,1.9776316476625686,11.556082785766895,4.669397026768796,3.5819697064554257,11.380604041766382,2.783813728472456,3.424364194857,12.400575151857902,12.33117140206283,4.391712109477324,2.183853395302629,12.65691004047864,11.578541362882458,3.1114847427350285,10.411062692653115,10.044633230553004,11.309562573402458,2.7935373751349717,10.594002440455588,10.328466708359672,11.270039439867697,10.191083079491325,9.335348420206344,13.898377904262352,11.108846169760874,11.6611171207905,4.1305366847196305,12.781389339809445,13.111271215465885,3.017027312804771,2.098725838211626,13.135449433259764,9.037865137892371,10.300063033906856,3.3260749341256197,11.603788031014336,8.164878585942638,1.432586750849274,9.666424784291914,12.646816731626926,4.461849875418573,6.273472520225643,10.391015460901103,10.644009037922812,10.481198580644044,3.4323951065713936,11.932523475770118,3.5347648656566553,11.438047344434649,2.6965391344172454,3.9686543784513635,10.282551711741055,4.666106741425592,12.539284750435767,10.440736153674514,12.22375647569535,10.181082803281923,11.573015453077364,11.939305945488188,2.5824347638779592,2.983562290985528,12.062561897612326,5.095831593542736,4.025977425357834,4.862376192987428,2.3988084648986328,12.713397253644224,3.481676973924849,2.082167843643815,13.414374213210833,10.588774065209785,9.973415248482528,10.62237078274593,4.335768611940628,3.8966056902030117,12.255731614483075,4.719515645987573,10.064345706378747,4.07887455387257,10.513647914855648,3.62291549362122,4.596311166012243,5.634493961342287,10.71489288975837,4.727976122249949,4.650863630788599,2.1958759783010646,7.988491890217776,4.559670186870515,11.99925948166614,13.774426973917404,14.900456870446726,10.206080166260925,3.7449800982469696,4.341783029675159,4.66806291036295,3.66474726369176,4.195030143147033,13.423279927852562,10.359403861786367,3.9342030795841194,2.9180241104018902,11.510129586028134,3.5892138778855243,3.7661356583817405,10.571891075965196,3.7688894217177937,3.3392633322383434,12.35563937015249,12.483013268671481,3.7608276033231527,4.704512590381506,14.334511058531808,10.946834921767712,3.968756903612431,10.088296377426007,10.427125600549392,11.437619146247474,2.9970192239665385,11.351855289026481,9.864911131695344,11.47331123230741,10.302239487323277,9.055822047183765,14.087988194663435,10.372124942539475,10.683397040801573,3.900574349332159,12.741811497409651,12.690600980125593,4.359409075676963,2.1361324398028225,12.766767163496876,9.704888331953233,10.15704251816087,2.955943875262322,10.968832829425589,7.561832888763934,1.9557150651485673,8.90151168445506,14.643744965669235,4.077212527041487,5.431075620697905,10.526803678423265,11.525352939319385,10.50438112109985,2.4839819698294017,12.196821036672224,3.613886438271605,10.439338862036868,2.1639742996728986,2.8382764246304215,11.434681974883542,3.378757491861702,11.587040350695007,10.430987949589216,12.531419803341057,10.44550874233398,10.939211173782445,11.05043851711648,1.954947363663566,2.9741869701337396,13.964140516439695,5.261806341593925,4.559447633713646,4.467208975735764,4.357616805557838,12.658642683002839,3.5459007557229447,2.951295486079568,13.513518132214967,10.416102276644036,9.82414318786066,10.374012349688208,4.596552876596138,3.904711597313589,12.176988806790064,4.578326507901638,9.701167437732911,4.00928953613147,11.513393372987782,2.5421211648734543,3.4530201617327583,4.015021492583092,10.667266476849628,4.743999062493389,4.579903419558172,1.9553822987460845
22.000000722689894,8.612015739718059,4.479437762088672,12.133523398533068,14.096191909163856,11.924519190350464,9.857549062306253,3.0469035557392425,4.126922027986762,4.326105200732915,3.4748841998575246,4.50673114138449,13.14019949085859,10.494934786940897,3.935394758038087,1.9444879075806312,11.490477410910174,4.547319785127329,3.875340613982592,11.292730091539182,2.740540486300529,3.3921656512469056,12.931942772747114,12.40824862721605,3.9632610930800567,2.8191962642167088,12.595539300777643,11.497265111050528,3.9297515902504214,10.449016841759056,10.072872103179025,11.320586015201403,2.6046103515383647,10.738977444906265,10.371195077485455,11.44747715142356,10.300035962767094,9.360757074123747,13.751359594534522,10.644894209829369,11.741682195180497,4.452807613437822,12.474530903360268,13.735365426537035,4.10644512874282,2.016634443891449,13.145915830995158,8.813838618305901,10.254030612770618,4.1883628529793215,11.083714371070345,6.94889059559559,1.4796288592056563,9.31191967189857,14.50447009449857,3.916574441324141,5.4026134111756114,10.141915086604602,11.471221610030813,10.444767469612177,2.675617448904309,11.916754310637957,4.282702700611435,10.731363173573627,2.7303308026408906,3.843944603672509,10.348187400058219,4.646145531566518,12.144488509961903,10.44959285770991,12.537361118137788,10.172722240201733,11.155124769563653,12.066616839912411,1.9377962555592765,2.9892290908155896,11.963009179552085,4.462340701157982,3.8410609075858972,4.850806481019697,2.787259010935224,12.092327197862351,3.8277962021573364,1.956059616949394,13.745527206627994,10.429700901279126,9.952400559503502,10.560195700043932,4.479490255205537,3.829013755991763,12.09511727454823,4.720350269644761,10.16832677590405,3.842507912730083,10.682951703592177,4.109057709864562,4.74208948405271,6.132824371886695,11.049452615648121,4.67073455494745,4.552289721040239,2.1393006554595013,8.01070966391233,4.523171683653511,11.991001693994734,14.142104274353201,12.367560594897704,10.13161367185245,3.559947903360996,4.710614903166762,4.395772202536787,3.406140483351138,4.64105911589872,13.084059060930347,10.443508697637876,4.195534328096826,3.1175621684618338,11.300273580368675,3.5912874029371595,2.9213094099920074,10.218066242138493,3.7869653178569656,3.219427810716205,12.35943287425599,12.311818935362373,3.885999322741489,4.7530608376253385,14.416956435265007,11.034570862232847,3.880580256789176,10.520378748402276,10.478392390401792,11.2795636938881,2.5191345241016405,11.234077913728518,10.98820399755186,11.472040721851258,10.36614310783769,8.95918835096421,13.973176094272981,10.231568859890285,11.466406429060624,4.3412497577924105,12.740863570316618,12.76382667458467,4.645522679163172,1.5029779794934581,12.22444121499908,10.022542857444925,10.191192620699859,2.7979082535725017,11.385916860458659,6.892355889421579,1.8078070886688358,8.818688700722472,13.033902499694296,4.92098316190162,5.640370480422291,10.358586895524775,10.626432323751102,10.320472345653084,3.565462942172578,12.199860337096695,3.4247212216351226,11.3356261520195,2.4900136965748234,3.689025314324656,10.459596758311854,4.4484343658839185,12.809994259956216,10.444886162779412,12.3654093732171,10.41157148216046,12.995195236886385,11.591581463204896,2.0851997541924425,2.6440465875185915,13.805003940191213,5.024618871759151,4.510838538467417,4.647452930616113,4.430543755329106,12.22034631172216,3.776120105481446,2.124195136044762,13.017563249537409,10.507253005615777,10.203080939068174,10.384585484582033,4.380336371973791,3.847413779205964,12.39123315815198,4.6228198414028165,9.871291096700908,4.056170134698322,11.482463545279288,2.3585442534570933,3.5069370894324954,3.422407938118392,10.515430406731323,4.811068446367291,4.5693901371197,2.285903349099359
23.000000755539435,8.999674362670328,4.574751818215081,12.041186162229538,13.649366575258956,11.874465525842806,10.116013021091998,2.8906530425385233,3.88910940467194,4.2847743325894685,4.0383803380605405,4.346974114829657,13.026202854626083,10.44527402164832,3.2620772179578337,2.1122391502026097,11.520840769713821,4.554384249926833,3.534139952758561,10.600598484622585,3.569295050172411,4.298858116401884,13.249008511573876,12.420502777610976,3.1724227593512944,2.6200894906913668,12.677870288208604,11.364415586607056,3.90111338326092,10.478944707870756,10.047405026294015,11.331709184650412,2.7173364110080462,10.547076875992465,10.232402008369307,10.723921555177139,10.310401352928558,9.41109864974105,12.66746318571038,11.071703334504658,12.600283986623257,3.7594227811602092,14.078595490191061,13.21695618638045,4.21427177956749,1.8911359875486835,12.9440951179141,9.038089325167402,10.357478349722124,4.240869688608746,10.462486341515678,7.456101553425398,3.215828952108917,9.258334850567339,12.85190720682045,2.485502995401715,6.900554982167285,11.134451086649703,11.525564742969467,10.460249898554286,1.4593678914917025,12.189613738565921,3.4584410824687257,11.372433696578156,3.214455938740402,3.815090367333094,10.426547632432335,4.653887899383629,11.89640539695973,10.41464676162693,12.363320096782887,10.090342074950813,11.202514176813526,11.759481751769874,2.4800973857064994,2.805184172655489,11.822096860648584,5.076172210802788,4.440841668966187,4.8385996977526995,2.880325446491696,12.870838056280261,3.4864592446561833,1.9563857510823819,13.305055353072197,10.562875004526836,10.10456001637054,10.606730453355034,4.403239828046684,3.8780100162811593,12.20447402312291,4.780201556147126,9.987349760036453,3.8411375142478805,10.78567176994348,2.7833884905266593,4.610687692501402,5.513398186348646,10.585783017896738,4.709227822637133,4.604340078776756,2.2250696576332345,8.021775206315892,4.591966103311639,11.974296632592146,14.149860264022827,13.390328936905364,10.198064574044825,2.3362009907239223,4.444861208666019,4.304920836244372,3.4222306183364877,4.893805924889396,12.96482158471183,10.425353327590178,3.992243408939582,3.1412922447557454,10.652922852956907,4.212485135573071,3.283000237768023,10.648958675631683,3.5777119976892604,4.372740543849556,12.389206260269203,12.320580907380753,4.195651292154359,4.743799141298341,14.376939892665604,10.9324980462957,3.9057300875749283,10.220762215991531,10.462308748027871,11.310972460722013,2.666975123288322,10.732007856431647,10.440344997016993,10.698434809765907,10.326455678600574,9.309190100728696,14.180612093733673,10.033760929590121,11.468508012441497,4.895148394823912,12.564653569039132,12.757247210646506,2.744764196011113,1.3740360738434003,12.991525744365333,9.098191647819279,10.217849320107138,3.2453865652152647,11.298904192819501,8.69238112884698,1.5941100466990936,9.158845169060541,13.702404543605352,4.024502306844873,5.412186788744567,9.963251313080209,10.506328390482158,10.41963854826105,3.7039094697628365,12.468265531439364,3.5110069926652963,11.44660407570582,2.6783222453276627,3.9661812673581567,10.318610827621322,4.414263335872848,12.128960911742372,10.439298024218548,12.635499188028774,10.359118377956884,11.87723595191283,11.524587721336305,1.6306698451246222,2.9900100850522144,13.82457760102774,4.45061160130718,4.5847078521419045,5.065132547607451,3.9573665188713094,12.719607345074072,4.242470043043075,1.9150718784090341,13.354371251692651,10.493346346693999,9.70151333363965,10.266032110255242,4.6447577755568545,3.477018284337939,12.077893722644466,4.615192745680636,10.235444243951333,3.938422248063124,10.632505795870998,2.217136382639166,4.515762630845518,3.9812762444501812,10.64705297626354,4.718526348063411,4.517562379831659,2.1715917293078464
24.000000788388974,8.815474768628377,4.573015460350394,12.205672898285139,14.005824648432876,11.770911598978605,9.988286255484567,2.950926064962207,4.063961362280924,4.154186228774024,3.5864451552008068,4.582746841360044,12.833134586143379,10.359330484266874,3.7946421633043252,2.1004572206299623,11.528062967236872,4.650920196900484,3.4608382536573132,10.595473005042606,3.6941025845050524,3.6105612867861967,13.416059121455627,12.398274051256934,3.5117107063379094,4.647877699205367,12.682009348596983,10.551642083471792,3.861795770353187,10.396526043523128,9.956149310881555,11.305271072138545,3.1531578005182834,10.736283751157407,10.1330767162027,11.437666609936205,10.337997862459329,9.165993196971357,13.661941156885128,11.164299293742015,12.571686842898528,3.700078059199198,12.585424337197384,13.150990011054278,4.8870376600031875,1.9872791751907353,12.761495388931241,9.23372321225618,10.388783433314591,4.2971006939864465,10.69369413373446,6.784707077112286,1.3758976313609863,9.32800709494318,14.200787170679707,4.036607235746452,5.734160369633785,11.228564309599797,11.487848794714573,10.452993992753267,1.3333563345031734,12.166380081719364,3.9622541717192283,11.039035738638404,3.1557385946461745,3.888459885130574,10.346906275031918,4.612257143920424,12.333777536601275,10.427475443479342,12.739899824143723,10.094980662349995,11.386303902692728,11.484284906673757,2.471621557490055,2.5967151358477736,12.455873487480712,4.994522819375949,4.414789183665163,4.890604322061618,2.488145872698718,12.710963596413462,3.936022121625309,1.8332891882390947,13.716274181557882,10.614903375129634,9.938073097929514,10.49555760161338,4.492125175781227,3.3594951052790516,12.106700379188402,4.745675589848573,9.946600491481602,2.915703574624174,11.480181393178704,3.325422752896583,4.58846484266804,5.332155461890107,10.622417340037963,4.764887817056284,4.560566586267627,2.1782389302185514,8.076654163169117,4.484797972182649,11.961265537762555,14.074602891350162,13.878684713661178,10.355496322946713,3.7772868635337855,4.536838664598542,4.266892986661694,3.763654921134672,4.560893370226114,12.679937719296467,10.39191878650422,4.035898131234828,2.0141268148904072,11.519915581524684,4.483157357306125,2.9389191983365883,10.241199010791654,3.7495011553742086,3.223964633438668,12.371674578087667,12.445253725689483,3.7999453604001694,4.726523392756953,14.225843453165806,10.441751431000757,3.9330184810047744,10.291165109154615,10.424624592544188,11.289938443242724,2.4188291986219697,10.383293489471715,11.644680232109753,11.436441986525931,10.293008869918042,8.95822656176186,14.13077458666181,10.169111283063074,10.765069456034585,4.430974090238562,12.74197336161728,13.12078151904702,1.8299714593542253,1.7076729967227189,12.8498817743551,9.790318745978563,10.092126672563504,3.564739857953921,11.39943355760224,8.55335655271717,1.517108836028578,9.04138958831302,13.21791193258688,3.6104944314142964,5.691559748842303,10.345072450672875,10.589594593083234,10.514842422695457,3.5107100640521507,11.981566959567303,4.245117851543492,10.671847912012977,2.138562393541448,3.6509234509859985,10.528149166526537,4.391484545819837,12.009368679284757,10.443689883028588,12.190812622471993,10.371928292708473,12.024439200070603,11.454880246050326,1.0556085064133507,2.855404251788611,13.810641236609214,5.473586830517091,4.6163581726960095,4.616847596639081,4.273507877075801,11.833779686840751,3.2987212599605624,2.9587933015048624,13.5448054686162,10.43149351833514,10.19610908290485,10.182941880480668,4.654336382028104,3.860941748986221,11.919811735425645,4.575391302081845,10.094231625697637,3.965224885664387,11.555997302956078,2.4618920123784127,3.5254841473567313,5.1232940572489625,10.999776204363956,4.713122339038894,4.614029499581512,2.2261035150843322
