time,1,7,14,15,19,26,45,52,56,57,60,67,70,72,74,78,80,84,88,89,91,93,94,104,105,110,111,112,128,131,132,134,138,153,156,157,158,161,165,173,176,183,185,188,191,200,203,212,215,217,221,229,232,236,239,241,253,257,264,269,270,274,275,279,282,284,285,287,296,297,300,301,307,312,313,314,318,322,324,328,329,331,332,335,338,338,339,345,352,353,357,364,383,390,394,395,398,405,408,410,412,416,418,422,426,427,429,431,432,442,443,448,449,450,466,469,470,472,476,491,494,495,496,499,503,511,514,521,523,526,529,538,541,550,553,555,559,567,570,574,577,579,591,595,602,607,608,612,613,617,620,622,623,625,634,635,638,639,645,650,651,652,656,660,662,666,667,669,670,673,676,676
0.0,7.9274334009875345,12.397445889719494,12.376924190776368,12.477368840539574,3.8741345945989103,10.207435731155464,7.983543797523475,12.393708100763947,11.720121629945185,4.191579686080691,6.325393052036297,1.819392012938107,2.9549859018886897,4.036727323310594,10.057394763081303,10.368445915200562,11.323488527182183,4.588007748497824,2.747447362459947,12.211574760996855,11.449573271619835,10.926402379347504,4.5670298381558325,12.150937807636454,10.346606730623211,12.44772256617512,3.881929024045129,2.6422684440330664,17.700942071129315,5.815530030417765,8.096927406125594,4.491180942701802,12.770081295120505,4.830220605510743,10.88680254572059,11.091664705582994,6.010171160922857,10.015938961249844,9.97442144143855,4.04125876807621,12.282509513374379,3.862346471587136,10.089293613871083,3.7420224404167266,12.399249067948347,4.696500734436935,10.563643815098269,10.54236157844618,10.6225865616947,3.643884560744753,3.191518897725388,12.508139822022187,4.481578487090118,4.587510817446419,10.699200797818175,10.472502063018485,12.205643455761509,15.196515915816521,3.2839106002260334,10.583752295810202,4.620761249736318,4.012102694974469,11.6427825410653,10.584489358695617,4.7530839913131375,3.454327088442196,10.609262391316717,13.339157148795847,10.50396231742388,10.323770741957972,4.783943186054469,10.340836183209479,10.428797276874798,3.1885413568318812,4.67377498243538,11.4454179822947,2.9566992878118477,5.021921084080111,11.581347273334693,11.535191810798468,10.113477558183224,5.312125177695237,2.741424782811795,10.650792176368547,10.469506767614451,2.197823351630798,7.920572224880995,12.462651190263283,12.472524258305622,12.45630692277125,3.9703871547810716,9.961142414617784,7.9201145697224105,12.532933634737633,11.503626389870416,4.66521931539445,6.3550630039701455,2.3227412157487133,3.2417628211379346,5.343299258931314,9.662758072006543,10.415398624156285,11.291657249908848,4.578488714097376,2.7911176708450403,11.827008135605078,11.47826114660044,10.871027918662904,4.098734372838396,12.123813515164741,10.40533818361228,12.483388661763232,3.8109421269255894,2.3931806109941247,17.570118250569177,5.686362778808608,8.058028649796325,3.4728149083857396,12.234822773729423,3.9733550698991222,11.505200268063719,11.144331776534685,6.0646610812823205,10.171113865736356,10.75156451511532,4.058798424717575,12.225183520750615,4.225892908318829,10.117556145466777,3.654708800987003,12.482516710685253,4.8773578070710375,10.413803972086255,10.521239143445666,11.477561362170551,2.8024415047743494,3.5547189734721507,12.860144351364108,3.827361909731999,4.798989299424729,10.496186534485282,10.4186640862918,13.993558403545215,15.624965477167235,3.0984677557625915,11.445967480033728,4.59131682791164,5.092993340005177,11.456959466528986,10.929011961951618,4.996128206544833,3.504226817411472,9.96560813222848,13.222288356216175,10.476289280737245,10.379589364981447,4.751421333415473,10.39868483127851,10.456551707414155,3.7302161026324177,4.740796784748932,11.491716980719213,2.857099868161617,4.804856530808925,11.592021050920959,11.052036994269622,10.392327633232963,4.905830627260623,1.884179417327426,11.838030523898297,10.476878421940789,2.382818839072285
1.0000000328495406,7.922896555909884,12.243082571786198,12.319578949880716,12.456148766593358,3.896103758598304,10.313125833042418,7.50817719322113,12.29841116359041,12.041098653451773,4.614908047046985,6.3416076731276645,1.8883650563529393,5.7782515990729335,4.3560078181051445,9.809011703055337,10.375592154134718,11.24541227557401,4.000290187038141,2.7110801455578644,11.91649378878652,11.455998928976573,10.843002747188828,4.167606063007371,12.116673507719058,10.377154183450534,12.475575654359236,3.8955028100095417,3.0175142594067164,17.101171065078706,5.738648101810598,8.087665772818465,3.4677298659671676,12.396989726295221,3.887408898222171,11.486306941918327,11.06310303751346,5.8719725879156845,11.159247519434787,10.990052930276242,4.121664785860132,12.088150614289718,3.8983468457374304,10.23573095792471,3.7311015718527085,12.446396147807883,4.861666451170367,10.377004575543907,10.42861517553633,10.326376658888448,3.7585078646912895,3.512698844454638,13.026100838828597,4.451381744613469,4.608446207561785,10.587577421052421,10.299405136836075,13.661123049683422,15.546412971650453,3.4462666348183904,10.512483789096118,4.572144072868793,5.578268983241781,11.605467790797487,9.847358459789726,4.736590843923668,4.4360114805299,10.676957035534679,13.323122443159882,10.397613041766139,11.478308074696551,3.487066637415317,10.455441800768641,10.457372577851787,3.5579466906608337,4.672028665492882,11.380649786695834,3.0036877690076142,5.066988326905272,10.631883147735275,11.505385873680277,10.01790846318499,5.426125483982762,2.8565742171529696,10.647310880376507,10.483310774202204,2.490137886075075,7.931759246897766,12.429400198607567,12.46611826558563,12.406372010235527,3.959895086706525,9.565142577589246,7.522024881375307,12.47952431224779,11.870887413773087,4.326791886956107,6.325161407046416,2.769415914054499,3.1206917180824423,4.190422514858065,9.602120282407709,10.338911429747231,10.8760842918713,4.590228722653865,3.72201834901249,11.952989554975046,10.29644818902277,10.883249162394211,4.546914653088797,12.021087849445498,10.290989431027949,12.396822072820381,3.7708823614025526,2.6819026936368284,17.141565559536218,5.8059380568488175,8.007829759989404,3.5077417164691687,12.359092240852558,4.01461545422113,11.620737848831366,10.48781986664639,6.088962334321651,11.016430060860545,11.15474039259339,3.766006859799664,12.593564621511517,3.5978411408407927,10.155968420394618,4.09453714836311,12.346342622925565,4.776862782360978,10.48809697538388,10.590942703059069,11.487270109072364,2.7143529183772444,3.2813468778588635,13.386470298429389,3.6765953205011668,2.964447890209573,10.49045178378236,10.201303965678237,13.300423974664104,15.01416871882981,4.251384726151218,10.432491613044975,4.610928516956381,4.983877304086234,11.590118391066685,10.055370156154579,4.079024319969238,3.5290441248282765,10.099045149897474,13.318575549974572,10.371215483296352,10.570209905721258,3.28280941050929,11.51045953019889,10.470853655321127,3.1430759177493655,4.645508479441516,11.409442816693636,3.0262739088891344,4.884638257363302,11.570294157827396,11.339823511241578,10.482748478474694,5.128328941484532,1.7339021907586565,11.644451764075528,10.471128043864049,3.1710062752313872
2.0000000656990813,7.920164728998368,12.405960289942099,12.31521002560172,12.45495658920871,3.801350419298756,10.370639441277977,7.771189910772137,12.326683125143783,11.712071374009398,4.861593343190155,6.291170394891325,2.498776408327958,4.544327923476194,4.010785980014618,9.718708115644672,10.328194236190201,11.403376284172268,4.057512131964725,2.767459179382655,11.988099403747015,11.296923223370811,10.496651447680206,4.244754015688681,12.213822570647254,10.405002551446769,12.481129359295752,3.788762978625246,3.430258762435957,16.994570122633455,5.586162580231649,7.9251915712100995,3.5421190733399697,12.494179112483767,3.98454115930312,11.795056874929642,11.352182708093812,5.773087120306085,10.499018913442258,10.928767226251217,3.8540707780671974,12.43495032068982,3.7793724069321923,10.221277974299612,3.803704235304031,12.296442966442346,4.649565328410801,10.368223168516153,10.442292860650046,10.308854375595198,3.7804978063592647,3.5656091362408926,12.810270559744794,4.428214016712109,4.5708543370879156,10.684840776540101,10.307077589437027,14.044316648224886,15.524086517069609,3.2777282554266804,10.795445010206835,4.565787784811279,4.475199948356616,11.53994993458227,10.575768501684937,4.686471702744539,4.451902639494741,10.465787345868815,14.479394699048083,10.381263440009475,11.490418334857027,3.5636992460531243,10.466176866854314,10.448711858013576,3.6173256229507227,4.65578284013832,11.390744832051949,2.9178928628724514,4.774095761158157,10.614848745885638,11.535176662023346,10.216761912387673,4.823106274824148,1.9183331046433278,11.280531589123555,10.469737357054626,2.214798070036096,7.9298082836804005,12.457704305612165,12.448328857351049,12.465348398124043,3.1909599463651332,10.608205005465596,7.221118093099486,12.364578633447286,11.74345789230663,4.3542357270989305,6.295934038355169,1.823495778519086,3.108443873047865,4.921441374397933,10.068795421887309,10.97207618968132,10.218769062297948,4.6326509174356385,3.720050758789682,12.41323856048373,10.536253659974816,10.948548776062097,4.084951425330707,12.105559245448532,10.416098172654534,12.449332870153794,3.911495085074953,2.279103468734876,17.11483390217536,5.867228161569903,7.919714347464366,3.4245151491083954,12.277218473956552,4.262941042216839,11.519630416050457,11.30976951822001,6.046210592282358,11.739945899282889,11.115128019885796,3.9282004514411994,12.38489022241547,3.5926511740183087,10.15257157220262,3.5972316535060087,12.491241411151732,4.934322179714846,10.520540983611655,10.539608753464588,11.478083647049377,2.747125903515944,3.4703859162231496,12.994563024053292,4.479643469099803,3.7979236908218295,10.481428670317506,10.157574536136345,13.74752284503677,14.208833895961146,4.0092025321471,10.646387894429214,4.684282971626811,4.952061334553324,11.872893568027832,10.137445231745193,4.166544320687383,3.518524370727289,10.35029901134609,13.210743799222453,10.169055413760498,10.388978249650963,3.5368577255633427,11.490801430547037,10.462841324397369,3.275029278628758,4.7683625650737635,11.455635480190075,2.9522453984731385,4.6787896810939476,11.604944731294811,11.490283016040877,10.35983252467526,4.922023547562509,2.8828122394408,10.585596280595967,10.471386921592266,2.168448992337114
3.0000000985486217,7.9266135099665185,12.364675636166439,12.29811274697823,12.460147221799943,3.9088620608100255,10.110995029954278,7.595217397871665,12.375604471173157,11.804316280040437,4.423726358083639,6.296612651259066,2.722946633402131,4.670042841649438,5.403195867904311,9.23852605761987,10.405700532329806,11.47911987570259,4.521431139632487,2.8781475070644946,12.148773887902376,11.276707048556776,11.282267294927099,4.117097185494492,12.227065083779983,10.412710200672146,12.440018207016731,3.9108298774847308,2.6616459843233433,17.594878404234652,5.782267250368543,8.118251746144695,3.4612758140176867,12.557893792496863,4.967493537524313,10.498169348696432,11.311614233526386,6.102314030507825,9.778542652456421,10.935742676490662,3.756324191702993,12.271370122273312,3.5023794577105933,10.219856658519788,3.601779295386706,12.44235775433508,5.050676389682544,10.566614702551103,10.38680581049165,10.490347783978063,3.715083825676716,3.9245972380259575,12.98685722662556,4.596676143079848,3.4425220052047254,11.433124736379764,10.2783057984694,12.681939085742602,14.927755718433817,3.87917608805233,10.599054187013806,4.083519860824638,5.218900776461487,11.454011998514146,10.73402437750972,4.720131516776761,4.4273474127082935,10.564191860745256,12.948646817198183,10.327800897234779,11.45889887152477,3.5565773094090853,10.481550273525437,10.294420371338461,3.345881679956736,4.770461437995741,11.470395335630682,2.9204421499411444,4.678297534346633,10.69022821843396,11.452348812179977,10.226840789329918,5.502507083344352,2.9696652215168444,10.439282347670353,10.354451859006922,2.22778348442369,7.930869611219628,12.46648519669656,12.471041994731829,12.421561626987687,3.9642535932069736,10.39875310051864,7.905758735522818,12.37013241268439,11.663817207206439,4.071443995614026,6.375997341511115,2.4976596272100613,3.7816192068897383,4.462362866595241,9.469241640244142,11.371224868269548,9.76281073745874,4.615437560105541,3.724828723676513,11.932206370686059,10.583695820199052,11.104967760364849,4.089466313147294,12.147162925061933,10.26846281808499,12.474207056553857,3.7540051925508306,3.338853703325566,16.97403201518665,5.774406152552714,7.685500869097292,4.506567789770231,12.524834352440315,4.060896215762773,11.716531633833442,11.34939407826774,6.012179880268978,11.024064662337436,9.934130577149178,7.250205116506845,11.03051844430666,3.9573694942717488,10.19078416930732,3.920144140465794,12.397180740142312,4.017432842644285,10.327445985747222,10.832292318733648,11.443866761642486,2.8555199351888456,3.598426667823361,12.828392949843781,4.330419169421761,3.839747655360682,10.484010573787835,10.289502234049722,12.621423526117251,15.168508805443984,3.6586831011484944,10.563874360634681,4.702842011003426,4.9208837619521075,11.46066020059729,10.14707633653452,4.799704586637024,3.479328155866771,10.076789293215343,13.832977146861625,10.325475061943456,10.464227123753282,4.594752837769464,10.400507007003,10.418664671488937,3.3175408509667212,4.7111102542444945,11.497775216027724,2.9871700910854884,5.075749907691872,11.43393850599511,11.527709350805791,10.448492066398936,5.4261704140940985,2.892751779715443,10.498986615983135,10.4649406993565,2.1936788173148747
4.000000131398163,7.933827034108573,12.376469285954483,12.308517573098488,12.47443621468713,3.9113110562063915,10.359507176259285,7.734267148301313,12.4159781749462,11.822905694960154,4.3954740322433805,6.342952121101505,1.9904429442625522,4.604762492525888,4.7880418322738905,9.727169753405274,11.395022048873692,9.513785987154325,3.9909887176807333,2.7268691653466135,12.379058223869308,11.458988374686346,11.115656988329507,3.9836412148242784,12.22796181391605,10.391875967781079,12.472015935938437,3.7147874042613305,2.727901350585346,17.590980587155094,5.910020999927587,7.871316996019973,3.465930908324367,12.371394369505495,3.9456471643045825,11.793391761616647,11.235828860371678,6.007548773034667,9.860758924609978,10.884061521391601,6.602756084126437,10.848724497943625,3.2234642477316027,10.19520279751628,3.540255028530588,12.397313083801924,4.120687288733104,10.550237059892346,10.295560847797695,11.465579706012305,2.7774562087321524,3.9335824434543674,13.711191098908563,4.474917994200366,4.138715989391554,11.029562461464932,10.273310312008313,11.977250111576076,14.131572818017395,4.221053015829048,10.692352319762794,3.7097181181222294,5.018745882910994,12.106326359196455,10.499250390983507,4.701007108452804,4.446935325186838,10.572878990354608,13.15979728862927,10.41543495235967,11.506893303089207,3.5487371268129313,10.485353018586707,10.4464157645283,3.1360316655072253,4.725329910571575,11.505647664038047,2.859601060991324,4.903545762085574,10.658151776559196,11.544437087995455,10.46387555446234,5.3242045000519465,2.7185894886373947,10.490573514531476,10.626020693159264,1.8633568987396836,7.925782704180997,12.455927005639392,12.462747716383433,12.353050754672429,4.055980896536962,10.419306715375145,7.597922267523484,12.35547056944069,11.606997930175881,4.469774758128049,6.304850267831716,3.055707394186841,3.408348811971188,4.374250458592384,9.323107230499483,11.148298520819727,9.63161265168483,4.665448884164596,3.9749563824335317,12.153926343648262,10.50647379141367,10.224534241632922,3.9405630989325666,12.103728254888983,10.256845341502029,12.337540399205954,4.004776155916451,2.718734838455471,13.540206829369117,5.8287659695247145,11.805882224339548,3.420270248798779,12.292775226139076,4.024896352466605,11.645735979232787,11.300154706329401,5.931385992380593,11.245297393199246,11.003811091686035,7.155531430098251,10.87664544162676,3.868172386244783,10.23752268416289,4.060999099549075,12.345690000291974,3.9388744952565036,11.272282199539312,9.731470354532924,11.509452569793948,2.739462589487856,3.5626322111549764,12.794765823724184,3.5585407904929234,3.7205534911177054,10.432467689780403,10.127392908245003,12.508573055386092,14.638366500855684,3.366342889981568,11.412262994760678,4.6088864121349555,5.144848832450521,11.85299270287859,10.010941876240409,4.7805755738567415,4.516257781281816,10.55666916325934,14.02950902919803,10.398912218426013,10.167670263902044,4.6833448800701385,10.398147015351238,10.437178682384223,3.4993681852500638,4.819696408356781,10.468267555223582,3.8605256742268375,4.8839845566002325,10.552170278437012,11.442784325031685,10.407817304816028,5.220400428102379,2.927869712807425,10.64482767961456,10.40547032113729,2.2455184600123466
5.000000164247703,7.913039961947504,12.334571057891,12.259864705219071,12.469890755831052,3.92648384302646,10.445607376636412,7.7765122260341295,12.386967112951416,12.379697641031127,4.461841508612523,6.343610170380117,2.0121297579073776,4.629665661298624,4.3721864956920475,9.752663162767286,10.626650866038519,10.246738764108366,4.090598835075317,3.8757566428188475,11.838124576318739,10.119710907882869,11.074529372635254,4.637397952118453,12.155224148661048,10.405435541041719,12.460490702117298,3.8247749139067104,2.77260789918085,17.878530097834012,5.649655617889618,8.509452759817071,3.4932151730856207,12.712928088765333,3.876989892937316,11.616017922981815,11.32923935602134,6.017573272488749,11.420619004559661,10.869067806587172,4.106118040540034,12.314587816607528,3.827351411901057,10.153779715495764,2.877056640623703,13.186248739559034,4.814872778774299,10.432714841988089,10.402172689332746,11.454498497627995,2.848331333969578,3.9175130056407643,12.743874918421836,4.57326140790688,3.2003250552463984,11.423592916196846,10.179670538962124,13.584635838244663,14.101114894058885,3.211147560343858,11.502057686092085,3.938207490200166,5.2694282575503815,11.077089121250156,9.683854442598959,4.733614367829587,4.503960207146175,10.703129509826276,13.718399835983282,10.366244782179148,11.461751195608871,3.514538232124629,10.465968373065172,10.439936731244437,3.3700651274475932,4.595792222625247,11.490928439005982,2.9242394570653087,4.71082680013305,10.58640783500915,11.578045291726436,10.4613421029677,5.012998966853332,2.16424280917583,10.805030071722108,10.432762058253525,2.1266634581109987,7.920620165702638,12.462476770599872,12.32864567477877,12.447992710947185,3.4079747660381092,10.217146610213488,7.589614535352689,12.381121709244141,11.766055242334252,3.8917287984776583,6.272670968765064,2.616221343045347,2.808873127975125,4.273075656444488,9.554131206808682,10.338764947879913,11.102641883509087,4.561892754871001,3.9888436822766367,12.367150697180483,10.450245231487377,11.1718846866272,4.347140884045069,12.137988963816785,10.294670459784577,12.348781872623972,3.6891907011421057,2.61130474656524,16.902035273438216,6.156052248376145,7.842235061552098,3.4613829895056996,12.685126944272447,4.220141964074203,11.395557607734151,11.430937348474897,5.884878873670903,11.848212775506246,10.879432284897149,4.190584263120699,11.994120801589805,3.8430070215126393,10.183875095186103,3.8202209738161566,12.419886602187365,4.646218939745773,10.180125039410244,10.29204954988095,11.434708171772693,2.8546577009594154,3.502473849562827,12.636347150241956,4.596509521149313,3.58201578790266,10.428193492303443,10.195793167893719,13.146369364262064,15.097824950941654,3.4942282409897207,11.427305283910501,4.641617640176554,5.365553404487669,11.81473234799944,10.115379382272945,4.937379981995841,4.580874397551864,10.326895183871098,13.95316080816507,10.258654612838043,10.67477004152855,4.409480778820991,10.385608054786445,10.446311459335613,3.1949822837191855,4.748999627458517,11.335842321681273,3.1285837988881706,4.767757449859019,10.458903164116677,11.404904612762772,10.426464714963084,5.262316814982183,1.6845808974109846,11.56699355004225,10.44135001909478,2.205328213388117
6.000000197097243,7.923336796559144,12.368150471346558,12.2723876951156,12.460458387955965,3.9294737268072213,10.469345653418797,7.607740636113874,12.299646338153865,11.657531113216589,4.532267364799875,6.291100763028441,3.332399831604954,2.776412725969746,4.487621222827982,9.647726409002253,10.34916576311383,11.282429347388184,4.035526994685979,3.858217108022072,12.449216557319657,10.147359061528412,10.877926684003878,4.300151958572433,11.992521461074421,10.439217323278763,12.405405636068663,3.875288988056686,3.0885627182001665,17.154105588032895,5.581822303367945,7.798541050014887,3.477783244778788,12.42788494415974,3.8276059723240152,11.73245800736837,11.32596423486835,5.8960129393265595,9.9494344885537,10.776837913651443,4.3715720663898425,11.94501843915495,3.3252846473370674,10.21378063399475,3.2787730377875377,12.474671683378746,4.8104072424344775,10.35890181130789,10.44156566917007,11.372401707451493,2.9111667970849577,3.924665908507595,13.036980483033181,4.706057211824745,3.613468165807822,11.645017774056207,10.404221768671716,13.60439173966013,13.630175189774217,4.331405478230733,11.562213907464143,2.97313280866368,5.434253787880035,11.507733615053414,10.974910455628198,4.476563068065208,4.4532680186255345,10.703226529371909,14.400944304999578,10.374439733709032,11.387049926026362,3.6560917954999916,10.62366337338956,10.521169796655233,3.905927529535411,4.633230882010738,11.42796619791863,2.742068733190919,4.28624357003248,10.667200793389972,11.45999071507848,10.480987081826237,4.344550019638378,2.9692714016012958,10.510015339780654,10.442647318104326,2.2635054923046423,7.9229841399623115,12.467496794816848,12.301007131373916,12.453930726641934,3.621643336142605,10.047015572137493,7.485816795894076,12.37298948868336,11.602031221767064,4.400927272800565,6.367249849384916,2.8217389045207733,3.175838346082051,4.013885043790201,9.975678720178076,10.207924104880336,10.989542754492275,4.230090363566219,4.097224332548612,12.216473586663614,10.436994010912967,10.761198264094126,4.343231947558945,12.067440248199688,10.337320194424835,12.400285535372976,2.9265336002555604,2.441426617097277,17.030315291957702,6.035611324794516,7.8762120371391475,3.5951568647093155,12.48698605439252,4.116398989666335,11.420959441301898,11.40630571390027,6.016691405372163,12.05773302274364,10.773391434747717,4.748469887996304,11.837740496104074,3.438860004162987,10.15269045864314,3.3868655361688798,12.345485076037095,4.8628998373632095,10.500266317809835,10.625897137311359,11.466544386398976,2.779208129482179,3.9460922761991615,12.899197481731019,4.585158359870305,3.6867380182743266,11.460139533225655,9.855977007331228,12.283212610373882,15.124253055262662,3.342239088026676,11.38885845653868,4.739787129318748,5.103527704028881,11.50177429712954,10.05215559413447,4.194288808953282,3.510509398903316,9.960520486428978,13.83244973386465,10.411826449592393,10.22640433517925,4.555622317861801,10.500165588398183,10.447066852910273,3.9971306384720027,4.7777051882543535,11.423765252770039,3.0582515687406073,4.724091426083615,11.500526858559896,11.399270635558064,11.358960658318288,5.494049757399736,1.7882151323363389,11.63315787150851,10.475951507548316,2.1436473958598135
7.000000229946784,7.933732457084547,12.304450952746059,12.223661332309838,12.427061140524234,3.9141134430609097,10.02263369292891,7.907074173818899,12.404321179881574,11.790050811379217,4.097577563502953,6.3502496386791085,2.5063714244726567,3.3317676799659637,3.989443833397479,9.525703416092156,10.853834016037213,10.733690524606999,4.572717115046475,3.6882348543602066,12.436938127126831,10.320900519029335,11.458790883186419,4.061609124352788,11.905684901370792,10.412126832085653,12.341202520869983,3.425007604317052,3.138576371063226,17.370010745207505,5.760647196306376,7.863132779926031,3.2987794495143565,12.340926150684384,4.239273397308927,11.861459066605038,11.418568854255046,5.726261019699449,10.98658345166438,10.86912996458164,4.570304476488056,12.277665429780109,3.989170016642393,10.189457038627603,3.4330807989847183,12.496181214999636,4.872828065584696,10.443716545397013,10.934463436624911,11.463739768749548,2.817498729497261,3.9185464960068885,12.376917927328805,4.83609994089807,4.543644673106462,10.535257009972256,10.216209341534952,12.096780525616989,14.69463377906634,4.207105440570901,11.143571305801162,3.179086978041137,5.084890034252574,11.412509452998846,9.893865858631132,4.623484517343442,4.454660601372978,10.837467562666154,13.895757802558736,10.431322851858281,10.345304646845365,4.790731265639139,10.48671833173768,10.569216272873277,3.372757662392584,4.512144686990521,11.21434384633017,3.2639470946092133,4.7176630353841675,10.627050440382323,11.52831538124392,10.471650735810316,5.317606841047412,2.801694929268617,10.43131147262426,10.485766544108982,2.1735939440490952,7.927732789173179,12.38941101530906,12.395762778774689,12.4532988922967,3.880579780443008,10.120749789971043,7.390394319688801,12.409091128446763,11.77709675189101,4.650402924771438,6.355642495322087,2.1644772196366358,3.385774498030528,4.807361182688739,10.529652637248514,10.359534479005427,11.281857382878874,4.078369079709548,3.8426829893713754,11.511425128121825,10.503116691562695,12.180372208679488,3.8948397772512915,11.860484164616238,10.276064106709223,12.32293504055367,3.8457450438704877,2.66481818663155,17.16019570265986,5.996217423307424,7.94720304565893,3.4702627508248334,12.625440715108022,3.942185234870022,11.351725432354153,11.384382082372593,6.096619909173052,12.036096193628644,11.01911980684063,4.213806376926971,12.080027534746153,3.81384890158391,10.167647381758972,3.671482078077143,12.327683649182452,4.848441898713885,10.481398847250487,10.8894404589082,11.454628158232445,2.8247133262566075,3.908310812644946,12.912544242027085,4.689259469536154,3.6061801878346555,11.504657435416586,10.162999914931515,13.352003628972735,14.649894924847569,3.370240261327414,11.451390350966854,4.658917075417922,5.196076047843,11.870614046623983,10.172610477504458,4.745632943684482,4.5275901386497965,10.50420117889395,13.593829801071065,10.475247984003577,10.600147327522674,4.435363985201241,10.46629717504113,10.44593957288312,3.38026141029509,4.7987790401322625,11.46152030101171,2.8590255164006972,4.659618472923309,10.652274583293107,11.543937937748762,10.49930988866779,5.032633030359933,2.75199279916021,10.776382982261776,10.478610529480994,2.1907169094801486
8.000000262796325,7.9257125430948285,12.378265946249094,12.315463382858516,12.466956815952756,3.913905632629642,10.335184298767098,7.849115769295178,12.411449802681592,11.978545290688249,4.801434090480059,6.423201787897802,3.3257742232261083,3.4481882746285892,3.9145220006751082,9.555282286748676,10.971333737712563,9.913769929632595,4.1764845546322675,3.8315728779669107,11.955759675855361,10.2987951817001,15.261179112249437,4.423545450482661,12.350493853108377,10.398300436292358,12.480797993575983,3.8515196339610727,2.9470789018300616,9.359594926095758,5.635124867710196,13.285526628726673,3.3262086008022433,12.8276909400571,4.112287263311114,11.597233271436709,11.336134964191448,5.752139463287006,9.793092467300685,10.856960323188009,3.894070863337406,12.10965884526707,3.472191032217497,10.174487079678867,3.507306500771278,12.471956196164713,4.850250566298357,10.411053908706329,10.522664422052568,11.429901008066391,2.848468735539595,3.9263926756650656,13.250142481023113,4.685512347582275,4.561550617266567,10.704063121071759,10.246353004683154,11.818444052209912,14.506428850470241,4.11223927291764,11.506148002628603,3.0030570540121895,4.721843484834154,11.872927817736837,11.33368488112875,4.735311415265521,4.390432908545147,10.489558896528854,12.859226678370378,10.289639906059127,10.229384275286266,4.686868214943704,10.384030823596252,10.45345604501315,3.3219345514153913,4.6414384716408446,11.530040643899154,2.765742561654182,4.664141926812682,10.71518488821559,11.557401032738213,10.218892951432554,5.21656750003046,2.8290138467349837,10.458916909534182,10.483344795159761,2.1686964227556866,7.9246989534911165,12.45686838958675,12.339407522717128,12.435610026943086,3.9429822958738603,9.973528953463477,7.64442918380453,12.379970704554824,11.716875351207094,4.488910932410644,6.28877327647242,2.374590980887073,3.1381882080722856,5.137522940455026,10.171533761001829,10.338358913578531,11.330963938639961,4.068412579959566,3.923056099334691,11.968635694602034,10.505664902847638,10.6706648949561,3.904085829420278,11.892020463330711,10.332583985642401,12.345420308475482,3.8947312797949154,3.0089700626951643,13.198688260537322,5.793108567609097,11.234917550562546,3.489020673229322,12.529851305249892,3.9311961024277213,11.236439321101532,10.546176023408227,5.872582070023954,12.532654393034134,10.967849083011188,4.1462996320619965,12.207946860511388,4.068730647538148,10.178218280077465,3.621455793036339,12.310192170881558,4.794694360082488,10.532176754910564,10.678216236003692,11.454284944965117,2.792929543275599,3.912171039651497,12.365996001031936,4.640845821328647,3.599166009653057,11.57812001528605,9.721822989240597,13.527355902741451,14.692767239406274,3.422700534019077,11.375970414877882,4.6848408414307485,5.139685041603767,11.075562767450831,9.993875863116584,4.669777708347599,3.4443393330378047,10.558136634115723,13.320613207497534,10.443150662610206,10.599036577655024,4.510793353344954,10.438699989939785,10.454457245009616,3.8130401033484382,4.65079419318767,11.528271798294183,2.787848845184715,4.650842178260545,11.56142564786027,11.372211124126569,10.492831962828838,4.234581744788468,2.8948912542409997,11.56126879785713,10.477720877145963,3.15499646646019
9.000000295645865,7.9259596046314,12.36283800317974,12.34889945970893,12.379927237715156,3.9014335086904355,10.054847620969833,7.905373318989946,12.508173457748459,11.804163178280417,4.709693391191433,6.317000173737133,2.2062429398392682,3.3689353973449085,3.884505727368655,9.94970279965237,10.266942398296104,11.200734766706553,4.588005826260544,3.747026963947988,11.56650387655561,10.322968912834837,12.14654080664329,4.1657320355240275,12.182126153535515,10.369003109530766,12.481820039474977,3.838229429002739,2.7787840059472826,17.371628968641218,5.565576063134103,7.865128079736699,3.4297550880374086,12.509918875291795,4.033469692486619,11.6575546761424,10.236940227410578,6.352743930910174,11.352557179526057,10.677119776688194,4.335276835731453,11.542360861875334,3.9745796037480052,10.203634352404544,3.450456090346902,12.536659733705694,5.021687225383742,10.557623324937984,10.822154763941082,11.477636160123001,2.6959810976290846,3.9058169151499254,12.70626967255681,4.712796083913502,4.520228817709195,10.754712376257071,9.979001540311183,13.396924184082586,15.014661919960103,4.178258511825234,11.640453587926315,2.759159687470143,5.2000059478948,11.431890304589007,10.05271802313704,4.682880360703944,4.482583480153847,10.494523288214173,13.093522783026692,10.180886322430364,10.36607456065813,4.715683519601499,10.476032994475945,10.439337885879427,3.320109199527836,4.771983477789596,10.432459668618208,3.7144941265548126,4.618233353106514,10.619888678218702,11.481355902399407,10.006656331289797,5.3082544843580095,3.100381849814535,10.459368217930082,10.469016569084843,3.2159415582698947,7.930224996157741,12.456085234816518,12.44225878658585,12.44025291019779,3.9256067789247577,9.86320766067376,7.965606546630422,12.40476649922201,11.661826024550097,4.290964206125953,6.300885076193533,2.3289766747842915,3.3761308639646237,3.9313996083207927,10.325489205191984,10.346952130440872,10.996096876998651,4.003819205850589,3.988287812014693,11.23558553132346,10.362989394765126,16.17004118166614,3.997360121952756,12.132193146801846,10.402112677481128,12.434977887482317,3.9836531886289652,2.775443817355946,17.05972583481205,6.060056385890829,3.7678651950769395,3.4419946781007535,12.36028255895614,4.271767651891692,11.290006573095411,10.533487125918745,5.959792469451664,12.258773750930006,10.771057140180558,4.302302511756339,12.226763766834205,3.350151221903302,10.208248130166247,3.276009130602621,12.391805810226899,4.647706481089369,10.478214738178586,10.577486982107633,11.429124600078307,2.774641403309308,3.9218454432511205,13.224309727860227,4.6180425289023495,3.575800690368194,11.501480033569473,10.300148861995787,13.242263948949667,14.959768956672928,3.2450343047124477,11.452662532968821,4.566091972332466,4.950353653057487,11.250839991280015,9.856275967889156,4.5931727960622535,4.510908803698654,10.032328876797944,13.057253103646417,10.413105583748846,10.478644979309303,4.547400852333812,10.50967533303514,10.456618029017095,3.581482524087918,4.640463283751007,11.444082381598415,2.993468683372097,4.722881840597592,10.54445109112095,11.459694005002298,10.269697952353425,3.59959601001732,2.7471490892301094,11.620265468662703,10.457182765425891,3.111293474743769
10.000000328495407,7.932995752457132,12.393589249397378,12.390737107465329,12.370088550971621,3.685561555041632,10.340631128299213,7.981435339468642,12.388133653389776,11.938065769153072,4.1068815766521745,6.310970551968174,2.144809281718376,3.32997627295636,3.9774978974631297,9.664986770987069,11.369960491109948,9.890316633410865,4.581351043304528,3.764244403968173,12.180977907371945,10.209434102076303,11.31899309834116,3.8981165076306135,12.194712708834896,10.27838838973068,12.434153083453225,3.9137711519208627,3.260707773622206,17.0499226347644,5.5596169653350875,7.787818004586151,3.449047548986658,12.383837512382225,3.8847669668504503,11.686622834164401,10.404570707789484,5.955127412298799,11.443993553715458,10.88896839212262,4.584651549630667,11.955341180146057,4.017173403394302,10.094812864541055,3.5069711694863868,12.475316553585472,4.854267369464749,10.598397458260397,10.473741178220536,11.484882135173278,2.7632985420755403,3.93816716478026,12.741568804211047,4.454955618798324,3.9473177778130943,11.228316788290462,10.339193014455038,13.548716203568365,13.93990192828272,4.169324980435941,11.55220674670088,2.830854178616766,5.907903418750794,11.317136801178355,10.075093122587157,4.591557529219645,4.516843055825234,10.25522484013093,13.07081082420631,10.183698095353737,10.31316897707302,4.704068525889062,10.430383177628931,10.452694329390713,4.118807864924792,4.729188514649434,10.393425017374312,4.006749936065694,4.705034321543527,10.486610305964998,11.461123932129022,10.156766993693775,5.174659697685413,2.8272866266655656,10.57470744754999,10.476068971283425,3.2530779119095916,7.9175115165382595,12.44895839491736,13.753466455019971,12.292250570348573,2.6663920522532383,9.838326415925273,7.951255785200032,12.35993281817086,11.298247414871781,4.291379121936588,6.273641691410978,2.5295308339320037,3.2045679921788466,3.7925880448386526,10.543787163252292,10.27897112860675,11.145713436451356,4.214475609514048,4.002166642246657,11.8734607043432,10.492613590239113,16.953426499581322,4.380836211545284,12.003118555416892,10.360544956410116,12.384463927094087,3.824195097906937,3.0360049975213554,17.804891756933845,6.052395067289871,4.391896088491651,3.4609841378378774,12.917577546481407,4.503017371273976,11.068796065690234,11.409084157819818,6.284738500564909,12.349442856635696,10.81363138742059,4.602834897559005,12.051685547920123,3.507395443564039,10.161455820575258,3.8479747116046568,12.399955937633088,4.662746066918186,10.498060779098575,10.631364015284637,11.428762874323247,2.8259608082622605,3.9299490401148085,13.282828910224238,4.525456334706024,4.400964193401057,10.790161609785278,10.39362367524332,13.478550703340055,13.917089993824641,3.3901796313094,11.44204642155517,4.409463035429715,4.999911797027195,11.093243170977441,9.737158140902853,4.652740085386338,4.429881085315443,9.882501296637043,12.621745916590484,10.361671059392556,10.468074284051,4.612555550028106,10.46420699712678,10.408420684882257,3.360015805251951,4.63340431036884,11.431672066386513,2.9999255531196143,4.9006539769627375,10.650528666238566,10.468961300937398,10.615700885529323,3.8096699209061167,2.7577624503864184,12.66955887673077,10.450426529701623,2.2021884414908417
11.000000361344947,7.928463626060392,12.42056368969199,12.45925744316986,12.4565804242894,3.0200987823894065,10.423582574235136,7.82942411538125,12.510527108561902,11.643056377961965,4.214413468824654,6.326455672121404,2.526274329830161,3.168143700585511,3.541843705800227,9.519925025689407,11.443042178290389,9.55148208685694,4.575234352267192,2.7721814352332474,12.063905342529692,11.474374392537563,10.970657406535903,4.304903365300637,11.89080686572484,10.233565845070041,12.348046261824411,3.814027615432281,2.7438194332000796,16.79976377137212,5.753925850648288,7.929621491570988,3.4006330268877165,12.353614416129481,3.743748332590029,11.465311005569992,10.446755944168768,5.921752586528514,12.240361580207226,11.109995144307044,4.475160620289169,12.22855290825443,3.703528581953135,10.152089550407634,3.0456749730107027,12.745247711670604,4.973915168499057,10.601506030707037,10.557444997351567,11.444916485363509,2.8295045393269924,3.9425213131783514,12.92946360539112,4.711610207804229,4.571708302136098,10.57930824683329,10.32293971750379,11.805784187299999,14.722587729027554,4.1991850974887415,11.580013536222495,2.9233429964109416,5.29137063219898,11.404718357109484,10.100020496720328,3.5061660723166534,4.602351749812221,10.237610996141342,13.342683939509442,10.378506262578332,10.178832274908997,4.728948016898475,11.19657012129943,10.469527586631482,4.133497379606626,4.638119725746209,10.547637483146657,3.771774269086797,4.908671499414747,10.549387103375716,11.367171157862186,10.528912146936591,5.211408230730605,3.013773046902103,10.631722638401063,10.48846045449462,3.1677289443658196,7.917469965887099,12.447428457263698,13.96887658645195,12.401885145864263,2.5121240288205122,10.031181624623896,7.792227518327085,12.380079069886003,11.37920627334375,4.421089185215662,6.307150645568468,2.7488276350502456,3.3607187948656594,4.672767676237215,10.506267524800752,10.256694543195918,11.257560367868628,4.630072615261073,3.848019010811063,11.397785059329324,10.542991668819372,12.443203531190509,4.1870220269525555,12.04493898266099,10.362725082848177,12.390219101222396,3.9550134758374074,2.720499158999897,17.032599380944276,6.074532771673501,7.818607641251058,3.7365741542916293,12.707676450463486,4.360533925364945,10.949197031731048,11.190796661299634,5.9080606350880025,12.42538646355266,10.843976509530336,4.320580483181844,11.993085962015376,3.5559405437744593,10.115826860291016,3.0486087137955384,12.367975229151007,4.974990926347692,10.474267045081847,10.566325662842964,11.520921989706835,2.713215988835094,3.9860365813921614,13.090610579387254,4.623965723627708,3.6160002220633007,11.47073510264612,10.494687143574328,13.333949679078287,13.294272740184454,2.9800838457995744,11.408557125096207,3.978056372247774,5.642082079745784,11.024684359516364,9.940294596460957,4.746786392486846,4.449623220603511,9.715321282844558,13.663050585901185,10.415998155912963,10.493558609645788,4.452293497779713,10.461825750914057,10.39932846519354,3.3031859329377404,4.654322045754832,11.415080462003006,2.856036006597098,4.570667081765796,10.615540859132627,11.520489864259483,10.219953427378748,3.665806834615784,2.8065835643098764,11.63333950219,10.475472319362584,2.257213584932898
12.000000394194487,7.920303331177735,12.44829774937344,12.47339721314238,12.405937463739901,3.1444130230437244,10.447226229723531,7.7368499047971575,12.444567233682399,12.119690758620562,4.692274632537615,6.353422554090022,3.6768339439348052,2.5501809179414128,3.5130740561664435,9.623463466421844,11.282807323125772,10.157294440019003,4.638014377348495,2.7076121011121597,12.223642350786896,11.539839832561144,11.156975633210294,4.1809405376007565,12.032018773804115,10.24318515080367,12.398345533640127,3.613419338684161,2.7076215194270823,16.97847260142535,6.053081289131385,7.940098710680063,3.4948690120011197,12.597681475725064,3.9503031716091668,11.65656782013938,11.351327744411362,5.948579535047481,11.235854566440697,10.770259209515448,5.830554479683246,11.794726235645491,3.389237623664891,10.328892453312587,2.2662470478137506,12.511062689842845,3.9148256221265516,11.465445714635297,10.766956547823735,10.461732766996638,3.7481621584365445,3.929524306511885,13.159731007487345,4.753314547288166,3.610806030436558,11.570245078150874,10.303703472672957,13.445663159752026,14.440876538987817,3.2531546699331133,11.465387002493259,3.775970308339539,5.053287544161712,11.553848767987548,10.019649844182915,4.473380854935392,4.600417213764418,10.299970705090292,13.247958007029395,10.229443871897931,11.459066298769976,3.6349447270106316,10.521530248501849,10.443784804447203,3.936076033455974,4.662731922493969,10.448284017683152,2.8642852652078385,4.685001591209414,10.550242668167382,11.484102838835552,10.675888222952508,5.001160191558333,2.9356617912610505,10.69700054845382,10.48607418740014,2.282204368676168,7.902590249986833,12.389071607601775,13.355924271142396,12.433896695888071,3.048284715111088,9.942987458334294,7.821437700630088,12.408913414560237,11.140413237939368,4.213759874055325,6.263184242393528,2.3198111300260704,3.1300112008402263,4.3636050676015685,11.27651631223106,10.091049695150007,11.219208937904863,4.617631393634553,3.773772283516713,11.556155318675335,10.4805948682725,12.51250809358274,4.313024531063747,12.156071405687351,10.3741907814854,12.425305609869786,3.844736905980314,2.7598514933284823,17.294618586540143,5.945807685250851,7.737405064759664,3.6090069418120665,12.640303505668243,4.320674390540905,11.58183042544887,11.330001293938428,5.77233919010759,11.238046423542922,10.676036023740485,4.732112658350333,11.507319384317103,3.724295740538845,10.102752514979887,3.473031918190171,12.40410982480329,4.874091167636836,10.46686721404969,10.638935931848861,11.437287520369194,2.810219541449645,3.9252714110853493,12.792859989802654,4.648991084538119,3.6188294858938552,11.545699231562981,10.329342162434632,13.495916189862024,14.794693808660925,2.4287995875962274,11.45019335464989,4.245998862993339,5.305714608827664,11.255254745472993,9.837873743280946,4.601277914316608,4.414982096334507,10.071649201782297,13.82863536848742,10.360545143162968,11.43592953328033,3.60282166379832,10.49776473383475,10.33311727959658,3.606118906054544,4.657572761352712,11.461013977149818,2.901680260856935,5.041895093898517,10.628484860926518,11.547223339173598,10.560437393948439,3.9712472086130037,2.7427373120029124,11.175523762815159,10.475622650639426,2.217119761809463
13.000000427044029,7.928538210783726,12.398455862629241,12.464196616505546,12.399297314376286,3.3440023608045726,9.925385695043335,8.130504485762257,12.433183949295426,11.89787037059541,4.582323263031107,6.315498077155412,2.318052265967691,3.250087697316369,3.6661422815251745,9.534330496611872,10.644609137645812,10.491576402267725,4.5768846808272565,3.8191878044506082,11.95961147353165,10.603212113743284,14.935755869150567,3.9144354286962995,12.265625069961862,10.305915288541726,12.491544511635418,3.989312027500813,2.9806228994037633,8.949374487985203,5.911629804308207,12.70394668882236,3.6095296658779703,12.423898418131266,3.9267420753199263,11.431155332842252,10.590160790839754,5.888948448954223,11.659915130803137,10.707519255410054,4.497315768448266,11.693534957209168,3.7379583272470396,10.212814399367371,2.6373385981925153,12.472299260973932,4.940886259935637,10.629344689391997,10.734501200434938,10.611178338256606,3.6327937811825826,3.6150047822779996,12.500319037104084,4.751288791531058,3.812871607338274,11.43237038480056,9.984951472428033,12.501443532352154,14.314769175948348,4.189876224197833,11.6284125947566,3.013377598786073,4.412110177225252,11.33584419248935,10.047541709214403,4.650543514924167,4.571050205403116,10.52415532599231,12.940300635258172,10.36260985409528,10.553420251178006,4.088563452661526,10.399964397446665,10.458843367319304,3.382026655500654,4.661936245080908,10.581281823564801,3.7236690264199956,4.531961265242578,10.459708981910824,11.414517043539751,10.029042554247937,4.983082137544656,1.8411062585958553,11.678916611244077,10.484953389230043,3.1208557688516483,7.909956349732908,12.441810019928715,12.601703308900436,12.419887240624558,3.782446774226957,10.453333420724904,7.903754011360472,12.381051562238968,11.214469846865027,5.370847779819375,6.295143984151951,2.720375022322633,3.235186536683151,4.95607901067595,10.978983301552365,10.30500373285263,11.153423093437082,4.603299662443845,3.892913556669045,11.877584265195964,10.491770834289303,10.83973039511352,3.836073614362968,11.98795489659063,10.29666964958667,12.396470569909914,3.8728277621405574,2.6491448692861543,17.190334778285266,5.95230570896409,7.761549323498498,3.531351513450783,12.268366985973506,3.8273201426366485,11.129801256378297,11.383525049063211,5.850947497824094,12.16687314018578,11.076581994141025,4.512484306221481,12.040929311516622,4.606774251696079,10.197113801886207,3.3007815616512217,12.403015744467663,4.87228720828337,10.34674553359526,10.72637473182122,10.564573203287743,3.714298928465511,3.922849180217666,11.784603043323774,4.596279424961875,4.852711947066738,10.606849932221436,10.236153490290864,13.525469330320863,15.02837444779434,3.2317961462965723,11.494100489514036,3.8624386673786324,5.1347339842350195,11.515993128142165,9.847989614921886,4.595497080989074,4.486122487620845,10.134454856370754,13.9668063784322,10.399311780283599,11.425130934772907,3.5846537040265423,10.528759703912316,10.292503672180953,3.003045645685446,4.648632439193341,11.511002941333862,2.874122027190625,4.756170932831284,10.58674680864766,11.389988668213775,10.545972443192662,4.767428034676374,2.858861566598759,11.76416318553727,10.477342070416109,2.226224606305415
14.000000459893569,7.926262563286006,12.335401395896612,12.45891846668065,12.350981991460362,3.792738236248156,9.973702011728633,7.827873678263904,12.35816531603742,11.894992880046033,5.20770632682602,6.316110100859999,2.1122233171738163,3.3544472962205414,4.208334949213945,9.644974823990546,10.380161018649716,10.976243333542474,3.968820260062075,3.786982894831412,12.035469373431244,10.541979273429005,15.524289525831097,4.152547969149631,11.871635984758058,10.226571723491594,12.345850184017015,4.038804212547042,2.6122409189152074,9.175120841543182,5.818597298272498,12.218485827360706,3.4809979857120736,12.40173562189181,3.93784137251256,11.656535754766061,10.381761660550428,5.8904753041217,11.602431865787231,10.880329965936482,3.7915162686751174,12.253615078230801,3.9686839917417944,10.102754324281053,2.58264515399277,12.504190682157818,4.937654251542602,10.563950259042942,10.612732595735924,11.491482468382113,2.7003302026796705,3.9010646239029763,12.670947861170198,4.7206834843776795,3.651516507522859,11.562840718520443,10.209548774895424,12.200476871389911,14.920428933367447,4.190098667899429,11.60777023345594,2.927954655489664,4.7231242720843225,11.344192204951321,9.732959591127672,4.623416372500865,4.210727730105609,10.560638352542421,13.267761059784046,10.448012412471442,10.570480849500383,3.820824993612139,10.420927268961417,10.448420931297937,3.5457517467730146,4.722981982772203,10.615080719417064,3.762896115188461,4.470445337220292,10.398549853201866,11.52330354674007,10.050710144766878,5.050325440585668,1.8531478790728442,11.10722699770524,10.471187032310342,3.2634610244264994,7.902844083800935,12.342444154888675,12.433988270707808,12.325346220908713,3.898917836963358,10.558207305046912,7.925654062744215,12.38416450986398,11.173083888017796,4.459644692551175,6.196126031311104,2.4640238012381985,3.0939440323932383,4.9923074165739765,11.273061456469211,10.165442179652567,11.078435207988253,4.624011530844856,3.976668409234773,11.530240007175673,10.390181419952423,10.53707526790517,3.9857594695847625,12.153009866103254,10.417529252970722,12.390355168914883,3.7209237176921484,2.9240586921194645,17.522495988287787,5.960721072571569,7.917268981496124,3.4622538132431484,12.439213448655817,3.8826900695246858,11.332716986457148,11.168414531629693,6.003009991619993,11.186258038523196,10.891389847326993,6.62327512447196,10.670316339240921,4.618550350072379,10.193158517748694,3.414794611379763,12.423634833998953,4.066945103252646,10.473090427160868,10.412730054040754,10.555665537503318,3.7123461412053413,3.9394104962753573,11.844107366419806,4.742557969680482,4.612648404688339,10.574175472606049,10.300484215355056,13.229709645822702,15.029220252656106,3.3869951389638606,11.458959284961109,4.722015357601142,5.404801654084551,11.571056283756294,9.962646991432221,4.709858673873982,4.493013682442837,10.16969792936682,13.895916856850134,10.322109928880758,11.427797182164145,3.5873018937306487,10.501158471250326,10.287125025433289,3.166595294945194,4.658708168088498,11.413589529490093,2.8142880937414856,4.729398864084112,10.544963563837074,11.562768922642315,10.61696122922974,5.168666005725502,2.8027009269047864,10.628921962219309,10.480940675082017,2.491293183753163
15.00000049274311,7.921052050842824,12.451704917145113,12.452057569312283,12.454919830124691,3.4874200772535313,10.253129653495078,7.588443898905717,12.537576838361009,11.5561728980442,4.490168009167346,6.343805586421721,2.4078268608433397,3.2572618541917704,4.635478123584164,9.479472604388976,10.675315878486185,10.105606250841287,4.193249006997387,3.8575606995448544,12.228837032489116,10.354706760536324,11.31003578909973,4.285336308197419,12.219717652035921,10.392215867488934,12.53692295050642,3.7238074636516822,2.469617963133514,17.24449380249671,5.745473564655306,7.642089577265781,3.8106224119864116,12.427122640215144,4.084946765143968,11.369761630287682,10.3378147562415,5.779251218532079,12.038983445176054,10.979591289447434,4.527571451488509,11.942693478358835,3.9529867697240695,10.149103625018023,2.2543695020892107,12.453964196094358,4.685649881562769,10.399848702982126,10.531055992469831,11.28846661396011,2.8233636064106835,3.930177592624572,12.339748788336193,4.753287391493115,3.6983930760405586,11.562331930381315,10.269414935279416,13.69720998989531,13.684345358258932,4.262917634564654,11.661840044796264,2.8864725397965083,5.885417726730875,11.898738590721152,9.926601093130301,4.617519452520914,4.460973110025021,10.600620837993187,13.440466561619143,10.399336185865872,11.46599706115775,2.944941477650159,10.463063777845093,10.432140199676418,3.190009271104992,4.654046879258552,11.445512541448492,2.7301724306735875,4.811583602658829,10.631600019356908,11.510442467087758,10.525281054797134,4.975693553746601,1.827276922305066,11.14066388154574,10.420865948140694,3.311137705594528,7.933525524971159,12.412521627402251,12.473336573604488,12.318280449069162,3.925930483563439,10.342378829306112,7.899916740360769,12.363550386887537,11.385835599251736,4.355728296130662,6.249197991362914,2.298477987827585,3.083667798550394,4.039629135276377,10.948095268809759,10.392525605679461,11.316266187583594,4.012818411809839,3.907341884432857,12.06583591646858,10.448660656925755,10.902360357934523,3.7958990235136265,11.96722893528734,10.413997101096406,12.362877717954206,3.8944185487773333,3.6262369071780327,17.63581939655072,5.894192388579061,8.04864536333277,3.4829730803387258,12.662387001336436,4.102290277244854,11.400791042320975,11.371413193412097,5.884234689217473,12.067879849565868,10.942220307122478,7.095577053694152,10.848527105377382,4.666683738573178,10.36289623344679,3.3100083187983493,12.3602756696878,3.8448885617396664,10.553616768159657,10.642125867363402,10.483584801878802,3.575820141662152,3.960141820275134,11.636445046911517,4.6790370392766905,3.562671499013708,11.561926222198919,10.298027073909145,12.105576551876993,14.221214751924776,2.376879935253292,11.396431684050151,4.394015167709527,5.174553592071998,11.4451985751661,9.896739116370016,4.662038376893803,4.4141456449342495,10.248161322946345,14.289948105929257,10.301363320186173,11.397416094385845,3.564394365010832,10.478006128041823,10.328191022725383,3.5642336651260154,4.676438063376947,11.417143505914098,2.841436150502513,4.62432178729389,10.600256148739454,11.461903249667026,10.472433176744405,5.1243232166690476,2.8948943111218064,10.648014774920792,10.476737367237009,2.127439795198828
16.00000052559265,7.908348594046355,12.395067515199601,12.402067400959474,12.40667036200652,4.017424366889093,10.214088176706706,7.639082272938096,12.44025451954836,11.578863435375817,4.163416287924647,6.3264292863906215,2.303430874394355,3.191084911067327,5.170363713585715,9.539192198256195,10.352896122804983,11.452429364898746,4.10139076674312,3.758139200932828,12.112806941734114,10.449524507447018,11.267311281989558,4.14513330527964,12.187005018878926,10.347219402621656,12.467528791484305,3.8905787948865647,2.6324503631451646,17.252839749267835,5.701495710536649,7.8470629254033595,3.506440083903216,12.580017401182321,3.949772009215448,11.738543894393414,10.456536279771196,5.753074913126108,11.20682245693916,10.920849147130404,4.066116774330774,11.915670117499676,3.1040275354454443,10.105624749117878,2.2526447316212157,12.493128487768926,5.0424768014105,10.459880760774421,10.62605185407972,10.626680257046152,3.611299720002781,3.744082851682573,13.474644153457524,3.986534337074978,3.6466646486416443,11.418023864468301,10.235473304951324,13.563565426090525,15.017756091113881,3.5633516450292553,10.58085996563794,3.778150950306919,5.309487171199316,11.33794398005259,9.882530069353182,4.770301684315484,4.519321280948143,10.987888035595633,13.263169240435852,10.386882095928826,10.566526811576884,3.6617686751251743,10.396930642381196,10.457143614410997,3.205199734624707,4.894178544421908,11.393051505390067,2.7605467452555037,4.439899520919477,10.593660749472091,11.491316502191305,10.189513320353957,5.26355738459451,1.85396697011927,11.185917383325698,10.216496094467418,3.211762478259246,7.9311530280965865,12.416646256307736,12.459510475966535,12.379949267853892,3.8706364642691087,10.335436571573112,7.885472365417799,12.373831585757278,11.304946957624292,4.553394313932021,6.275584090886968,2.0691984443962568,3.1369979026968733,3.386539022958604,11.142139068225205,10.241640014558339,11.284711424421944,4.09223281176174,4.022385775521959,12.442431048549654,10.44411204812289,10.651466197560243,4.1264110199090585,12.029574347928248,10.423338012763116,12.30221591251672,3.869864833157496,2.4730765841062206,17.258456500830988,5.817546196555292,7.965727326701877,3.4606351638486745,12.572109803668035,4.13448201949931,11.130251314124864,11.378846482155623,5.963583984112954,11.89716935690116,10.880564878433166,4.440481143925588,12.068150012268326,4.609105030897928,10.238231977408196,3.4279060604425537,12.303876703037915,4.924892919745541,10.54618539563992,10.6487278097289,10.56308816877175,3.6075384512352136,3.2119418894069622,11.447931019480105,4.536045370740641,4.678063887856708,10.699387577892507,10.284481373979903,12.059917494685006,15.080481730372782,3.210809007467115,11.37203427341572,4.652058789355674,4.844370567253106,11.757239798887095,9.970508018812536,4.5823686346937444,3.433536613427952,10.39000138700351,13.731878357460094,10.408225967594724,10.577082475594601,4.4675438891522035,10.43169593708557,10.423165254573545,3.8796473033701018,4.495853986818954,11.32773758366507,2.9518717850017717,4.517081108323402,11.555045267565381,11.513609004622115,10.49407304324206,5.144007017112108,2.320771037627088,10.865534392948689,10.456098983839793,2.066360728734077
17.000000558442192,7.926850429719817,12.434041012362808,12.395089628802909,12.427173693616005,3.31823880560875,10.277252406907746,7.6436994473536695,12.40415429060486,11.712464254338576,5.075245767563251,6.307671226669169,2.0979645199286554,3.1870433703029666,3.889728439993332,9.371569121745562,10.139542346772668,11.517563998027846,4.007500018163576,3.704931807305744,12.388191868366,10.48954293061473,11.016171365354719,3.90775620524224,12.020930341552228,10.25276906965054,12.494659678929349,3.7463696284461108,2.6785616994557544,17.134990528995576,5.789973776451038,7.955722202594582,3.4584193000645818,12.317566375819066,4.020138673682458,11.56748637569864,10.555486625387967,5.81387557385801,11.18796549887415,10.77851147793572,4.219081560392241,11.908403909262534,3.1881209385656666,10.1705388781556,3.172324061407976,12.490225213224873,5.016537076378127,10.471986293389143,10.409991094642141,11.466391734692612,2.655155077746374,3.943818633486634,13.447371280628436,4.718304283117058,3.806410908415765,11.49761747305101,10.161831692698636,13.486958395410158,14.89382764716354,3.743927387149739,10.602662105168783,3.8151294917561236,5.069561626944747,11.708754905916173,9.943407973991096,2.850904443271761,4.413597483654144,10.694580080834044,13.377864703779549,10.500616570100503,10.6130556870847,3.807671330525153,10.43012346949342,10.147248514691542,3.824018988515077,4.655970563530666,11.430953754830337,2.7304002698460406,4.650136419842656,10.679912760502308,11.105286530461722,10.419920451002577,5.091220750424298,1.7746953388149924,11.622826801098867,10.471326210490608,3.173789576020888,7.915879447289538,12.359668247907459,12.446729168376164,12.394253086330663,4.052942471885141,10.038682641004087,7.9473919896028296,12.420640615892072,11.035158006404378,4.444901829112997,6.331374611448105,2.1816545476470433,3.3845547254665753,4.029978128242975,10.551562139068954,10.33014259024732,10.984905602144135,4.599928502941104,3.9401481595344947,11.052025509000627,10.440738337102895,11.85300759038806,4.079518129680718,12.027192523881991,10.3580297321513,12.38766815283039,3.868949951912574,2.454898301861936,17.341824293846535,5.672120841787678,7.863310188595747,3.482120128156817,12.54245999552495,3.8618401514007252,11.486904810905475,11.448123831252197,5.9596106481014335,11.390976793342315,11.014555501678245,7.040249821929019,10.941191786361124,4.541973825734141,10.112665070951728,4.101540957636753,12.42086327980824,4.035790979046051,10.525628557913441,10.449780456858454,11.408559616808374,2.889746609845468,3.9428527267319415,11.667397793602834,4.508579215776303,3.799750698507116,11.459524992685676,10.086884355968452,13.886167672701971,15.281922674467653,3.2263209756773277,11.457673758806639,3.887658922826385,5.178318432247742,11.562292582142012,9.901772923980278,4.597072540602625,3.431314769660742,10.824649785448042,14.371295466823113,10.409639783422367,10.462745040613981,4.579170529754127,10.513850638137239,10.366277467608743,3.0527297558426594,4.668482977133792,11.482038764775112,2.589729259518618,4.709717673308894,11.55096457260364,11.53575885616312,10.648618780080085,5.393547064262464,2.9693742205130214,10.463790562120554,10.452508200820912,2.190174460090653
18.00000059129173,7.927245368117251,12.392243370756379,12.361259784245172,12.342924923918723,3.7145669066275233,10.213086178616521,8.112257373155641,12.363167051320234,11.630012565673578,4.335185790724749,6.326851239434986,2.414445607271174,3.260611402808013,4.461357262866705,9.55858338301189,9.92972543622818,10.996500289857902,4.009397298635715,2.707519931689346,11.945579898130934,11.387354659310496,11.162317805114249,3.935669189172504,12.266094477798756,10.284427067198038,12.508210626082514,3.811204650032308,2.6915179031181315,17.103798811366513,5.897709792929868,8.006152494993456,3.4800715504769246,12.69958611868993,4.086841505067799,11.658992168996658,11.313072613573262,6.1019884639775555,11.433323808701752,11.144581439267856,3.064167271544284,12.36623380927227,4.200010000964054,10.178111834966261,3.4417651850078497,12.373664125655194,5.201534442137376,10.612453707433732,10.815290992408228,11.33645402747628,2.951604687040842,3.9507130612291643,12.379422648349802,4.7207702360071435,3.672729165366007,11.521247915142526,10.129118996889904,13.326647629318455,15.205278547074492,4.017996358154296,10.711523862751202,3.8116993587732737,5.197924363937245,11.366966277673358,10.118291846370575,2.586828049435301,4.469203124603911,10.75722250547423,14.02747957035632,10.39851943657308,11.451527825595122,3.625060775763243,10.296623242999415,10.43816665070732,3.9712048259305908,4.636864601806438,11.415508987215787,2.9304013081033946,4.63518985467704,10.614260157276064,11.196751679051948,10.367587742014786,5.265397369170562,1.8451626608309435,11.597594066550876,10.457819942591883,2.2030886468004542,7.920868263531257,12.360043106975047,12.476899478303245,12.368641066668705,3.980236050585692,10.055781430758003,7.5832819756792444,12.423262352057188,11.150816400901933,4.989446064704084,6.286475531285187,2.1960947635604313,3.1490364490235314,3.9532658313732973,10.466712483004464,10.337798598925849,11.515120867716178,4.5753738235704855,3.902722186451508,12.202647392399028,10.470995833209468,10.385338551679553,4.154483895258268,12.025290275674996,10.424159054964706,12.47252868826563,3.8103403406865892,2.946486487773179,17.138247417146538,5.904376029122184,8.292461610521308,4.404646780167861,12.488610337378372,3.793438164376404,11.465828979250217,11.243069544158534,5.793524730888291,12.65745464407148,9.95023364608553,6.559304559711411,10.865998530903308,4.597734018952375,10.142495344525203,3.4898781071809424,12.41645052648304,4.081514935228427,10.720233946896279,9.924191496315553,11.433271870029715,2.783714546530485,3.9725303757186974,11.638113217726564,4.696650793778648,3.5981349739683077,11.546386494769278,10.413226082927915,11.77239750315264,14.393494026392304,3.358306689241033,11.52149395671147,4.9108137470227184,5.3132930410950205,11.26925634227583,9.7534117949931,4.642258857802128,4.48191587587528,9.895361937875379,13.492953937537175,10.428093543290917,10.507485859660465,4.613783855218855,10.46360870131786,10.446635018856746,3.482773344645417,4.693647015413584,11.483483220698202,2.9049447788781877,4.4705956662211115,10.59263315600728,10.768295032136189,10.527077435178123,5.194196296365545,3.7206089700091542,10.513076559535595,10.436594908573857,2.2505772620507907
19.000000624141272,7.918199988375694,12.424418140679359,12.397555719103954,12.358012537032403,3.9925335510670674,10.157799944932295,7.806171985699647,12.419294819670805,11.49948281354063,4.400284001917577,6.1903097238476885,2.7772792970521856,3.3930663424248193,5.138099767530179,9.462166341783284,10.113301730922823,10.93167658652766,3.964115642189209,2.793514198245193,12.414051772415581,11.574531909051897,10.584123006694826,4.319912093047055,12.174065238401319,10.398754813701302,12.491576961848597,3.752217266122963,4.136808835542846,17.26909093881969,5.898627358945717,7.856278757736365,3.6597599757456623,12.45430703427356,4.106892405749144,11.788822475198803,11.341766701535342,6.001102052578606,11.258327062616187,10.692349675371117,4.241372525938517,11.721762968755925,3.5407099648996856,10.177358644157183,2.3896591071009166,12.356275340650297,4.95127289152097,10.60675480487394,10.725385198351333,11.460806231858728,2.73514071888748,3.9607859204339064,13.043050314443027,4.816769093315991,3.6039755083690643,11.557763296067709,10.182404266915162,13.517043014243736,15.16448190786546,3.5791968839887227,10.554196860823806,4.144949108618695,5.089827934917397,11.662176959073886,10.109674231111068,2.768219084626533,4.4038983891036505,10.564477225732215,13.160414306647379,10.422169147265448,10.500068279073991,3.9259811632208494,10.392203146107978,10.264936915326746,4.601646995922553,4.7248144619384185,11.41668130539147,2.8522512926149908,4.617481967123537,10.632263596835214,10.991583112285335,10.363283013654561,4.9288661049417035,2.0010101100608795,11.640765481970455,10.46643268172287,2.2161909225934795,7.92692978494098,12.358885990176312,12.456944348850296,12.33952257749221,3.9721269187820774,10.169844926196236,7.527259337136839,12.42312460510109,11.20684999607071,3.4956225999802926,6.3443809536104885,2.5597787396365357,3.356312699292444,4.199988459631591,11.273174960372904,10.326924625697036,11.731429376045224,4.68625953199937,2.757284863980729,12.167462212644423,11.443990111944581,10.368238164438345,4.209104234484874,12.212336288658813,10.421734773061111,12.433685196348053,3.9243059632607515,2.8092668155827982,16.740586152781646,5.8942042668527135,7.665614750914278,4.24556509483313,12.546483257846377,4.299412044328427,11.50481636025086,11.389364081331887,5.967191406252117,12.394418994815503,9.93219315008199,4.663700257659691,12.094322414644754,4.720715907229934,10.144810702407844,3.2598866667544666,12.43556720106929,4.910943784376739,11.24158036895124,10.683852658490773,10.580588684663839,3.761286438177073,3.9334478885985016,11.734337119188897,3.214938795408168,4.733759953014462,11.477079086410862,10.447072311591947,12.144032557840896,15.00461222849882,2.7750420796894835,11.467026358979766,4.245860850780773,4.937067913896742,11.800224904170545,10.015412004360888,4.70385932351718,4.444857223253902,9.775496668347932,13.741789304018111,10.30852873379388,10.540367268456063,4.635260759606017,10.514292558682353,10.319206500853712,3.429979397029769,4.662304884835478,11.426117008026319,2.905981720820097,3.7618162950562453,10.630520884160385,11.512013803364393,10.413725070195309,5.098451044991232,2.9027190047485036,10.454705461660948,10.43828723627282,2.173372077556434
