{
 "chain_iptm": [
  0.8,
  0.8,
  0.54,
  0.54
 ],
 "chain_pair_iptm": [
  [
   0.94,
   0.94,
   0.74,
   0.71
  ],
  [
   0.94,
   0.94,
   0.72,
   0.73
  ],
  [
   0.74,
   0.72,
   0.41,
   0.16
  ],
  [
   0.71,
   0.73,
   0.16,
   0.4
  ]
 ],
 "chain_pair_pae_min": [
  [
   0.76,
   0.86,
   2.26,
   2.85
  ],
  [
   0.86,
   0.76,
   2.75,
   2.3
  ],
  [
   3.2,
   5.08,
   0.76,
   10.65
  ],
  [
   5.4,
   3.24,
   11.19,
   0.76
  ]
 ],
 "chain_ptm": [
  0.94,
  0.94,
  0.41,
  0.4
 ],
 "fraction_disordered": 0.04,
 "has_clash": 0.0,
 "iptm": 0.92,
 "num_recycles": 10.0,
 "ptm": 0.93,
 "ranking_score": 0.94
}