{
 "chain_iptm": [
  0.81,
  0.8,
  0.55,
  0.54
 ],
 "chain_pair_iptm": [
  [
   0.94,
   0.94,
   0.75,
   0.72
  ],
  [
   0.94,
   0.94,
   0.73,
   0.75
  ],
  [
   0.75,
   0.73,
   0.41,
   0.16
  ],
  [
   0.72,
   0.75,
   0.16,
   0.41
  ]
 ],
 "chain_pair_pae_min": [
  [
   0.76,
   0.86,
   2.14,
   2.71
  ],
  [
   0.86,
   0.76,
   2.61,
   2.19
  ],
  [
   3.09,
   5.04,
   0.76,
   10.57
  ],
  [
   5.4,
   3.15,
   10.91,
   0.76
  ]
 ],
 "chain_ptm": [
  0.94,
  0.94,
  0.41,
  0.41
 ],
 "fraction_disordered": 0.04,
 "has_clash": 0.0,
 "iptm": 0.92,
 "num_recycles": 10.0,
 "ptm": 0.93,
 "ranking_score": 0.94
}