{
 "chain_iptm": [
  0.8,
  0.8,
  0.53,
  0.52
 ],
 "chain_pair_iptm": [
  [
   0.94,
   0.94,
   0.74,
   0.71
  ],
  [
   0.94,
   0.94,
   0.72,
   0.73
  ],
  [
   0.74,
   0.72,
   0.39,
   0.14
  ],
  [
   0.71,
   0.73,
   0.14,
   0.39
  ]
 ],
 "chain_pair_pae_min": [
  [
   0.76,
   0.85,
   2.07,
   2.76
  ],
  [
   0.85,
   0.76,
   2.62,
   2.24
  ],
  [
   3.3,
   5.38,
   0.76,
   11.63
  ],
  [
   5.74,
   3.31,
   11.66,
   0.76
  ]
 ],
 "chain_ptm": [
  0.94,
  0.94,
  0.39,
  0.39
 ],
 "fraction_disordered": 0.04,
 "has_clash": 0.0,
 "iptm": 0.92,
 "num_recycles": 10.0,
 "ptm": 0.93,
 "ranking_score": 0.94
}