{
 "chain_iptm": [
  0.8,
  0.8,
  0.55,
  0.55
 ],
 "chain_pair_iptm": [
  [
   0.95,
   0.94,
   0.74,
   0.72
  ],
  [
   0.94,
   0.95,
   0.73,
   0.74
  ],
  [
   0.74,
   0.73,
   0.41,
   0.18
  ],
  [
   0.72,
   0.74,
   0.18,
   0.41
  ]
 ],
 "chain_pair_pae_min": [
  [
   0.76,
   0.86,
   2.17,
   2.63
  ],
  [
   0.86,
   0.76,
   2.59,
   2.14
  ],
  [
   3.2,
   4.68,
   0.76,
   10.29
  ],
  [
   5.2,
   3.27,
   10.93,
   0.76
  ]
 ],
 "chain_ptm": [
  0.95,
  0.95,
  0.41,
  0.41
 ],
 "fraction_disordered": 0.04,
 "has_clash": 0.0,
 "iptm": 0.92,
 "num_recycles": 10.0,
 "ptm": 0.94,
 "ranking_score": 0.95
}