{
 "chain_iptm": [
  0.78,
  0.78,
  0.51,
  0.5
 ],
 "chain_pair_iptm": [
  [
   0.94,
   0.94,
   0.71,
   0.69
  ],
  [
   0.94,
   0.94,
   0.69,
   0.71
  ],
  [
   0.71,
   0.69,
   0.38,
   0.12
  ],
  [
   0.69,
   0.71,
   0.12,
   0.38
  ]
 ],
 "chain_pair_pae_min": [
  [
   0.76,
   0.86,
   2.25,
   2.98
  ],
  [
   0.86,
   0.76,
   2.82,
   2.41
  ],
  [
   3.25,
   5.57,
   0.76,
   12.36
  ],
  [
   5.87,
   3.4,
   13.06,
   0.76
  ]
 ],
 "chain_ptm": [
  0.94,
  0.94,
  0.38,
  0.38
 ],
 "fraction_disordered": 0.04,
 "has_clash": 0.0,
 "iptm": 0.91,
 "num_recycles": 10.0,
 "ptm": 0.93,
 "ranking_score": 0.94
}