time,1,2,21,28,32,33,36,43,46,48,50,54,56,60,64,65,67,69,70,80,81,86,87,88,104,107,108,110,114,129,132,133,134,137,141,149,152,159,161,164,167,176,179,188,191,193,197,205,208,212,215,217,222,229,233,240,245,246,250,251,255,258,260,261,263,272,273,276,277,283,288,289,290,294,298,300,304,305,307,308,311,314,314,315,316,335,342,346,347,350,357,360,362,364,368,370,374,378,379,381,383,384,394,395,400,401,402,418,421,422,424,428,443,446,447,448,451,455,463,466,473,475,478,481,490,493,502,505,507,511,519,522,526,529,531,536,543,547,554,559,560,564,565,569,572,574,575,577,586,587,590,591,597,602,603,604,608,612,614,618,619,621,622,625,628,628
0.0,7.380042141474136,10.233986174901101,7.905007463294356,12.547885019763616,11.513615375421418,4.458969882086703,6.074829413681952,2.1780224485011375,3.2740465885254366,4.363761477707897,10.450925861951374,10.36513329192345,10.927920505440735,4.6744604012380435,2.8924871699290975,11.773398652942394,11.493414660377738,7.447617453511071,3.555770956683612,12.279233235167105,10.332125158955709,12.400148813395257,3.9396786483889876,3.1210329280742517,12.624329321768974,5.911371843297548,16.42874240077768,3.402392193414932,12.55197488573047,3.8994425653679374,11.695777325236584,11.187832293439342,5.992439200890529,10.823818876627538,10.70645129370913,3.1494334839997755,12.575312921256504,4.0007231575562505,10.120647292320841,3.7283425760057156,12.534449319067784,5.72884637460382,10.57565199794128,10.709303804598337,10.522711847074119,3.6852017994147355,3.1492855010136336,12.446350345145023,4.734107126760022,3.6195694500706463,11.537345958632285,10.326640986812425,4.5102972834248245,13.49050325587052,15.798080061904747,3.1429804019007097,11.412442975675887,4.553435139790249,4.048914436266223,11.435082749514509,9.903875915620462,4.363819973985122,3.517867813025588,10.051750669349477,12.983201827324516,10.261603064635887,10.42984307372192,4.66491250821254,10.410652286701454,10.449491645260148,3.8104830892444768,4.8329842052911385,11.393641062636151,2.9189496298809288,4.419447230978976,11.54753106376242,11.501029253810398,10.025089195791786,5.536427343332866,2.9012845984061113,10.539546844474556,10.479045264033905,2.3810609899341233,7.514857839441302,10.170567371552153,7.519591780137747,12.719592868497495,11.503634000021629,4.740167696775483,6.3273698463701065,2.539778722229257,3.199445385691611,4.609608199584532,10.558600753382558,10.216022414371484,11.338015784532132,4.608199811616247,3.8479213968653214,11.965907084478903,10.517790507580155,11.016264098517764,3.9077192848283357,11.99011824244287,10.28320971681178,12.369341344462272,3.888602185497649,2.5763668987639408,17.156318618283322,6.001767747809219,8.075986561582697,4.4147629501459695,12.521290828078602,4.078356372181237,11.708868245691693,11.32505592321164,5.9738806023437565,10.84223719127389,9.495418184213433,4.334718790998152,12.607695652886392,4.275736702486926,10.197191269745026,3.4020906789797953,12.511164690390476,4.992233496099622,10.531794112193504,10.960198472404308,10.36080505649202,3.759473190025502,3.5287479469424343,12.653580647537439,4.682936353878829,4.482794179807179,10.75751392908808,10.263149096074343,4.8446492660252005,12.765052203349539,14.602714796858313,3.4127490008961705,11.371824401151796,4.554428198648767,5.844922235160757,11.480403060591147,9.961980102642197,4.8383462208065815,3.558517369477298,9.971885706658377,13.37829782053381,10.317786989689768,10.4482544856139,4.655737768426624,10.407274765868417,10.439722361962716,3.4358899932522404,4.644734767928705,11.383696440142817,2.9253559501980555,4.687921257246972,11.476101186139275,11.52958013042062,10.413307034916686,5.376507118775412,2.5187217020993162,10.688227349301881,10.432942863152467,2.207731881372192
1.0000000328495406,7.410215317898727,10.552575711651338,7.866403686877465,13.012850969704967,11.586720355002154,4.135906462664415,6.22683660510125,2.0831608271864193,3.3138710469648403,4.041210507602571,10.49624798192513,10.371105495410598,10.989694799158777,4.1187629647586945,3.7970931548336897,11.952129956747525,10.5540134133779,10.114603696938003,3.6043237633498424,12.300289455433768,10.313903097673291,12.38304109114439,3.9202915333903485,2.278583370349596,17.545095248914805,5.792434200014457,8.10263590120748,3.4453790954270422,12.730837162339457,4.034600650442018,11.551354786912723,11.41380273649784,5.761905738935317,11.339767365446475,11.023424951602056,3.41467627798298,12.344001838260134,3.860731539539769,10.305310475048518,2.360871030358087,13.427528828809956,5.379662834189727,11.520714625028145,10.70880783716998,10.046979668756643,3.792681377588977,3.392950404488137,12.727214519534659,4.7126372207717315,3.6036833235299452,11.62594638750207,9.893251085714446,4.881795963745997,12.190922444357556,15.402223735295724,3.2539881988812644,11.31381898169103,4.559849041852524,4.069077665993313,11.441384551769582,9.866631835584805,4.64614812435853,3.480628874553968,10.657536128712932,13.153961637500178,10.319870802029925,10.3677923039989,4.688597888580895,10.44144752301429,10.421562514885528,3.1978844497191985,4.644117374899307,11.393171849059396,2.790462816406996,3.7335682471933733,11.595082947338428,11.399065110298276,9.758802937301462,5.429024266612036,2.9257607169439557,10.469383393525233,10.443836452175852,2.170933779715524,7.235448513574394,10.533522496822243,8.127944254291862,13.023659251404714,11.47543568297253,4.477760085877874,6.241144148823367,3.007130308576493,3.5487470887184105,5.1222977547326565,10.554113136935335,10.21519368173667,10.530922809948784,4.590307211215441,3.7541890731108736,12.102241429596438,10.630851719353279,11.113170850935372,3.76127047444822,11.907185788424298,10.322254955655806,12.333804573658684,3.837175386294144,2.8841403313077585,17.023394536751752,5.970242060395977,7.7931258017420095,3.498271865300453,12.504763932686492,4.866191872889742,10.501601136601481,10.427270240272621,5.9247808579114825,11.38942769104238,10.82996833527553,3.2932257948180776,12.400525204958504,3.823171861206593,10.141146890356202,3.5659312301404893,12.404877507967926,5.151885324704464,10.478192135514199,10.498614849948261,10.492732694481449,3.7915678314605525,3.4625115917977136,12.482081528547816,4.871401842405418,3.541956754028849,11.542579376744042,10.475152904535449,5.0741508209424175,13.409374097936245,15.681865074475713,4.37183238757633,10.60730697680436,4.558995978948157,4.480439824993533,11.287132319676347,9.832458924050108,4.928078291298757,3.801699522280139,9.76830509445184,13.386410999452268,10.337801723148148,10.46568344554112,4.656309506227009,10.412068044094699,10.428282144891321,2.86727244684488,4.658692413137994,11.437198314944519,2.80517275371332,4.623853588204421,11.255613968417276,11.350124274178365,10.365737239469542,5.475281917295104,1.7916082466010699,11.525543649519776,10.455619906179189,3.2353438496735367
2.0000000656990813,7.195398160543353,11.183377541486863,7.959054354282455,12.73901242834662,11.70862576127573,4.552380307048296,6.29712378094793,2.386678802790759,3.4283922459101426,3.8811324638309967,10.634890044357768,10.318751452725207,10.884755158707291,3.941206159760093,3.010874742120742,12.124251176351251,11.12526528939466,10.60875130564059,2.680695203539295,12.278624323280104,10.346565701326167,12.457374825633885,4.016951693877583,2.706017820742159,17.38689075176054,5.814192453890542,7.770974363230308,3.44478377894045,12.611802240347739,4.044670485270905,11.588639483350558,11.327949800031377,6.142153181889252,11.458999562564653,10.802416194324003,3.939207827711233,12.003957983318019,3.5691778249183637,10.32923743600878,2.8237879499529446,12.584523061066786,5.213662039654978,10.576002815770963,10.622797788824961,10.420905313105516,3.8185628817818333,3.5927892892976225,13.159036772904814,4.7701732677759825,3.680371211249128,11.575943918389132,10.363125384104762,4.427042807430436,12.10428104339237,15.608961672031388,2.976623244301037,11.449955509142312,4.6249643050773095,4.033315369439018,11.327981030187662,9.980579310684417,4.767174687069019,3.540511908767848,10.747911302860258,13.532437593367263,10.316586043290867,10.453652554044735,4.726862555658352,10.429257999766037,10.450131225590665,3.39394101543178,4.7072682158407115,11.407801238228481,2.90905980772775,4.662238199269937,11.522299073245192,11.3865445697228,10.079904975268006,5.271891036017593,2.932960914752887,10.462911940299652,10.572775196452909,2.01809811322381,7.450308985810276,10.370448793765373,7.784425593724473,12.809821161223464,11.43141937505552,4.5901338682827255,6.221480880518672,1.8341528812452326,3.260080902160552,4.753526071855131,11.351568447569807,10.256545334279116,10.779419774766898,4.596519281982932,3.8187519919939135,12.169213116835715,10.604394612201443,10.920399488357825,3.982665416620484,12.061565451052239,10.397840522119077,12.406931631895382,3.8484900176162324,2.7199215858019867,17.506554504838107,6.056536466779939,8.323222551163076,3.3749613289592615,12.528870583425988,4.060247066887885,11.526243460350141,10.38910492794367,5.822243258563945,10.956516754774531,10.805236386547634,3.997653155410288,12.892189163885986,3.4667168441865677,10.154404378581772,3.299297194913858,12.363071164119097,5.358880626864097,10.565861902063368,10.481829807133453,10.562726547722207,3.5786988329351113,3.5287919304158035,13.43207893867233,4.72193445123414,3.6987610223308027,11.526876736974302,10.453211214331036,5.245942093076023,13.123118318847789,13.416895601346953,3.434232931346993,11.439289819773013,4.028544347966225,5.646910031151723,11.44877603229285,9.962399512722794,4.760925725796283,3.6762330956576608,10.928565062399903,13.242940851703349,10.405497282891647,10.33357292508125,4.792128799835894,10.397818186888568,10.453812336139745,3.440552835337941,4.6889659634107765,11.43814819061786,3.011455608214114,4.811518373731949,11.452512083303366,11.537217633640346,10.43782816832043,5.402907826590298,2.7888738507316746,10.533150838450908,10.507746060780402,3.2836638687051614
3.0000000985486217,7.059294833128212,10.999672752082004,7.894970895165929,12.823963358479165,11.91215329035771,4.513427682802091,6.370903524427107,2.0003803528678397,3.307518480871167,4.650214701799153,10.523436192753994,10.300532377343442,11.109628500213189,4.086455279065349,2.81752961274978,12.365550254096746,11.47787925710965,10.422642888493305,2.805757855795479,12.171291641179526,10.414116617155573,12.414084919373634,3.754802456772266,3.8571644477827602,17.238488553720146,5.523786413236088,8.122890848932046,3.4375915621445627,12.709672981725046,4.195605963257563,11.645387977906715,10.521705850479245,5.905085630164755,10.981624020928592,11.043206973740604,3.310298303552379,12.693629070822851,3.2686410129738186,10.233043041585729,2.198042267118604,12.596829863613797,5.162977303059474,11.48763806883249,10.812443640194733,10.450203755490797,3.7870550953402407,3.7881162152313905,13.471013270272818,4.777451312360557,4.518367212930513,10.67041993661562,10.242661716053512,4.807805692270209,13.450668805907098,15.840627540038064,3.118309543257671,11.359110432106464,4.619835575963396,5.417110248636231,11.51340351249587,9.952599633026068,4.485886645573418,3.509665678820702,10.754573836643337,14.251217225012155,10.416501770795396,10.190609273803336,4.702760078370993,10.466474955621042,10.437014866961237,3.6896695562704767,4.6449943220522485,11.433694394688247,2.9037760317293193,4.093662935778036,11.511579758246109,11.508116869882837,10.217332993563277,5.733264396336724,2.796679887691846,10.457100464609855,10.318791821739877,3.138443110286736,7.684337063004124,10.420905296427184,7.878076996921711,13.026889701741208,11.740704771180782,4.567333510435987,6.339057939668253,2.04302885221339,3.748925109099514,3.978089163064759,11.329918748258233,10.266324523446002,10.100506389228046,4.638568675731801,2.8723021694186532,11.88308005831758,11.409249938894769,10.676334419289406,3.6972050389323363,12.236184822346619,10.410889366361475,12.500000038934239,3.8219569943550615,3.294163079015554,17.19597962267185,5.859886367944047,8.109821609994762,4.458231645382735,12.511170151509907,3.7921314443538914,11.46665336704485,10.433723376552331,5.942640515448441,11.329350783604188,9.915911867719688,3.8018060996101983,11.923454806219608,3.1893232901629616,10.265868634972277,3.12109359124581,12.44121120693093,5.507057935803133,10.637156800404473,10.50507307426508,10.299451552400177,3.785147848080915,2.8755680426517034,13.447865105008242,4.6714989029322345,4.484159602767232,10.800319498937336,10.380348476765034,4.068720187918001,12.077412523769834,14.360163409114572,3.3088802704697207,11.387627379817735,4.263185295731392,5.184437122890982,11.416017892456338,9.797070737378506,5.107073277835048,3.514213050775325,10.932858220156502,13.326018070046704,10.40099402127421,10.618290350595364,4.566647363896266,10.395591640408684,10.4572362319539,4.5601339973572905,4.751564353652741,11.437599981995495,2.9496101540252515,4.726431781865829,11.540562365146124,11.378481387529225,10.075422288800633,4.17610077472559,3.01005033871984,11.825100402246234,10.483189954123901,3.3127991087658035
4.000000131398163,7.031506008295612,11.222678075809714,7.799697995815114,13.310225835651105,11.591693404143108,4.452633905857091,6.309892292799306,2.3376387587519227,3.356749908366552,4.176906295991527,10.510743048654197,10.265071810023098,11.218142335417895,3.9655056348707225,2.9903182879354024,12.789151722310097,11.415199438800217,9.580924884446706,2.913974274720612,11.890250037814555,10.401952663268624,12.340976664970094,3.784625444981823,4.009984235552864,17.574877253329703,5.969987226554247,8.133119611919005,3.4854530778158037,12.893114072127972,4.240790111791515,11.587456690471326,10.073661258660627,5.836228022187269,11.420537674866942,10.839083227050503,3.8244325056436512,12.180291112856928,3.361906847513076,10.105425812899647,2.0321262979414745,12.550320413003812,5.1322248924246034,11.472057601015278,10.492031364370504,10.4290981420414,3.8365641851678043,3.6784419999146882,13.485956994991032,4.706013319997955,3.6616654738220658,11.526582670795868,10.401037087224985,5.094964028605733,11.908485752017832,16.05655914012591,3.0674771135872305,11.410826062027066,4.749120821100979,4.452699956732118,11.383105703956954,10.032263790235517,4.694363726876662,3.38643389278307,10.576945733597123,13.446109657857434,10.389872133471174,10.277858210337094,4.568233731085696,10.520974693421529,10.455769855887876,2.973827878661593,4.722402488503556,11.415131414857939,2.9634885597605973,3.8592352492321176,11.599283292314901,11.43047816833398,10.038466874873558,5.275665367924324,2.9958148200938393,10.444833013796789,10.433312926653718,3.122847489373803,7.577560603932762,10.344004954342648,8.148982385287146,12.793891149959753,11.551546098547295,4.642349644289295,6.155828370969513,1.9787789119005237,2.7697505881723052,4.775508634469462,11.25946839376332,10.277069716710642,11.438001555736903,4.625708925652501,3.529879208032642,12.32623215255782,10.498893012740904,10.92197171768718,3.614799976446057,12.177661470495968,10.368900001871939,12.602352350972755,3.7383586097634045,2.4821101518991124,17.163250509911315,5.802550304271129,7.742273283324662,3.354220076549555,12.539083564269541,3.99368284755599,11.579172246581278,10.388213060883368,5.909674771572587,10.860197878931382,10.90682029794639,4.830856492196638,12.533837113943042,3.534764764872476,10.151145519868628,3.241821126523412,12.424228230054297,5.19046304815957,10.552228738686088,10.572274073389467,10.387765930691517,3.80987726116994,3.6719918625845125,13.383130450214917,4.640214851940002,3.603601181933917,11.680782872537039,10.27835739672803,4.399537882527103,13.663904296807194,14.863438115027614,3.2346705461483802,11.419730396795899,4.638359045885684,5.701034886583976,11.737761583969673,9.93896488238705,4.7592649939573795,4.547369167048627,10.746931845977326,13.215436765371562,10.383225081703948,10.349737002201355,4.6959227614297525,10.457428507131983,10.442032810013192,4.547476223373389,4.732673605117705,11.438910654250371,2.9315702495621228,4.833110344470626,10.562584986316919,11.548004412661166,10.078688749918625,4.852689325027557,2.756914866405287,10.804647908702416,10.454646772731465,3.291946268850727
5.000000164247703,7.202740752362012,11.396506755345364,7.684664539179277,12.878302792609366,11.482019077303166,5.009760564955071,6.342467037044419,2.1301612410840587,3.0676914491543723,3.7439077668311445,10.444032926033373,10.375398425273898,10.767345214040622,4.595025607612483,3.9705859845257354,12.098689929253693,10.378079347249983,10.125645413880186,2.7342283936288063,12.154660410337648,10.35621448353215,12.375600267565982,3.6488799600989608,3.0111575141754203,17.295642809685102,5.812238722221069,7.831142260798183,3.5000829661124464,12.594204237460778,4.055772460108446,11.404765685538107,10.102240260938666,5.955587291262979,12.03578638352878,10.940781763815538,1.736031419985863,12.570545058157602,3.711116311358029,10.148407965964484,2.2143893652059807,12.556126803279547,6.539579990901043,10.925667285548492,10.656977602905354,10.449922063035938,3.8936061076445214,3.9462763389284756,12.908010764093346,4.75758655775631,3.64759883238651,11.527115410118181,10.335243259038323,4.825722180926327,13.67329313412058,15.681771231880996,3.061176939282322,11.417102957579283,4.762539101917334,4.969259945069611,11.745925729112633,9.933660541796911,4.73240336227882,3.666384420952985,10.279592471847948,12.997135448163364,10.261847773414326,10.53350320600742,4.5472365905887875,10.476300452122404,10.436304393723477,3.622511638571938,4.711748920908935,11.434061702080747,2.9129319343557794,4.217737476641823,11.465926804631858,11.509756104319573,10.515779923868715,5.097799235589443,2.654172517405147,10.428926610001993,10.398884696531747,3.196303285028116,7.682330459629547,10.349542288996785,8.055347015405665,12.555557559256494,11.560422243051317,4.230887878495818,6.326666167363267,2.8031236654406326,3.5376261692323347,3.867106484075958,11.311246642822857,9.956926538251409,10.57858377655465,4.641509807091775,3.9090071330329104,11.730398208079162,10.270821958315148,10.91805008954558,3.9650429307388393,12.122081169571631,10.323532769998716,12.48769471865516,3.607159055773125,2.7274161484416455,16.790649072644815,5.597823352976917,7.79212974144824,3.6282905152968845,12.609359728840886,3.7997227141740146,10.370451641166323,10.210760795413186,5.997057071816224,11.52811043563887,10.795794145931248,5.39062260766473,12.264411018028222,3.4225498711359097,10.253862595398783,3.101888283470615,12.374565915081947,3.675115940546527,10.57451263418723,10.629166209580776,10.469240304235383,3.7608034050691876,3.439369303737706,13.167686210448421,3.9557126704596417,4.628866543884079,10.79553971630873,10.18751810335464,4.849959515407229,13.687316856569058,13.682444677486563,3.036108834156728,11.45223813368941,4.629974956056887,6.278680636255093,11.155669995918736,9.770010646649938,4.7775092205661505,4.435895392557988,10.698697010516552,13.402142283531127,10.242930189887845,10.662527691837326,4.330892121729605,10.437000409120863,10.45739695725261,3.930778824320367,4.6666967249459805,11.442700140071251,2.9350707384871373,4.654486162697808,10.64464708533964,11.543296506109439,9.863575250601999,5.1169102526066235,2.866912119082885,11.653001201070387,10.451906679104132,3.3499800642783804
6.000000197097243,6.90251925393858,11.29258019072603,7.9034126779940035,12.761817348668865,11.556091923785552,4.290606668489788,6.369762688567314,2.1658237502720477,3.0283352050318015,3.9351823718809946,10.46396300651304,10.38043210675511,10.968215287790514,4.592827718741727,3.7204407817876537,11.981915190327575,10.57063906311288,10.784278886833908,2.755097763455878,11.870559815923551,10.419196797732694,12.342005439978772,3.8407263301245234,2.9151201259910238,17.397431305997184,5.848153470810371,7.886087421211261,3.454703528616647,12.588559461537091,4.7595178925514645,10.599515302620361,10.19935777453412,5.771396754699656,11.56229492848213,10.850412829689308,3.8975283679472694,12.208141663502147,4.255185525083435,10.227834774727341,2.2016713581542215,12.568205703593307,5.02474812556742,10.77304147478527,10.53280227916476,10.25054414414658,3.8177466343933584,3.934293625902767,12.565014196501359,4.8500096265212935,3.5938486514202235,11.554438725037999,10.485553495100762,4.692192233173628,13.421170621703201,15.194038453296587,3.0413363797104296,11.433768131488009,4.527808487100105,5.226162065777965,11.457900212672218,9.964795345783909,5.020015691486785,3.597463314727197,9.922724748634012,13.700347268952498,10.578590898650923,10.535575139048056,4.48744519820513,10.427668134805188,10.446999817752785,3.5353459581712077,4.653491060835446,11.41925837108566,2.823221511261134,4.305871242243045,11.526355098298454,11.484298010206444,10.44445415137948,5.380226220907615,2.92025734583935,10.383340646857985,10.46177550286756,3.039635701462298,7.866235470909048,10.360728651134812,7.998116090842358,12.804643098999833,11.890718800804969,4.719486957143789,6.33211987780139,1.92203616317932,3.367292964108614,3.465514454284129,11.282706776703337,10.162393762339924,10.041622472427978,4.608597914460166,3.824671211369996,11.133802220389025,10.404472203880998,11.771105732325237,3.3123217521503228,12.103769254467174,10.429038634974903,12.438638362346618,3.2275361317404467,2.766469859148176,17.639322085101064,5.725513816320388,8.454839916010972,3.492982807403843,12.670372696493208,4.605484575201276,10.479691958578043,10.411449545430541,5.7787105766917755,11.939348740075491,10.795097773478687,5.765947282970983,12.003566382975931,4.50564790347951,10.174456052195907,3.2683756818901304,12.386998972681305,3.7838290822009912,10.607538632006772,10.844473076068281,10.507182438708067,3.684689975207647,3.558229303482801,11.960044527114084,4.825486838831215,3.6866211730853276,11.348921915876877,10.393519410259092,5.0217377937392085,13.562313072163592,14.920478227631236,4.157879815490956,10.750191037066282,3.9965897904909773,5.664020834158741,11.50483586505919,9.815219206549349,4.876990330160199,4.510545679581142,10.32575731730546,13.827546823634883,10.361370639548236,10.51137624386387,4.642007613234738,10.434352734594507,10.451211518403623,4.091170337509629,4.670247182756898,11.433628121585654,2.8297585452545433,4.985157887804185,10.685244759261908,11.476153343665027,10.934903623651284,5.236041614092764,2.9392454735133207,10.826584191976051,10.477940351212844,3.146104603340994
7.000000229946784,7.2040094422298635,10.506285046555936,7.929050565670128,12.940943653050326,11.75069797806923,4.56893446020473,6.315908966691035,1.8740438043118794,3.0071272475173725,3.4496567365458355,10.471111577447463,10.35213048996448,11.381690110380099,4.672432360215409,3.8492035808334784,12.667971696134412,10.553202456237155,10.455267331952577,3.302099110015764,11.907901007391015,10.404881680889918,12.369125149316115,3.9025420176016685,2.614499854319635,17.832508104344388,5.615389654211427,8.265806124604778,3.3867805749016067,12.456171189246636,3.9666270581401584,11.42860665384233,10.445426723192732,5.9105404444063865,11.902728271405463,10.871626515147401,4.433957310990994,11.889718874993026,4.003361634686721,10.248045452536983,2.142562128712565,12.582837929975078,5.110905204356189,10.576206061846,10.410419629277937,10.44307179127781,3.9033925652132306,3.9458557656673925,12.287388523859672,4.694846663598745,3.685162412979755,11.583766991131448,10.310573704092743,4.91748228936069,13.406079414856531,15.88746736691632,3.070356437722423,11.395642376261785,4.647840672967423,5.527915805981029,11.467755654855107,9.946166704098516,4.694736565003406,3.617201235521236,10.602622944471273,13.305029031938334,10.22422949979363,10.356482843892381,4.830196020902588,10.407882161082288,10.358337073572923,3.419230381886795,4.81011548341704,11.425897829639625,2.847015383235277,4.4686418963674015,11.472756163589896,11.475278421693885,10.356545842588371,5.207938804414501,2.866537881360854,10.52038297256803,10.523264815010277,3.0978504820682695,7.672719905432819,10.446816719918985,7.928595455336079,12.843917520373383,11.674441725594987,4.629024379509778,5.736139640138794,2.4708341276924566,3.0572858993344747,3.862837775459241,11.24283526364137,10.090406043729876,10.837160868710495,4.619765990655577,2.839366574254445,12.863692839542555,11.450778208618912,10.080059451564441,3.5598995235169193,11.439759149222436,10.426357953118366,12.172429462532186,2.766356594508974,3.3880620665531196,17.05560887568158,5.843046064684731,7.842131895604728,3.525186430176535,12.700774212354956,4.835046452499929,10.883544311856198,10.201172908578311,5.9691878613374625,10.760812573265852,11.074941928029201,5.344523550583354,12.302284439084476,3.0934515639614446,10.18369147850061,3.399593732466121,12.386064496833717,3.9213283135258905,10.571751528954259,10.623771268467406,10.533060654496829,3.7089885393086566,3.5714014421768003,13.526028459937402,4.709524915855421,4.413574598839586,10.77462259644425,10.421504460498609,4.590739072748215,13.274158004810841,13.742866994126693,4.1236175617909385,10.570526693613308,3.875315575457628,5.729536726202351,11.573829058620527,9.844757471377726,4.83757052653329,4.491873395185167,10.320623893034409,13.11114653766037,10.249138200593187,10.629443447359069,4.547183085570981,10.439834851919043,10.445898672675753,4.533387066982194,4.840395253201678,11.428749566142077,2.880539799898273,4.673907186329506,10.66568473263739,10.60181136565222,11.255254823427425,3.761435979839519,3.6765691729489545,11.713776383758416,10.484342462392263,3.2083816916803194
8.000000262796325,7.0253693528003485,10.737995379131002,7.9338504647164685,13.343791550049211,11.768341415696105,4.200838057731139,6.340804687592706,2.5850846131693777,2.8053554730155454,4.1290791031324545,10.421469735170332,10.292502885901744,10.820643692962658,4.618321298214962,3.7905801059913236,12.271408219723655,10.440574831213267,9.629152205216213,3.247127040974122,11.864681214914711,10.406387223961227,12.34199149600245,3.9163142115652887,3.406760762395942,17.380074510018876,5.719012202656054,8.032168649705177,3.47923437954604,12.444584459352903,4.134712183108062,11.642413317777622,11.276247129040867,5.87551918231473,9.65340626706346,10.785103726130835,4.2725921887354215,12.248872177213059,3.530948447965253,10.227111256539898,2.467128216654118,12.56427118115545,4.976695700374514,10.527626658811439,10.43929449798061,10.413951174454125,3.8163490582087283,3.919123532781393,13.169311788887997,4.681602092043669,3.5951527120832396,11.627884658362486,10.325935328615177,4.5370089101467395,13.804434333086888,15.749803434080981,2.9913120521352567,11.468938655161033,4.672008843720431,4.457911285454709,11.534081214633739,10.982088401073758,4.722419615476083,3.5710855588142416,10.40715953867773,12.47767507695003,10.660102248164762,10.550694286171495,4.314212709178529,10.531139400735004,10.445605145706763,3.3901887139820013,4.855249681148472,11.46439380009824,2.764362608204102,4.910631278464065,11.512605914359241,11.514712695302242,9.942885970781552,4.948276146925988,2.8546667603596663,10.462867861577312,10.413018037096435,2.1806032048174036,7.463027955577775,10.50961449751862,7.828314939159972,13.006265676096632,11.628077998785367,4.517378611668275,5.833870555964236,2.2617182792869137,3.4114307567198736,3.5704526467564226,11.27966429798595,10.18453028872254,10.786908885640129,4.578824953146205,2.836304677266477,12.053545029674515,11.426885956204574,10.353226649018069,3.6366869485116626,12.552155767690946,10.413683337001485,12.289105296153252,2.684232031274961,3.369410917165675,17.112670776352033,5.745924619101241,7.718775975900201,4.259937668714817,12.750043315708417,3.8344711047321076,11.532606819038495,10.443997054946447,6.0570395820281595,11.027835447216201,9.748925605178208,4.991891849589769,12.473450644510127,3.3415724083441223,10.280857035357135,3.638736996026295,12.616363259783247,3.5401507555806995,10.62049445198102,10.396636849460364,10.491302368835553,3.5434045506316827,3.4372431184516543,13.187033780212916,4.6989313079932815,3.589593490676784,11.551971457036217,10.527094027250236,4.342356079249127,13.244224574324338,14.498669928582935,4.113512421479882,10.609743352667504,4.576425918083413,5.108449018430382,11.598865197481246,10.031281551791379,4.846261314299692,3.5633144328572897,10.376436284331414,13.229115781469652,10.323809785419995,10.60503666881861,4.631307371838127,10.449878823019038,10.427048063171178,3.513432492034041,4.689250135628984,11.467918664130405,2.7970979429633283,4.588752908929103,11.523964370805542,10.436178286928959,11.304974399422145,4.265804549002519,3.923872060728023,11.783652442530867,10.486999047309062,3.176980338748553
9.000000295645865,7.038031903847568,11.3787194148104,7.906768919470294,13.396497226489021,11.57667026902301,4.234537502509885,6.346435782616065,2.948000943437451,2.9930114590623114,4.027086479604401,10.465583366399338,10.254783971533938,11.520018986944688,4.658415917044182,3.147615595514679,12.882740875525556,11.211680595852533,9.337839084748202,2.7171873137641454,11.944919700385999,10.419217298622483,12.331405090180743,3.9345523495561854,3.1551942484086326,17.74565087620642,5.834816306804815,8.16871512978687,3.63195557081361,12.747670339572569,4.079723085930436,11.444405782707804,11.380937685324959,5.984470206548116,12.322447874813154,10.668799987953049,3.5337567651237562,12.463301441460375,3.5239556343566765,10.139863446530613,3.490360504441155,12.700254479376177,5.329990389207625,10.536511966346895,10.472836542426178,10.42101404750471,3.926220395464924,3.9359235780401067,13.093180448398046,4.724370871877056,3.6470689613195764,11.479397433341276,10.374756969420845,5.590344106962604,13.543756044655918,15.694490254732383,3.022789355390837,11.432941586727607,4.568419889346707,3.6243003278050776,11.695974184411352,9.82185298239562,5.014464539944447,3.621592268305919,10.407722468124621,13.871293467129833,10.446024376428579,10.392817624997509,4.6450946572619305,10.403802339319768,10.455904261165802,3.1804153334501675,4.728279999593906,11.421209143440814,2.8660608058541364,4.614152478738176,11.51086633270741,11.479365379597704,10.132643327505551,5.245282115499577,2.828349961905463,10.563986621506082,10.466948812956185,2.230230845568305,7.490251048346294,10.302519440446275,8.111437673982396,13.050378944302981,11.461703115527193,4.628851787262088,5.842507823165921,2.781697499359666,4.041433384551976,4.401236581130686,10.54466977458377,10.439599120425182,10.403645388870295,4.605783276602423,2.8312561171159945,12.594020815308555,11.423122867421089,10.529038569956326,3.5917928268169317,12.524776509693112,10.327145827838052,11.700314674976168,3.956607473616892,2.862172078256981,17.20062405568804,5.6255553120900785,7.911980410262027,3.672001509548516,12.639992697844793,5.139062325017068,10.44438400587498,10.51192012030886,6.021825966747617,12.435521690980805,10.78352979164285,5.703475801303722,11.94149228359861,3.622937173550989,10.19056703706344,3.5108156163711093,12.505140081398247,3.3627600537663933,10.5753174809445,10.665536915536675,10.514564384298334,3.66832732047504,3.4303249365618593,13.316748082919506,4.601117554084149,3.5245983586305845,11.637173426700715,10.516544617113187,4.558730062444677,13.783927902648355,14.417239321191543,3.1531640211483745,11.295069216941396,4.203291643837114,4.825528165070871,11.358813414772168,9.835255967760494,4.877374836107045,3.4738321489329573,10.912152683532044,14.9903657075479,10.339882323648245,10.589586438790223,4.588239525111859,10.477589067251953,10.45793282480278,4.4216668165534845,4.6513275145303705,11.41043491224405,2.806888263989909,4.560221376592707,11.49995619593747,11.123223687474423,10.504846958654849,4.425597002186007,3.2174210631095925,11.005746458266959,10.484133794160693,3.153953019918856
10.000000328495407,7.005479092537304,11.380901874011759,7.858001867474727,12.833812409033882,11.425945607757392,4.076038739916832,6.25951139109503,2.7953739943095375,3.75154743245604,2.9732384541919052,10.265925311717162,10.3839578257897,11.191175386493235,4.617167156923685,2.8232635033977607,12.311126241900439,11.490701684275368,10.889397148692051,2.6482878081234102,12.230092892821958,10.403035586828727,12.414574645971813,3.7272052134557794,2.7285973415844844,17.37423446462512,5.609535677103692,7.903928259911816,4.273647396350002,12.266120898996505,4.098561333406336,11.554974983531007,11.041240218666143,5.948861644796477,11.777718606912087,10.199516655405503,3.5843753126022557,12.438681040274037,3.7054226978240528,10.189803816211308,2.996566555897864,12.64453286348113,4.816518477308024,10.468924053594565,10.863482010066123,10.24700180823391,3.7690768486886714,3.9406530799505544,12.47842248221822,4.75032218755507,3.715446537217719,11.544537579118296,10.322424995156164,4.424755156954758,13.175021645424115,15.28164698388091,3.04659581134833,11.408159953868452,4.57274263084956,5.2510288366304865,11.511094163317232,10.064855086287695,4.73820235038597,3.556165690430099,9.768867573778904,13.074906227149505,10.403423411904754,10.47782209304308,4.58457773645915,10.40720032281469,10.455303146142763,3.5249188976003283,4.686004235662632,10.627294167856872,3.7449723946705964,4.662555327324667,11.52166358713751,11.490828661202523,10.48362360669493,5.147560507066626,2.89678875597106,10.47294006206924,10.560132681881303,2.284390822748086,7.677700251725018,10.342308535355473,7.91227540619142,12.812693090550862,11.45998087256178,3.8336534247099063,5.539735319610427,2.4602963519059644,2.999112557478901,4.534565282378767,10.491043084501626,10.330922592963802,10.671780302267408,4.639728841582244,3.8287522209462206,12.23896463704864,10.42816592982719,10.663235988102233,3.7600056190804736,11.303245447212943,10.320376706132947,12.166472093255493,2.9148634538626985,2.4538849700606917,13.133317549770151,5.754635212317435,11.920864510785039,3.485420946944805,12.593879883623753,4.078343191090831,11.54204177116797,10.56868954738594,6.06055392134664,11.158616725064894,10.929099425584605,7.123220163855748,11.327199786982181,3.64017892977354,10.241657001545589,3.353403398337035,12.498315599960659,3.498426835023526,10.565676173364324,10.92366475414912,10.507123255244583,3.7552770755826232,3.7050408381595776,12.921737303239198,4.69577299135521,4.354056826935245,10.811040107658064,10.444278304062856,4.919471864452772,13.207360678747499,15.057936135331648,2.9674218027699535,11.430343608677811,4.211120801006886,6.3518527721891545,11.45776533455934,9.9021157570641,4.762667138102527,3.572167440236455,10.789424491392829,14.247008642227946,10.389404813929449,11.410381224682627,3.5762337115703837,10.472179782194038,10.446795461357892,3.9470061066181237,4.616784403168636,11.43655401272142,2.8726849354404678,4.564220283207306,11.517426811285244,11.377099739958751,11.067876889992425,3.680321167099692,2.8951810572507504,11.681203081749135,10.460890709559624,3.1361679337317034
11.000000361344947,7.304052920245319,10.514245581885392,8.004850957515098,13.22530126603402,11.558994405685755,4.360025042763226,6.30635146130706,2.97156005333567,3.9612374632622114,4.2837357935163265,10.182872401180356,10.361182905007173,11.293349010238252,4.668737454443292,3.846061691341692,11.916306533174433,10.538037367139177,9.947998832172637,3.416903511587055,11.872163887353484,10.374749985959417,12.326448412068594,4.151476251528903,2.7144872240242686,17.70892993106741,6.015167148237461,7.954802738587905,3.5199087851007893,12.695881779534245,4.219806744436362,11.417970417605556,10.784099487952286,5.96043639513689,11.037463800626746,10.80970317117016,3.9104856309004843,12.279332499228582,3.4230433957457307,10.161046658354236,2.7896614022173916,13.412188239736894,5.459950431346895,10.832495916995201,10.788472678206356,10.392791681448518,3.82478302677561,3.92806217049944,13.409606481938694,4.687692507967746,3.5567314241948536,11.67297022576174,10.368317132956594,4.625710403804017,13.345888833457254,16.000663378246657,3.234593298461423,11.371155295079651,4.563271308999899,4.615837541925485,11.609029733786748,9.937566805517601,4.864394072018327,3.5812962960822086,11.037381504690693,13.18022849430903,10.28611966542557,10.161257157271258,4.669760905009055,10.471329053249326,10.465730670174418,3.520245414952327,4.677208203301234,10.429763399525248,3.6453916084692946,4.455085866659743,11.46126412556666,11.421383415526792,10.332622754663541,5.520510690188975,3.1096825139834197,10.433879321424598,10.48261989411349,2.8367732712445872,7.561138123448105,10.415863583859808,7.955779252810984,12.778828511058954,11.567909026176652,4.5729563926784635,5.374557028775397,1.9203027875251921,2.837009296061538,5.205704200151873,10.530436432688353,10.131967050134481,10.843209992526901,4.5817748020535864,3.913925015873215,12.11920662077723,10.252003718919006,11.334744014521482,3.6625399885242738,12.620532476886334,10.413923269509246,11.96959677315478,3.928101036550402,3.4121488257966472,17.366951682609205,5.21818992511252,7.948706133957353,3.4407177804019433,12.631002582984038,4.044686415016947,11.554581024693976,10.579856716049425,6.009935230781362,10.846283241888564,10.946753501951893,4.896905880657491,13.01916195654941,3.697769963999631,10.259671711381284,3.5131326046155897,12.50016685066608,3.768178137552318,10.455078022646818,11.024820742314521,10.456386705709933,3.8401595943784845,3.5681347369451544,12.68327378564192,4.700533549852331,3.6835725722725754,11.500079204495034,10.486963917066507,3.567121726832839,13.780849119416796,13.838665991352851,4.158608047664145,10.623413665597495,4.664061230553253,6.053196607023101,11.637450647122947,9.593613655216624,5.085742546251936,3.4550031302768494,9.920325841345868,13.557217448912741,10.348524697512731,10.465472204193073,4.594345466975823,10.434024955602409,10.46507098880964,4.403269870763507,4.668234560243818,11.394027993821398,2.996413427731761,4.786266758714954,11.534340728943615,11.408381210752538,10.498266790222532,5.04074557036034,2.3905482692154982,10.893369928027159,10.439095863417064,3.0333016781524043
12.000000394194487,7.272827944889638,10.492234750150237,7.613391890524968,13.01402338782111,11.805410175694266,5.395018557850652,6.255450304314458,3.5566471130243444,2.838848213804625,3.9752439386768916,10.08142542714651,10.326227321997195,11.500186129467842,4.648300162968627,3.841812888723781,12.266132667657036,10.449003351943366,10.398994034030842,3.3900546476323146,11.890703462032503,10.402549793456195,12.306661073445762,4.116781335539093,2.5193668652855186,17.06697024551238,5.855881813859972,7.8185708225175015,3.453311767070529,12.63792112433459,3.9262481162360885,11.792663746576492,10.455128357343227,5.807692144944936,11.008425798905309,10.882882141717786,3.449367209126427,12.470368777429265,3.991718710081274,10.296179169638295,2.295596165195857,13.40085792319312,4.977671627376493,11.603701884556417,10.875454075914684,10.29803449070904,3.7663250720335513,3.4274022239776163,12.591715048895912,4.819448378912498,3.74484202065585,11.455655467335898,10.076149532586616,4.762301224754501,13.420638676567773,16.637348451407494,3.2249497461783454,11.360091923293373,4.553181769575922,3.7352719058990194,11.630733178080378,9.86026575289093,4.796191262017965,3.565768122084,10.012540428159163,13.599992637860582,10.402372479223875,10.447355074289439,4.564416908203494,10.499480807487624,10.456488473238874,3.2683635447125963,4.661098990744096,10.41834426426613,2.8489203957851164,4.449293195124751,11.53124222836367,11.448621277961342,10.241990466687765,5.437572091664944,2.9098774489164416,10.58036682449374,10.483957332716727,3.2057428888204194,7.689564637191765,10.356315315738653,7.881417950487837,12.91462803691767,11.450426191113037,4.408655412541801,5.637273989701737,2.4052135498884732,3.5786395918774483,4.5569350627226015,10.475579535847418,10.151134949863822,10.829094376362693,4.595053614224913,3.9944033497307734,12.10631072551959,10.371937022189572,10.187814701185657,3.617229638709886,12.481651856447773,10.384885715588767,11.953600296178367,3.917899905080804,2.722793867536054,16.969690487189204,5.682766914709721,7.813109557615189,3.5475526343371206,12.34115329696894,3.8779108250175987,11.447349279534388,10.394205738577003,5.880309866707801,10.978924037042315,10.850709742215946,7.3529167631577925,11.191430903929742,3.289730206259414,10.15949386750017,2.4752004596349444,13.344493157987827,3.5035707238607205,10.501875733712978,10.479182047051516,10.532363070318887,3.386986284954014,3.480639402542433,13.081007309609927,3.7943747892064046,3.9724127944031147,11.377480891553615,10.096709501664575,4.313459146692134,13.908473838144511,13.729011662915344,3.9934088055355765,10.541884994114643,4.56978137091952,5.680266443546193,10.902412686737097,9.218832755098816,4.803790355609513,3.5383027129843896,10.586245448817218,13.399503293664942,10.376606588948798,11.417401794742274,3.5554927171667403,10.378610278848777,10.45265666220109,5.135522827797531,4.721377453233333,11.416186643984426,2.7913736473698965,4.703198733791216,11.60264616841318,11.340592221916031,10.46775794778044,5.208269286813476,1.7173418333726969,11.624654271725273,10.419880107994949,3.1527583121250835
13.000000427044029,7.37326550231346,10.559708797627472,7.811966388847925,12.919909744790704,11.564160679270932,4.197452678409854,6.332618598900869,2.815774227607536,3.320182123377455,3.1478178291308523,10.222951701017978,10.310084263664052,11.081067177317124,4.669714649660787,3.74074642511677,12.141410320333039,10.512994792187534,10.127710975412722,3.452145680114405,12.054630009340046,10.386582506092548,12.40908211409893,3.903816239604029,2.6976565823482104,17.388732314947635,5.934435919117929,7.972713086865808,4.4694068516215,12.595876391713897,4.033043112047209,11.57313595597992,10.441995862477812,5.813937760874835,11.537368303351949,10.001395411577734,3.9668159800701117,12.329748376916195,3.1980536491931897,10.138096154571418,3.104014676325697,12.588657049006775,5.08188841470611,11.536338381418664,10.701315754227712,10.444017746187303,3.8397340032789034,3.206364702617985,13.539441542275375,4.7899485137098,3.73831116561055,11.402029295183326,10.156882206598098,4.48463858141491,13.426470937120094,15.142877671848916,4.268070869439697,10.628390828779358,4.245049935317348,5.283828017040264,11.485738431308766,10.096708910866164,4.6289301399299365,3.5791216452717425,10.425673663862819,14.489908164528753,10.326834716698212,11.485903214803898,3.587353792081828,10.514394529716276,10.457601810700542,4.3705706311612404,4.639368452205827,10.446430330470081,2.9768625674436526,4.8863586209931755,11.551512197434306,11.497044075753404,10.465305807772252,5.158300083864304,2.9831412467571647,10.361202752175492,10.477696362003057,3.135849570126426,7.56401999075557,10.57774501868504,7.858714998723164,13.03407591062208,11.386251585464409,4.54351136929184,5.537148756261944,2.015810108679275,3.3317126048631973,4.2976779021731595,10.544362959504806,10.369190964615651,10.293679888950685,4.635953792788317,3.9144124368033006,12.399809813666302,10.46724526902074,9.888420307831678,4.121160764082731,12.621440211599776,10.308976038730194,12.249320126278054,3.978337486900396,2.940522883316688,13.07720736785584,5.532915578213231,11.524579829687063,3.501750918916471,12.44219208802145,3.8470215815990603,11.56706487242909,10.497450193422988,5.989780973693671,11.361390689848452,10.86114655519997,5.946555550851588,11.92537590811173,3.203456864364099,10.202066683281988,2.5120483657137815,13.374782100405028,3.5387820008801634,10.619539788104717,10.657154097156635,10.490382413846453,3.6382599442908403,3.975470860307997,13.376310007631613,4.640332854735255,3.8082403725395673,11.457869943722136,10.583043896731933,3.791588905195913,12.982867745010866,14.588578272216239,4.110701578294895,10.513282215639778,4.629901991940242,5.525134238384376,11.57017188649143,9.974525942286425,4.875926938148307,3.711482313054695,10.452318052822832,13.235004534921664,10.264955399721181,11.385560362028567,3.5814156539403648,10.44724876063362,10.473362995458018,4.708723203893475,4.687292315648285,10.490339227204899,3.9576486482783393,4.618543465877667,11.400010051908712,11.504097692995849,10.3837996504997,5.1527304194576855,2.5611996572196096,10.579337415161215,10.481450448421652,3.190391336068706
14.000000459893569,7.286631940937828,11.065439196942588,7.768332679975802,12.875570974197968,11.751482327026583,4.412272440795294,6.309691035968248,2.6257559987322594,3.508363032908306,3.391614906309848,10.244724168365119,10.383092155203366,11.326717195770446,4.662338346214216,3.065149954361288,12.125946026862112,11.330614102643388,10.164350893320531,2.6102747880403427,11.907654631939378,10.400817293883941,12.307603053270242,4.1609722348251825,2.6022882579397497,16.966359671556265,5.8730535121003,7.731557340664953,3.4714255584837383,12.909977726541296,4.180129190413771,11.821089411981758,10.396126813224374,5.856054706048074,11.383408061198075,10.987478687263133,3.899342907118548,12.424134140010462,3.484356074080579,10.117119666951208,2.602953057730055,13.373899171002138,4.91267606862245,11.510915841744959,11.051425262531431,10.34793924405525,3.8967645037264633,2.8982452836608976,13.351158192151292,4.761251961484517,3.649069648746782,11.589551799646802,10.31447034319187,5.128270462678132,12.357274076572455,16.3444331979227,3.057689281866388,11.396499820928188,3.798007039691072,4.604371221132385,11.454409744378326,9.98271657550297,4.7255820586585005,3.5888093336148064,9.940157385781902,13.302936956107654,10.2519332462972,11.414728850657816,3.5745778676298765,10.46838981666037,10.441784321026251,3.2312343428283015,3.9428988044369406,10.438093618469688,2.965670480454084,4.657382426105567,11.679663737135366,11.527408453633214,10.145565178156293,4.923715186752605,2.91415291747187,10.461819645618803,10.477952085596725,3.238588572297176,7.5977508198677555,10.286864473019717,8.051236526903704,12.851203739054236,11.45163373565056,3.6895289026727602,5.466388534425237,1.9765501318472862,3.3893272283290647,5.021302997241577,10.49100730671021,10.447860810655767,10.442424907713752,4.6203688662055535,3.740976603863509,12.216818481004134,10.438336233295919,10.452493499712707,3.4192228470219037,12.897875518526071,10.339786881764393,12.175494114395166,3.828507701497534,2.5505636743814053,16.388684944467858,5.618176899953445,7.734168691426827,3.6290092137235477,12.659839469167913,3.9534532066921053,11.53754504100048,10.345897996391404,6.014635639546863,10.863007723138209,10.76115859271169,6.703348550380914,11.530309726630072,3.6654670352599044,10.209216739180265,2.492868969407234,13.229746671851094,3.9397880505376093,10.643470682705184,10.824076899898364,10.512927833094544,3.6801000407362596,3.3161178282063966,12.37727275396826,4.018341033463631,3.6213448100204615,11.44226186008895,10.455010318525549,3.491124365490278,13.242471417931716,14.861250885555952,3.8539342780652537,10.666973024353775,4.548074315040474,6.232734803609259,11.620104146864733,9.233839879986466,4.897889909216461,4.5568889234625765,10.393311614696504,13.445187638436789,10.35671330315819,11.465889966675968,3.5557117309546826,10.444819665606092,10.455456317593894,3.9160128710072133,4.684778853200914,10.549285159009843,3.7920998006453233,4.638329408057919,10.616880847305199,11.518628001915847,10.363905530690868,5.0581492631675085,2.7128222983581405,10.54677165892741,10.482200364523448,3.2282758197700403
15.00000049274311,7.794411003223931,10.442694165890313,7.877062435806505,13.060890829594346,11.499262058728826,4.2554362741359935,6.323468006122158,2.9357758928158475,3.417807096129842,2.933824990874851,10.27796305385218,10.280373174918157,11.187844930814245,4.7024214413976555,3.8342776464041606,12.095198561846521,10.465727468083179,10.305587622754206,2.6615353274405296,11.964459669515552,10.424951959170503,12.266975263247591,3.9828607953912623,3.4100309550295216,17.664980306320995,5.583150858771474,7.840884962496316,3.5151175989238777,12.814331278827343,4.270396200301179,11.49018301255575,10.349454079582939,5.821825841645349,12.106572354291137,11.144934935191252,3.7230572022680013,12.343545634507773,3.7450504335515946,10.086004470809238,3.650096930071421,12.480910525647506,5.033978529499383,11.488583706278652,10.85558311344115,10.400204248528693,3.8293857205956963,3.5168972642401224,12.673506359730396,4.6959512884472225,3.649204239611992,11.555241808550926,10.406802826325144,5.196485134140788,12.4054490492165,15.49331081707013,4.11879307988549,10.730509888398593,3.7102311082642365,4.255033416057896,11.569063769771185,9.716447310435255,4.635714567734954,3.5643090818812517,10.267772913680206,13.366147852870162,10.35031868323452,11.471199775210275,3.5029175504427053,10.523471612112862,10.45890174791568,3.4202141884714465,4.6562232840292745,10.37642775522169,2.951441877103621,4.656479746767301,11.645832757297592,11.604067626998567,10.355971785599898,5.023340641865849,2.9824632781605978,10.479601314225713,10.443613175942227,3.266079639612913,7.4577347106339955,10.395481428784208,8.066812662492277,12.40996788939461,11.603361075095265,4.263571849440114,5.642254167444932,2.151045456047257,3.331605412993712,4.894433403643867,10.527436214413303,10.24042050970523,11.075323360353421,4.589122858286747,3.7613495738464673,11.647447277621714,10.602238648418794,10.100913405407374,3.4782189147605926,12.656610561476972,10.28256875870118,11.654980780486799,3.9840714991128867,2.5350624970929303,16.548901562191805,5.841730975550953,7.684087038111491,3.512306125994489,12.394038553403945,4.797031616952851,10.504915150791934,11.005371393352018,5.88315134989091,11.428646876251133,11.081858438408771,7.284533612056525,11.10773105632806,3.558032177078583,10.178793605036779,3.1493326466236686,12.702325475903105,3.3514887730073326,11.490545857122973,10.798275839607497,10.05088243499621,3.777380678168068,3.3462544137089067,13.17778178441755,4.729372214546722,3.6698041929208123,11.547977609687043,10.440102054883372,4.056312886446229,13.211529030176957,14.906382209306106,3.879417273901544,10.634868609500888,4.55100213182365,5.693659940551423,11.593271584198291,9.871303815628732,4.931739971165683,4.556413447456925,9.859869043234927,12.791041739887774,10.336622368331485,11.318599914035294,3.6626755519244987,10.502931991412364,10.415621130490242,2.6578476307942793,4.523949517086219,10.394224296135146,4.054316058188482,3.6013986705212315,10.680253068559328,11.517606585118862,10.521893606718153,5.161339583128559,2.662050594302892,10.381703638037404,10.451341220342075,2.7709501786608146
16.00000052559265,7.276876270834978,10.328640697924731,7.68853667429584,12.722179563291114,11.187990419476737,4.455521186761859,6.204069854883412,2.449134552856031,3.2706390435273685,3.1325092355226913,10.43641979494538,10.377239614357128,11.15606964426743,4.69042102460782,3.889426348174446,12.285807086198513,10.51597726488694,10.9794558165328,3.6047349791595207,12.164792961227768,10.429676097081215,12.304226663207816,3.9276654811598797,2.8047427561820473,16.532957799184647,5.953780328510995,7.711733746578,3.55301507155338,12.679881107768118,5.188619922305686,10.337707182025992,11.205597908356657,5.9595683426546975,10.744851468777279,11.031790383337109,3.1523132300891215,12.206011308051025,3.7732588574150023,10.10536627120177,2.5625101846156366,12.580958636745956,5.340461911357285,11.54222373808419,10.70443038511127,10.462431077450116,3.8015776550707128,2.709294622322732,12.632479960726487,4.7788683774501095,3.70458731075578,11.48815231020162,10.710534062525776,5.294267131826685,12.366782305600456,15.443063412884081,3.259987791975698,11.41809067377744,4.048731523777763,4.481916975839857,12.19049933546052,10.99407238919857,4.606790980611285,3.5807803780192184,10.315200320481184,13.036944881910548,10.283884039781592,11.392231738266599,3.649731413431866,10.510770635907463,10.466755446777865,3.146436450515856,4.675341437470804,10.386422767404728,3.0078394439493947,4.845122746442986,11.615494801137705,11.132554430097512,10.5338624153863,4.698950789084582,1.839217036619301,11.528695338071609,10.51862817057019,2.2217993321179126,7.4364787835258515,10.472652993634883,7.908927382438162,12.612416478927775,11.559211018330318,5.324874100791244,5.602042449549425,2.322365404676482,3.547389009011897,4.84468621570479,11.357567269021764,10.155772892054333,11.09075109804813,4.643926359213414,3.6385309175551823,12.17719127277576,10.488723674685652,11.295641990195824,3.36378247155514,12.881430544774739,10.392317216932923,11.961282132027186,3.2567078878713804,4.237711931868579,17.487108027699165,5.781311856042803,7.908385681353222,3.5174081055953486,12.552788684331388,3.897849006152456,11.504751867384392,10.447104525651646,6.020882103578735,11.29208985494323,11.009986713930923,5.078711115365003,13.06347970288967,3.467345755017803,10.228683147991784,2.19037077672065,13.35670857497118,3.4672127666291948,11.44701180185891,10.268615830029628,10.480291406908838,3.5359975539949597,3.4378882290459294,13.15642085445207,4.759334002407539,3.684267017479501,11.491537319772721,10.452064594443401,3.9479955771631468,13.077401253460637,14.597605679199885,3.903805173175691,10.607032056793086,4.550151367347395,5.537995727276058,11.855867165885616,9.593364240139122,4.890911886529281,3.519390941446022,10.252009105620232,12.991409406178137,10.35738114520333,10.532417218186973,4.575251814812219,10.394814029017589,10.406551547840937,3.768192575336727,4.664230867340602,10.428217445649318,4.040054791940514,3.751388354206776,11.606537557561904,11.486736732825602,10.350122999947148,5.087719031048627,1.7516803196715514,11.121038119041945,10.37082953238991,3.1182524568328795
17.000000558442192,7.35630383600245,10.554718386948274,7.81287579499205,12.749925825949852,10.88614230038866,4.411296819219043,6.332208736899335,3.392528666566343,3.023034275999887,3.862187134162382,10.382480794700461,10.371233456163791,11.133871801187315,4.623599118586116,2.970785524157423,12.864633997480261,11.467215844012358,10.437903510762238,3.351426233954044,12.32328303514188,10.374234741046264,12.386227099327016,3.9550607663085318,2.642763566100182,17.372569278651618,5.8778977767299105,7.8563733024299145,4.458080267901116,12.706235961689586,3.960432187430579,11.430716299506765,11.423220696156472,5.868178547536054,11.864929640952042,9.889736687961568,3.764453326694305,12.485356312169293,3.882905131135825,10.179776583235705,2.365342976952919,12.417412848878689,4.956961348197701,11.415344101002589,10.666520633428417,10.257037675198564,3.5540556574549007,2.6574154916185777,12.637771505412358,4.747291909038089,3.6252417101232326,11.52103361108786,10.52493228296254,5.04630888879197,12.354075873152096,15.042157955361095,3.2070167272781775,11.444556986113309,4.308813830673173,4.907913752413587,11.535088349865799,9.936507114774813,4.791911672052661,3.521669024084897,10.374817525540603,13.281871987468225,10.275973339344914,11.444238257877108,3.483630481897843,10.437714851922635,10.449859873495464,3.3290917872783248,4.626859077568507,10.4365824686253,3.0003362326523195,4.5778045186578264,11.69998749355616,11.869768493117817,10.595494114976097,5.242048045298574,1.8709539383346812,10.811843612980399,10.572011796690214,2.0713430434726257,7.563640230754087,10.412813557344691,7.696040997378176,12.614119622230751,11.473453025834074,4.5194606168991545,5.454452204975384,2.098704241754488,3.2200849221834376,5.520841341817138,11.31215683484342,10.258166356370811,11.140628952025303,4.642448525144074,2.8308424162156234,11.81329913128222,11.424352211538606,11.3528037029102,3.6404695054678995,12.706401751796674,10.368942189941789,11.821461346328478,2.7019529285857984,4.248728035469341,17.202700116687772,5.725949381150463,8.049474538322224,3.53765044127604,12.832408747093526,4.071529451024559,12.515617332010034,10.610886814649882,5.990564384981025,11.053524830589254,10.828435393271734,5.152702527394324,12.92292812560323,3.8505711102714484,10.136614227216592,2.431885968837838,13.121830826886235,3.4956874250530263,10.584973643278797,10.54062290652254,10.455860963748613,3.8419464375159085,3.44778327603563,12.745503747347966,4.895371416419541,4.502277733672511,10.588138160064414,10.426755645643707,3.347731825081055,12.505598186534238,14.775546614831894,3.941691024003809,10.680076535522172,4.621729930693454,5.961177553535625,11.470090240324376,9.80627481073544,4.735852857647459,3.630331226145438,10.368225579643351,12.267405095327517,10.328253917299152,10.606459788545076,4.453423499827933,10.485985826047305,10.449878275355845,2.3934154884525736,4.662512047482415,10.400082938870508,4.026206557920733,4.568270170022208,11.50833906370287,11.288422103040709,10.33514951157965,5.615821754064475,1.7054701616644885,11.52403326729901,10.45817709717313,2.9991617212716983
18.00000059129173,7.382781114349705,10.2537177052617,7.805784547496795,12.354279717728645,11.475393155411814,4.5729399144351595,6.182252304987983,4.474449167378141,2.938257818062183,3.225798302257012,10.289336822025303,10.269218831406743,10.92245395908283,4.609191948407481,3.878832420939311,12.000351444312605,10.41538856204422,15.644302728465066,3.317743270967059,12.34286118758506,10.353697691964337,12.183108706522685,2.9778837098160227,2.6887941018481736,9.148966423980022,5.670462488325924,12.967430241721576,3.5635903254978385,12.888189665521454,4.152896262752559,11.56133699876761,10.644603676419482,5.913099004585998,11.517946792756442,10.898115134311542,1.3960225988833088,12.574196104795972,3.477175483593882,9.999972435740586,3.020905402924941,12.532138659395939,6.994548931580093,11.477034308943798,10.882971457288832,10.546092999837374,3.6927493414558623,3.1473375481549883,13.117836071689661,4.771220947549505,3.674342832865872,11.502107643783678,10.381435193330276,4.691417293642504,12.244711909000312,15.76315989009147,4.293794882635518,10.556840217305638,3.826634938360227,4.327157686924961,11.84280730294817,9.957166408364133,4.743452621890222,3.575292680097487,10.164037088694606,13.089796520579027,10.298129302285194,11.024239022161103,3.9029308953007953,10.472002090708923,10.334409359048378,3.4420609275679985,4.668444959584414,10.432419266848909,2.8920529127469985,4.724666882793654,11.669062337043218,11.508496645100543,11.446870283344026,5.417907651557621,2.848214802012825,10.446497374162606,10.523166515615584,2.9342960543264716,7.6140394682368076,10.565986337747916,8.021636547856538,12.462899403151898,11.332369427496387,4.456261045295344,5.789060751427024,2.2918296356249632,3.4002103194894686,5.191069306067268,10.700397829361716,10.217381832958033,11.16760103382183,4.659329908294259,3.1376511821815933,12.26596945923349,11.090085635283815,10.487597612588926,3.543806441689121,12.394276561555284,10.374844213471908,11.481035880214266,2.628926398015524,4.1231163364771,12.945822484108247,5.802478055895877,11.418874312624233,3.559889064934642,12.48410880623727,4.79374898737191,10.467877479177425,11.397146613750364,5.980208246254609,11.01654910725842,11.013820981425164,5.284776355712672,12.779044251022865,3.878990120646628,10.316888499607172,3.1860172542115834,12.61004231110513,3.493203521170283,10.705056762159018,11.053646045318162,10.464157546668632,3.777767234426755,3.3212605593578743,12.729775910598077,4.766288436645726,3.6476797423962384,11.498224548623433,9.684838562529276,3.982436516665339,13.177624013097038,15.129888552761049,3.9260965529320853,10.563572773437798,4.632877141880463,5.809099764896367,11.814254242604084,10.129058457727758,4.814764972312391,3.562489389815961,10.001687044553977,12.910139200704883,10.371615861294709,10.356713104653064,4.784585012711401,10.417781054515865,10.346128654763431,3.077472267635791,4.038846888031745,10.535725799279081,3.9319226575949946,4.5821720447390755,11.557340361533003,11.504327093105136,10.49269352051474,5.283246933079646,2.790572573670316,10.435970639809094,10.468136419800528,2.222527781810361
19.000000624141272,7.461549374533375,11.143461721956491,7.69152245744131,12.548817425816967,11.536212486110307,4.524547991729112,6.227061454713446,4.479292615043629,3.0108431842037473,3.7955505125394033,10.27545936030537,10.342978544951354,11.399030123821232,4.645610797736575,3.8486337886428164,12.128007371092734,10.42771454644621,10.84071349696538,2.505448606120623,12.247606875209767,10.369168526120795,12.385967285354386,3.9466330499105595,2.70542042260869,17.200009883057703,5.632281160932264,8.026912797949212,3.458552756651045,12.61961385594209,4.099733469139606,11.310555898840382,10.397327749835354,6.011211526656118,11.250790284480587,10.96299401163769,3.34143244915541,12.772759001977533,3.519740039960779,10.200457233890171,3.1060759214691105,13.230556939773448,5.260331439914075,11.498440280596746,10.454917615135578,10.599878733803923,3.7057909903696005,3.062242819478982,13.181825860080894,4.726644566549662,3.6655640357913666,11.59291227828712,10.259221068862892,4.613067210853767,13.243244596375403,15.486361024527831,4.2681316251204695,10.621245281674934,4.577264023946956,3.6114976523581666,11.221802800713206,9.853352573221914,4.611720365312145,3.513595363370565,10.012525636693734,13.485586209933963,10.269892837169206,10.474071120261799,4.560710887805968,10.572906019717289,10.436066930557477,3.222134148034432,4.612219314902442,10.471498273965258,2.8615452799372587,4.5355934254231585,11.706120431262459,11.436637819804828,10.28546025975229,5.20479698107164,1.8728969889688911,11.08409697115901,10.471044439277119,3.2081705649228893,7.622245265640392,10.410207421798109,7.752235636169335,13.01872299535796,11.594792956939509,4.545011578651499,5.482445942572221,2.2948253730580617,3.343832090911151,4.120861536189308,10.355471448592448,10.306448711673882,10.055283956319602,4.645275460137496,3.8986588239907474,12.828642621901196,10.533293807080424,10.567832779639113,3.4417196891044126,12.56237492766933,10.349893527203527,11.59775679714609,2.16538010933796,4.334677460672251,17.489449710959246,5.631155622111119,7.879830470870207,3.44544255527504,12.611508015616174,4.029116378345771,11.48171762562036,11.353147716655961,5.932901584664472,11.088701403604226,10.868892319404534,5.310599638159305,12.665062421290333,3.937427118156128,10.295198096522205,2.9926648335857218,12.571910592427463,3.928694573807525,10.535987321090875,10.73708706758921,10.495479365818168,3.7605437187013138,3.550924450943982,12.518687821955902,4.685679140361119,4.50030150458868,10.705819067409115,9.769187475244758,3.7945601271908433,13.864973287672294,14.181177049790586,3.9332816469446077,10.586121839023212,4.623519444076953,5.848254179555815,11.42275724219428,9.948524091980927,5.094064049718466,3.477980811924398,9.72382945865741,13.260652910535773,10.291063085223014,10.492180588398954,4.557105408386307,10.41930814957628,10.437408008224844,3.598694952073627,4.618928265757707,10.513934893254541,3.7463836325561095,4.527729774465476,11.568831089703247,11.53273433061702,9.943666269450077,5.211719522805968,2.336857792737432,10.992088756686444,10.493648440921199,2.1111291998674844
20.000000656990814,7.420078693041813,11.091021829429458,8.028411485121913,12.527619057596507,11.703776454971738,4.351737629826645,6.242662665411932,2.721388800367546,3.164073606236337,3.5755490311659077,10.366788583524709,11.149931502051597,10.306752346013038,4.619096756423134,2.7566533137811726,12.14790380134385,11.526413693548971,11.740849343167158,2.7516904932978816,12.325598038258272,10.418694808355573,12.350794857492271,3.9243464493191444,2.682020736004086,13.3206839796985,5.6950767684952055,11.039055691842634,3.444796083180624,12.779019245882434,3.8689087345665034,11.606027230238027,10.412364098145382,5.784756286432709,10.214877988895706,10.817279932490589,1.3468672061896485,12.821398199312135,3.903998904489437,10.08211587304551,2.8487422152798043,12.38638571012549,7.157959885159373,10.685788551086183,10.662717060559272,11.436468702906373,2.750601726931565,3.913377422600678,12.665280447718445,4.7908178176359035,3.73714092420184,11.589045871440563,10.218896171929668,4.7422724612573885,12.013299928391548,15.727196726513643,4.106540687620395,10.60505695694679,4.627956668259584,4.42600590818749,10.94647924742057,10.608018827999382,4.573435218142095,3.610498885865671,10.316739431789305,13.158103283799234,10.39617913886091,10.473062075342506,4.53003786968857,10.587781764870874,10.435631363043594,3.107508677726955,4.589963603158695,10.438313325114441,3.931626229451117,4.3192617881606825,11.628397044720089,11.521944980352002,10.112666539495889,5.011463986954556,2.353937757452271,10.753542567501995,10.471209268794519,3.261697847368578,7.56808689975559,10.436135650206335,7.603807915824716,12.361669906241076,11.462587692822119,4.633885823188307,5.273647821304252,1.5652435392487294,3.368250032432603,5.1966050924778795,11.042031570212442,10.19151312883155,11.290335701506171,4.582690503193217,3.8528886978008203,12.44078674133009,10.452617235536355,10.752850938992058,3.4539900437233166,12.799795196377103,10.310134947388748,11.727550155722748,2.268827266718614,4.330154362231192,16.64109186720686,5.728223609841287,7.661639094233641,3.440591018866931,12.380230960532801,3.7957935836336265,11.72425082836661,10.337805651019321,6.093965707269274,10.069910315798532,10.835326927866207,7.467832441742355,11.03999008250913,3.557216646018147,10.324689137577616,3.624215851606662,12.410715955139707,3.6288138849684985,10.600701632664041,10.718578103094066,10.619742819252647,3.507699845454725,3.757267811781897,12.978988824544562,4.798399287887119,4.465147622765153,10.779397622078239,10.433444942175479,3.562119851973275,13.757518035988124,15.181770778615546,3.9247023483092,10.579580763839514,4.62323444071778,4.98667547921511,11.59480254887262,10.673994064383585,4.831056303156356,3.590130682962979,9.898743993851959,13.548563881411706,10.454738787287248,10.496222202195238,4.449058644528456,10.44305931358333,10.463054350701936,3.3551461636665523,4.610859668219058,10.444717443050907,3.9271698072004013,4.630678817374231,11.536907341246959,11.487813118667713,10.253955655861068,5.088369907535239,2.7960365577896553,10.55214497690343,10.522148749249503,3.0302322074836585
21.000000689840352,7.432913212073987,11.163750698089256,7.644674953828589,12.448116752289057,11.56293742932694,4.812894195612976,6.20308505285382,2.7662639309258594,3.4017877398446905,4.048343096067022,10.632105621602182,10.397792019185173,11.162880398747067,4.615805306580068,2.970470711451949,12.012013414266105,11.261580641080869,13.021863038530634,2.680535978355696,12.304871345583994,10.594626429912744,12.422505372812608,3.9085946023347558,2.484805731571696,17.391849044717166,5.649573518407125,8.000437614211531,3.4357360317307006,12.690100352647466,3.933599710724786,11.574805560554028,11.33094768186948,6.081744046778828,11.371702262432477,10.944636615779766,3.5165713295614305,12.690154633760475,3.569644192774044,11.210116891441729,2.1856536466998904,12.389721867727397,5.295050025936184,10.564344530321309,10.707219595495479,10.404173041281044,2.6151789438560606,3.934899777002942,13.026936640362843,4.719792743889593,3.720176362502498,11.48384653217763,10.363829092320593,4.436843863214112,13.709728434471984,15.374304476279525,3.1370392732889876,11.357629427423316,4.6648048693595685,4.788032230763385,11.923980302732563,10.096603259477787,4.592416660512064,3.529027266342693,10.080074220054929,12.845925917117713,10.457257653657305,10.476747764987929,4.572606522751462,10.493648369127147,10.457833988122673,3.170364546755252,4.5990843801127586,10.543103377132384,3.8770590982056534,4.472477040931033,11.688378340935685,11.555525194462572,10.270063795011213,5.073899418812394,1.8419014620938032,11.166140319118055,10.379883377806859,2.130435898534559,7.474891338747741,10.501651224001213,7.7275582859658725,12.395600490444451,11.43079463076155,4.724511299136333,5.6760997405082225,1.8777328153226516,3.656437295623038,4.19941499986535,11.24689699570002,10.162317184793954,11.36414926125672,4.662340813905559,3.9564007030004933,12.407720905802016,10.367789686022812,10.2222158873595,3.479308127766704,12.485471743761586,10.244543975624138,11.750209435223008,2.880203530271984,4.082303244411707,17.09227660094271,5.5004649739928295,7.96271737874245,3.5254440386131303,12.321198455564721,3.7655588578901975,11.471396146419405,11.259009098639966,5.966946553781352,11.1314619924919,10.994929920832858,6.540749071166677,11.451548566313953,3.717026585572784,10.346448479756354,3.1035301109254427,12.445966975257589,3.574584662663321,11.547915133063709,10.62961419624657,11.471714557108076,2.7996047195034715,3.8862078824317354,13.134945882307994,4.738456320106479,3.634633385334682,11.4698464935961,10.697713045329406,4.6898375343445755,13.540183450070709,14.596271721619058,3.5673678056994196,10.94761192495049,4.557571801661631,5.009877713824119,11.77523160523587,9.448998904270045,4.908650110484012,3.4275684110991467,9.94111835856827,13.150386038472284,10.435097903247414,10.461723080037665,4.573677948851609,10.291752421215433,10.455312139530836,2.431977045082212,4.609588999809223,10.37053207239547,2.8919338036706623,4.723200112333861,11.588897877234938,11.507202139761812,10.120876721076652,4.980658606693087,2.7750552769574632,10.7080748626582,10.529026195448738,2.2127190840610917
22.000000722689894,6.925512675518489,11.368279293552503,7.720512402740895,12.580736777526761,11.613360907635778,4.293736376387382,6.296010192833905,1.8354866517110624,3.1430966697181626,3.9000330624894346,10.274306812175455,10.589790118884386,10.528509360829062,4.602529750437409,2.7912027358355362,11.772076782459933,11.409628660558202,10.548168016798595,2.5475324571807283,12.351272282134797,10.454261107718114,12.5188050569485,3.6621047119049854,2.4683248460673832,17.456630730830653,5.79401394530112,7.972222399592979,3.479180017518522,12.447697589785687,4.175940850233354,11.267886315490282,11.265098666740704,5.990260500621392,12.11787686563229,10.805944993733688,3.9106774487822156,12.062875540202468,3.2248838457139954,10.404385360520036,2.264487698664102,12.333318761581843,5.540106561786708,10.675767178454679,10.661303029103834,10.262451319626498,3.583305070935427,3.9401435239583784,13.222106801232284,4.711718772449186,4.527897504169731,10.715855298281623,10.258905515821883,4.791783086414715,13.138324589688928,15.335057416317353,4.01865000471696,10.515029992699729,4.64412750543714,5.5397382780176105,11.37409629685191,9.823103158751138,4.755113992288481,3.5815300741134477,10.497163906913785,12.743757621649522,10.415497460118782,10.592038317726729,4.532119876055491,10.41248655213481,10.448977733850962,4.123116518637002,4.644191801991344,10.416370430775684,3.8640331414662312,4.585200897125405,11.574098034434762,11.638826437661447,10.054212328795549,4.867867622330375,2.403689237085979,10.670639868771254,10.559775044556892,2.001049736913713,7.550114699113344,10.47116627881353,8.139809673237144,12.488467588473425,11.621671735984332,4.818849465329054,5.6343134630240215,1.9926774885415035,3.3793789500479305,4.2583285030161715,11.284282623701014,10.098001674843628,11.046981057165283,4.597792100372037,3.8462138813651405,12.46948907318231,10.494907382385758,10.041767328839587,3.408498052042382,12.686723568871754,10.304070597609371,11.717409816904185,2.540126405867231,4.261424603829299,16.841196487943403,5.872114394031841,7.729750590854273,3.4578404343774363,12.195477882313611,4.180840942722728,12.943490583884213,11.21466655663622,6.0581007705583705,12.748721433769441,10.968109115019326,5.311786724541885,12.670650550564078,3.534279563903121,10.141115117151925,3.2109206795949703,12.427742514698524,3.403078553869002,10.622285266881413,10.765458931049373,11.484319881588844,2.7910651463244545,3.1505200140444383,13.128229528684548,4.696883087250414,4.503839558163074,10.771342517954094,10.45498456179958,4.076067584008423,13.794755686551014,13.958641155426587,4.244904756473778,10.578406398921967,4.572894822132126,5.964326256718503,11.741338625779765,9.547017849287208,4.656263801145738,3.5071732167743397,10.43306987435367,10.136217019840979,10.393634783758543,11.12369497397725,3.8197340494689516,10.39985580637809,10.450322949570355,3.4847422122467866,4.633706616235337,10.38246403978649,3.8911822496074486,4.60922371882478,11.519085791940784,10.910153144752933,9.891294062316843,5.242237998061833,1.86942799930784,11.843842485858358,10.47572354829532,2.1863254284671294
23.000000755539435,7.189410501622526,11.286069062723193,7.791297330496646,12.473431109232632,11.696380552130758,4.577505525209348,6.290433314121992,1.523295004551369,3.4038401642111435,3.2556319805623533,10.227669669496011,10.437983276192286,11.75902899954787,4.591805298306686,3.771962285291826,12.167746568972348,10.420019552228814,11.142788768126364,2.692883850723135,12.23136757257375,10.31786543639567,12.453509834237353,3.8696416712995654,3.039566861246613,17.695334374876133,5.420141722453256,8.165185916419775,3.520418548098811,12.551448338043281,4.624938236017238,10.48978153028726,11.313515989941303,5.787813537447238,11.519706787209635,11.048401730845054,2.1739452616236017,12.171632691279433,3.393866239364943,10.459226560003552,2.458077775759175,12.506453895181156,7.047177665137864,10.627698913013742,10.655317668552994,10.284992091011684,3.4736749721746563,3.8424584678910065,13.412473662578495,3.8424823906315604,4.504154152852195,10.647825429036537,9.907432531584691,4.544061024416052,12.256643638109162,15.432032393753728,4.101711406699554,10.511486255608322,4.61998282970183,4.137792210977324,11.662502602881181,10.03141467119185,4.7882037010444085,3.5840607927592476,10.448187472607549,12.448033978088421,10.490777222136142,10.371806183997691,4.48523170250482,10.433344364847926,10.437326393344822,3.471240417600495,4.77416552237779,10.427943053875566,3.945918229551228,4.56715225167529,11.551177245284828,11.46074886472868,10.269715026130276,5.180533189943586,2.2568536129227623,10.880981539376977,10.421368970752253,2.2639368256429426,7.638125158264354,10.518375350397207,7.952309200587026,12.749705725775662,11.394300391316683,4.315986667069324,5.209638991529137,2.650539967608963,3.516262166105374,5.014185123406234,11.356403054000634,10.15358911726536,10.900538202753731,4.633727678229668,3.887175638939891,12.63948357485509,10.44604835711458,10.59162348864829,3.4359000081239253,12.869881408346085,10.414821215422574,11.715784077277155,2.7194918923254656,4.27568353649431,17.213145107399512,5.648810873940264,8.041659405566891,3.4844480223778924,12.6154293680816,5.082116690271563,10.510416816200053,11.1642976165215,6.036542079290919,11.742068708731319,11.053544362732083,5.070279826954434,12.651786271203294,3.17206042250316,10.161624656370723,3.310640543063621,12.353198643966463,3.849234389194485,10.61685863208687,10.625015334961304,11.493165930626263,2.763645378517481,3.520608856626543,13.425364575899085,4.679130377401067,4.541856974789952,10.65435564759362,10.52375665462424,3.674416607566188,13.091147985403092,14.45021251702309,3.982208923889802,10.598476460570584,4.7784173216703,5.9318372534034856,12.013987783615955,9.573737349008994,5.037996833247874,3.4323483649172477,10.14980762892113,15.092741512397687,10.468497824763809,10.410492431728764,4.470392352889684,10.357519257706064,10.430297656542082,3.438796934863001,4.697984657700261,10.43176960330703,3.887435780749426,4.683827858531814,11.555291509352331,11.13096111248955,10.076363212070884,4.4974586413925035,1.9744077812094631,11.528581852109372,10.571658800699655,2.143717300329362
24.000000788388974,8.335229454733735,11.37533307758941,7.783154177004366,12.498851066742052,11.529680748513535,4.509193042865581,6.304503794979301,1.905835821836347,2.9364452373670846,2.692188876368017,10.411554945193988,10.393516186558678,10.858595286326143,4.614059640783836,3.914475359837337,11.859190461142703,10.487284924386731,11.297798191320982,1.7801833377348057,12.733455793546392,10.175145682544176,12.45659279108274,3.821119004783791,3.26995061380825,16.949583329521285,5.696206724967173,7.968615118658104,3.4609854449258686,12.51680498620835,4.55398785535364,10.454907392320251,11.37691304971115,5.826812660768015,11.85889214457273,10.913288424835663,3.574127170417787,12.372245465223356,3.436646262715599,10.667658232192274,3.00832875575454,12.703925247934777,5.22712300796778,10.632995930137485,10.569882262779013,10.448589232123222,3.4188119873156326,3.953839250380152,12.976162925739693,4.634032815193692,4.534052750692899,10.631061182274943,10.389566700879982,4.046026056833357,13.370785604123064,15.374438223502905,4.284055199562705,10.485725772861255,4.5872893062825,5.533941051521149,11.719911112623421,9.912223262236171,4.770155138198613,3.5838988336680924,10.029288146217532,13.069730349041782,10.504407908776395,10.435315538511945,4.4843949290128124,10.526324415008412,10.43127219183986,3.52445744301794,4.640805702747332,10.494789307621978,3.8817612148089427,4.570943587630446,11.621985353007682,11.47926648714894,10.538682702735422,5.327911305453076,2.0269267538443922,10.945779088072157,10.376445063856272,1.9769530046178203,7.422055117214504,10.706544465402356,7.984448221554867,12.467492572671304,11.684420076367296,4.6706334448145395,5.432463971618916,2.86801943035215,2.881473993208381,3.8414321639137192,10.352953779309708,10.1765236441699,10.993092925730007,4.628161556432234,3.7304120138160792,12.289002589541361,10.293715778419564,10.75890955805105,3.205741382141548,12.41027165582123,10.413134473450048,11.370484581326417,2.5132717850215367,4.308831760014526,17.326820156116913,5.707775013111046,7.77392635226844,3.4460630909176113,12.531371945121514,3.9612056148515657,11.597887083338486,11.246912379096116,5.797220109016412,11.266703861948848,10.797393061852699,4.906114925592075,12.708143075395238,3.9804733610630185,10.23910812267687,3.8757389985417716,12.34084271826723,3.707224863837901,10.514420200157687,10.976908651585678,11.319877876204016,2.892268301623369,3.540867284059916,12.73778625245744,4.442603212676166,4.680258379258706,10.700650480577638,10.606874601320655,3.425806985305434,13.247195595081287,15.078192112503494,3.9676770122830622,10.560173532484875,4.531764690581891,5.639700875240524,11.326745619572835,9.740036824486621,5.132089381762112,4.45891920460639,10.608518061526368,13.480638637555305,10.492172851396665,11.228273704933383,3.833535092982609,10.411669698587794,10.43070514428657,3.4781673655963377,4.658922680557607,10.49338290461112,3.903639390869581,4.678687757362928,10.563649094128483,11.55066757837786,10.351630615705302,5.278469652693611,2.785902226957725,10.707610404387438,10.408573338089603,2.218794243851188
