,RMSF_OG,RMSF_MIMI,,,
1,0.661672814,0.648262126,,,
2,0.543668406,0.505747045,,,
3,0.462950929,0.434082427,,,
4,0.476183591,0.454744802,,,
5,0.398146987,0.367858261,,,
6,0.404278174,0.40204449,,,
7,0.468464331,0.508562187,,,
8,0.427926745,0.445816752,,,
9,0.4676443,0.501368322,,,
10,0.542881915,0.567032005,,,
11,0.586638511,0.601681508,,,
12,0.432941572,0.432393446,,,
13,0.4331556,0.436385113,,,
14,0.427523853,0.420779318,,,
15,0.439102941,0.448007987,,,
16,0.394889137,0.410004372,,,
17,0.39946358,0.407383889,,,
18,0.40069114,0.421821754,,,
19,0.417472661,0.458218973,,,
20,0.417423242,0.438743815,,,
21,0.428245709,0.442316017,,,
22,0.537388664,0.569060429,,blue = mimic,yellow = og
23,0.58801964,0.632854494,,,
24,0.726631698,0.728521563,,,
25,0.646494874,0.685237619,,,
26,0.542461563,0.559581459,,,
27,0.602060637,0.585109274,,,
28,0.601317585,0.572705382,,,
29,0.44533964,0.462113704,,,
30,0.439041123,0.42366539,,,
31,0.447151144,0.400844882,,,
32,0.423927252,0.409211916,,,
33,0.480380806,0.477079129,,,
34,0.643689625,0.597442805,,,
35,0.684928299,0.620450614,,,
36,0.628910843,0.57063376,,,
37,0.48114569,0.461407158,,,
38,0.561504045,0.516884213,,,
39,0.528567199,0.52153792,,,
40,0.450120549,0.473772486,,,
41,0.468478099,0.436737862,,,
42,0.460767038,0.447818515,,,
43,0.434421921,0.440167092,,,
44,0.410169281,0.418212783,,,
45,0.465324457,0.458885048,,,
46,0.521876827,0.503860808,,,
47,0.475439232,0.453009157,,,
48,0.567463051,0.525867266,,,
49,0.608013088,0.518168462,,,
50,0.707142807,0.559022787,,,
51,0.558568641,0.494765329,,,
52,0.545940399,0.486340204,,,
53,0.488374435,0.4648947,,,
54,0.547984422,0.559012456,,,
55,0.536997908,0.535401602,,,
56,0.50849435,0.483400853,,,
57,0.562110273,0.546697031,,,
58,0.705162978,0.660372093,,,
59,0.852886781,0.741504046,,,
60,0.816042962,0.760184387,,,
61,0.678918158,0.614186457,,,
62,0.665705808,0.586602098,,,
63,0.730007205,0.636052324,,,
64,0.78333884,0.701588565,,,
65,0.609950541,0.547278664,,,
66,0.592126082,0.540312676,,,
67,0.760126413,0.709589743,,,
68,0.808574108,0.764489268,,,
69,0.640587866,0.608105896,,,
70,0.572359815,0.551114239,,,
71,0.468379093,0.481308248,,,
72,0.422317021,0.418086955,,,
73,0.394621821,0.386876081,,,
74,0.394036763,0.398832868,,,
75,0.517425736,0.537469028,,,
76,0.493387666,0.536951143,,,
77,0.672315468,0.672566093,,,
78,0.782952917,0.889456251,,,
79,0.913557958,1.322786976,,,
80,0.704411173,1.185913026,,,
81,0.757849016,1.195094594,,,
82,1.003571373,1.196574467,,,
83,1.217868043,1.275333039,,,
84,0.99648318,1.069837298,,,
85,0.845404777,1.132807283,,,
86,0.725950878,1.076531219,,,
87,0.820680003,1.14151962,,,
88,0.692490448,1.016709276,,,
89,0.549763204,0.8278818,,,
90,0.520032114,0.642802659,,,
91,0.752060954,0.927281553,,,
92,0.719502409,0.815731757,,,
93,0.5362259,0.570678455,,,
94,0.566004836,0.554484094,,,
95,0.63147955,0.623830097,,,
96,0.560589289,0.545738824,,,
97,0.47892349,0.477264048,,,
98,0.558533402,0.522942299,,,
99,0.607932765,0.579375931,,,
100,0.497073692,0.496964354,,,
101,0.495111083,0.482674234,,,
102,0.567703708,0.552521537,,,
103,0.574116571,0.572992889,,,
104,0.506719261,0.512834481,,,
105,0.543567803,0.58612507,,,
106,0.636736488,0.684733037,,,
107,0.619349768,0.638402791,,,
108,0.582396998,0.589719452,,,
109,0.60041016,0.634545693,,,
110,0.589596194,0.61431749,,,
111,0.529589501,0.565542778,,,
112,0.446423777,0.526531348,,,
113,0.399257831,0.430618178,,,
114,0.385043549,0.373239423,,,
115,0.350541537,0.370968465,,,
116,0.411594688,0.476616834,,,
117,0.482174358,0.52754672,,,
118,0.495007205,0.5322168,,,
119,0.436782837,0.51689157,,,
120,0.393786132,0.433062925,,,
121,0.445018269,0.43070675,,,
122,0.457523031,0.469431918,,,
123,0.430350668,0.401275181,,,
124,0.396954113,0.366643814,,,
125,0.463287862,0.451622008,,,
126,0.488848837,0.467615835,,,
127,0.436746616,0.418295159,,,
128,0.463402856,0.486298587,,,
129,0.530241545,0.535672615,,,
130,0.513566349,0.507900003,,,
131,0.495634537,0.509593289,,,
132,0.578210273,0.624672023,,,
133,0.677615981,0.71808247,,,
134,0.677713935,0.689413471,,,
135,0.705459773,0.746302582,,,
136,0.610843502,0.63807514,,,
137,0.561073412,0.58637219,,,
138,0.547526083,0.582366504,,,
139,0.586497438,0.683663011,,,
140,0.50058882,0.566814535,,,
141,0.463752597,0.507287028,,,
142,0.419205805,0.416582518,,,
143,0.351661441,0.350189256,,,
144,0.34571293,0.371921994,,,
145,0.357462461,0.393873575,,,
146,0.351249281,0.378592819,,,
147,0.386245386,0.420807781,,,
148,0.39904945,0.451391578,,,
149,0.393094412,0.453417545,,,
150,0.428246172,0.471805913,,,
151,0.424799803,0.505863112,,,
152,0.420241155,0.484832864,,,
153,0.471846976,0.496738288,,,
154,0.506172149,0.567175258,,,
155,0.547083438,0.588245751,,,
156,0.569301876,0.576339251,,,
157,0.639109414,0.600363182,,,
158,0.715633257,0.774092963,,,
159,0.726017278,0.874534835,,,
160,0.761510449,0.793032179,,,
161,0.834683238,0.852556952,,,
162,0.966407906,0.993363443,,,
163,0.893799134,0.91709599,,,
164,0.878538907,0.920903779,,,
165,0.796403173,0.791899169,,,
166,0.945918308,0.947531759,,,
167,0.893325239,0.96957242,,,
168,0.690318272,0.791265496,,,
169,0.600531277,0.718857218,,,
170,0.557220464,0.635643415,,,
171,0.574351233,0.619393926,,,
172,0.626879696,0.560722096,,,
173,0.53545915,0.478333815,,,
174,0.509838445,0.438525712,,,
175,0.588632203,0.43545077,,,
176,0.466324276,0.517356117,,,
177,0.572627014,0.723395347,,,
178,0.875655,0.701897183,,,
179,1.189825192,0.616830877,,,
180,0.671094111,0.476609692,,,
181,0.71346822,0.424617373,,,
182,0.569511593,0.437207812,,,
183,0.541688002,0.479878368,,,
184,0.56627025,0.536540486,,,
185,0.681965582,0.59727479,,,
186,0.76184809,0.858797678,,,
187,0.660082158,0.887718828,,,
188,0.681728269,0.726077791,,,
189,0.744650371,0.869641867,,,
190,0.86397741,0.956220728,,,
191,0.924693508,0.917783996,,,
192,0.867747507,0.862651172,,,
193,1.020644357,1.053825591,,,
194,0.912197416,0.875461991,,,
195,1.064753534,0.97907194,,,
196,1.016913083,0.89392569,,,
197,1.12814932,0.916372834,,,
198,0.927152256,0.799783755,,,
199,0.78105031,0.674856647,,,
200,0.795792163,0.689909671,,,
201,0.779917093,0.730878879,,,
202,0.645298408,0.604446171,,,
203,0.645250168,0.527103394,,,
204,0.692450716,0.598461767,,,
205,0.626940119,0.612977433,,,
206,0.561554957,0.510775807,,,
207,0.627529857,0.495868908,,,
208,0.706815638,0.570427031,,,
209,0.55016041,0.523499911,,,
210,0.661910758,0.668313062,,,
211,0.63364842,0.643697076,,,
212,0.605589779,0.580505248,,,
213,0.526759139,0.508155986,,,
214,0.546655154,0.570193885,,,
215,0.626219391,0.645020693,,,
216,0.611226766,0.600356341,,,
217,0.587555402,0.626616853,,,
218,0.759318148,0.814238645,,,
219,0.8604268,0.966641512,,,
220,0.836759206,1.094845712,,,
221,0.760317451,0.761292219,,,
222,0.579443081,0.526893731,,,
223,0.52951482,0.48996842,,,
224,0.467611455,0.481948788,,,
225,0.422167144,0.466465107,,,
226,0.38886547,0.429226516,,,
227,0.38074664,0.407379607,,,
228,0.401613376,0.431475675,,,
229,0.392099584,0.415997441,,,
230,0.389574264,0.439718923,,,
231,0.432886474,0.454625888,,,
232,0.443215465,0.439089119,,,
233,0.41973043,0.441540892,,,
234,0.432909025,0.434724478,,,
235,0.454309022,0.452425302,,,
236,0.469099712,0.472394586,,,
237,0.482326429,0.474713068,,,
238,0.480534501,0.526051985,,,
239,0.543276962,0.641615726,,,
240,0.70317406,0.710946866,,,
241,0.734374098,0.656162745,,,
242,0.778146438,0.735674469,,,
243,0.919919933,0.93870525,,,
244,1.076764316,1.067341174,,,
245,1.125477811,0.895416748,,,
246,1.064115752,1.109800483,,,
247,0.864307543,0.948030705,,,
248,0.739175808,0.619763232,,,
249,0.648946155,0.549471639,,,
250,0.510653688,0.48494926,,,
251,0.460036073,0.436774326,,,
252,0.356621551,0.379898376,,,
253,0.338087983,0.359931064,,,
254,0.396671961,0.392303661,,,
255,0.508967292,0.54768424,,,
256,0.683493365,0.639908255,,,
257,1.187389181,0.724102241,,,
258,1.282412087,0.747314333,,,
259,0.874882162,0.702828145,,,
260,1.023840302,0.824002145,,,
261,0.633050094,0.607869873,,,
262,0.568704295,0.535815141,,,
263,0.482601073,0.451673126,,,
264,0.439580904,0.437957422,,,
265,0.447753982,0.405334677,,,
266,0.49264399,0.489037944,,,
267,0.49853342,0.475203419,,,
268,0.5259119,0.474291344,,,
269,0.651372872,0.542381277,,,
270,0.72808627,0.549824178,,,
271,0.9607794,0.671060306,,,
272,1.204008811,0.73437954,,,
273,1.210145975,0.86984425,,,
274,0.995559558,0.711944057,,,
275,0.874926375,0.579691626,,,
276,0.889386152,0.668332128,,,
277,0.722461451,0.647934217,,,
278,0.652963869,0.584761307,,,
279,0.70571344,0.619618374,,,
280,0.740228717,0.676743196,,,
281,0.643250362,0.667451394,,,
282,0.804923282,0.901527229,,,
283,0.880315457,1.026818727,,,
284,0.84946965,0.918401507,,,
285,1.086567525,1.071601077,,,
286,1.111994391,1.081858419,,,
287,0.96003366,0.885905336,,,
288,0.752069151,0.734721536,,,
289,0.789067832,0.811830435,,,
290,0.817750317,0.817316063,,,
291,0.688711847,0.660566003,,,
292,0.641676401,0.591264542,,,
293,0.778536874,0.730154781,,,
294,0.820659265,0.780213082,,,
295,0.689584993,0.649455332,,,
296,0.715467599,0.665951187,,,
297,0.785635805,0.80332754,,,
298,0.701307033,0.715094957,,,
299,0.563958437,0.56561189,,,
300,0.618303714,0.651250332,,,
301,0.652692332,0.705309369,,,
302,0.584496223,0.637659148,,,
303,0.547006122,0.601989054,,,
304,0.634918341,0.705274496,,,
305,0.628148247,0.724890966,,,
306,0.594716769,0.658634523,,,
307,0.681170735,0.73331978,,,
308,0.770445485,0.86065403,,,
309,0.697710802,0.736732264,,,
310,0.670852151,0.759541704,,,
311,0.873694267,1.109350227,,,
312,1.156619732,1.406664532,,,
313,1.421926561,1.456126734,,,
314,2.937342393,2.552640976,,,
315,0.729424656,0.608281055,,,
316,0.53795333,0.490828236,,,
317,0.444406661,0.411422594,,,
318,0.445538111,0.418704354,,,
319,0.375043242,0.395380571,,,
320,0.37860839,0.39892073,,,
321,0.454042183,0.518580379,,,
322,0.41338205,0.462408137,,,
323,0.426769236,0.461526345,,,
324,0.497562214,0.53334936,,,
325,0.526649765,0.592331936,,,
326,0.403885256,0.451419597,,,
327,0.411576818,0.428569347,,,
328,0.404480271,0.414149375,,,
329,0.418528001,0.44343696,,,
330,0.37949896,0.400575562,,,
331,0.394179928,0.395830212,,,
332,0.401471257,0.422489849,,,
333,0.427170548,0.445258565,,,
334,0.430911662,0.430658289,,,
335,0.466402774,0.459713345,,,
336,0.751630987,0.552011161,,,
337,0.922557754,0.534353596,,,
338,0.969439392,0.63386368,,,
339,0.871821227,0.595274711,,,
340,0.588355355,0.513453623,,,
341,0.657346369,0.572651219,,,
342,0.660188167,0.552453259,,,
343,0.467146917,0.42317206,,,
344,0.419435634,0.445135476,,,
345,0.389933828,0.40549561,,,
346,0.401027316,0.420997722,,,
347,0.447421527,0.489741587,,,
348,0.626054685,0.690081575,,,
349,0.646861513,0.751340872,,,
350,0.586361945,0.689171005,,,
351,0.445540329,0.515251969,,,
352,0.539983397,0.567877784,,,
353,0.527677389,0.561549818,,,
354,0.454331054,0.490805205,,,
355,0.458711318,0.491701327,,,
356,0.45358134,0.471053462,,,
357,0.407483606,0.45922097,,,
358,0.423919039,0.445227235,,,
359,0.478736997,0.509279578,,,
360,0.508881259,0.548787892,,,
361,0.438091336,0.476180206,,,
362,0.525613751,0.521286193,,,
363,0.621323302,0.523554446,,,
364,0.863838428,0.552756358,,,
365,0.64571782,0.515167114,,,
366,0.573504088,0.527558689,,,
367,0.470257158,0.509457159,,,
368,0.542353375,0.579358256,,,
369,0.520463395,0.544119042,,,
370,0.472376857,0.511277513,,,
371,0.544047303,0.569482223,,,
372,0.656150144,0.672417234,,,
373,0.720018693,0.718371245,,,
374,0.741652876,0.829485833,,,
375,0.564687158,0.683524269,,,
376,0.557979571,0.566371284,,,
377,0.611942527,0.647264741,,,
378,0.667846388,0.682243432,,,
379,0.560020739,0.533007187,,,
380,0.553838574,0.510477846,,,
381,0.77612419,0.665999804,,,
382,0.827975166,0.793106453,,,
383,0.638082458,0.544151592,,,
384,0.571840563,0.483420854,,,
385,0.454987047,0.393732132,,,
386,0.397014076,0.368166465,,,
387,0.364902454,0.364284974,,,
388,0.35400825,0.362335699,,,
389,0.441421655,0.471937864,,,
390,0.452485626,0.463650984,,,
391,0.626988971,0.59246444,,,
392,0.592122304,0.782251781,,,
393,0.825570913,1.015630825,,,
394,0.715782497,0.96924378,,,
395,0.730294098,1.06985294,,,
396,0.887851435,1.282713444,,,
397,1.418788304,1.886485984,,,
398,1.101665252,1.53429533,,,
399,1.066587117,1.674741654,,,
400,1.016683685,1.417569617,,,
401,1.112589826,1.411491972,,,
402,0.952746014,1.290316049,,,
403,0.792012257,0.831051444,,,
404,0.612912966,0.763720197,,,
405,0.630739761,0.9132186,,,
406,0.618399042,0.863335321,,,
407,0.528447935,0.632011264,,,
408,0.500491252,0.605253409,,,
409,0.543067359,0.695160594,,,
410,0.518206939,0.583311819,,,
411,0.477110975,0.517844228,,,
412,0.523376539,0.532609494,,,
413,0.577167512,0.550192612,,,
414,0.49827722,0.463852065,,,
415,0.472177734,0.465558962,,,
416,0.527651859,0.526385832,,,
417,0.544142239,0.540250832,,,
418,0.497792847,0.49950409,,,
419,0.522497302,0.527160046,,,
420,0.62609618,0.630017904,,,
421,0.599827795,0.619054322,,,
422,0.564892208,0.561468638,,,
423,0.615458348,0.595397021,,,
424,0.567759323,0.525509916,,,
425,0.51465331,0.457691908,,,
426,0.453048322,0.398856364,,,
427,0.403730631,0.356002936,,,
428,0.380404992,0.365850126,,,
429,0.359931312,0.372238206,,,
430,0.427961095,0.435311543,,,
431,0.502526884,0.490527236,,,
432,0.565618749,0.583128833,,,
433,0.45835824,0.553794897,,,
434,0.421965559,0.486361863,,,
435,0.450677671,0.5126474,,,
436,0.497132237,0.503211154,,,
437,0.472403589,0.418813644,,,
438,0.416283961,0.388582318,,,
439,0.464346587,0.468249785,,,
440,0.471674737,0.467469297,,,
441,0.445299501,0.415993389,,,
442,0.455265163,0.455297238,,,
443,0.49822206,0.531352095,,,
444,0.523621163,0.487978438,,,
445,0.519230184,0.478222508,,,
446,0.574480706,0.565712871,,,
447,0.663646099,0.670643308,,,
448,0.681043963,0.638412263,,,
449,0.725822033,0.683978295,,,
450,0.623134593,0.578688139,,,
451,0.602947561,0.544283022,,,
452,0.577845475,0.5288321,,,
453,0.594731116,0.566949003,,,
454,0.495515114,0.486117202,,,
455,0.465226594,0.422253174,,,
456,0.400012101,0.371739656,,,
457,0.342582421,0.339034309,,,
458,0.366130602,0.35892013,,,
459,0.369771828,0.395859865,,,
460,0.36839663,0.396449077,,,
461,0.369023962,0.405961835,,,
462,0.389502791,0.413504866,,,
463,0.395026865,0.400936564,,,
464,0.414506436,0.424368676,,,
465,0.386046442,0.476387131,,,
466,0.382780455,0.462045139,,,
467,0.427780363,0.456163977,,,
468,0.461677874,0.554894574,,,
469,0.489834531,0.581472055,,,
470,0.48672137,0.547499621,,,
471,0.567500819,0.616880244,,,
472,0.65159571,0.739354263,,,
473,0.684231837,0.852928378,,,
474,0.732420619,0.916244602,,,
475,0.810164831,0.99207323,,,
476,0.879803977,1.10404635,,,
477,0.827692504,1.006142128,,,
478,0.872675135,1.016516116,,,
479,0.782735756,0.841778502,,,
480,0.95204347,1.02156744,,,
481,0.869081068,1.070275075,,,
482,0.672812746,0.888872805,,,
483,0.616243991,0.799279562,,,
484,0.520285153,0.62476233,,,
485,0.557559029,0.550428681,,,
486,0.564256437,0.493369036,,,
487,0.496302327,0.454496796,,,
488,0.468769121,0.447727327,,,
489,0.513616776,0.453045993,,,
490,0.535628529,0.489397355,,,
491,0.636486773,0.720539852,,,
492,0.698819193,0.775601194,,,
493,0.877933246,0.696339218,,,
494,0.525818238,0.536981692,,,
495,0.446587503,0.446184949,,,
496,0.45834034,0.42135369,,,
497,0.48408818,0.447181088,,,
498,0.537491139,0.517328721,,,
499,0.634646264,0.670985193,,,
500,0.783124064,0.732913478,,,
501,0.734905141,0.663226039,,,
502,0.695804026,0.747542374,,,
503,0.809620905,0.942798001,,,
504,0.928803361,1.071387499,,,
505,0.907989558,1.017363711,,,
506,0.871179703,1.011933258,,,
507,0.968917034,1.189896857,,,
508,0.871879742,1.005833282,,,
509,1.000098529,1.105728208,,,
510,0.942521454,1.073838936,,,
511,0.968370061,1.073643403,,,
512,0.856075796,0.89292032,,,
513,0.740049864,0.76316459,,,
514,0.760254099,0.800179368,,,
515,0.734430136,0.770875054,,,
516,0.595803783,0.620775867,,,
517,0.55657328,0.560430559,,,
518,0.609374764,0.659680172,,,
519,0.573304603,0.656467449,,,
520,0.494748286,0.52910916,,,
521,0.508621551,0.521319406,,,
522,0.585217623,0.598020828,,,
523,0.515537985,0.532670879,,,
524,0.614166093,0.606718482,,,
525,0.638821327,0.566639884,,,
526,0.563664108,0.527006712,,,
527,0.497678696,0.465189973,,,
528,0.54485656,0.512107142,,,
529,0.574034857,0.563883671,,,
530,0.542172794,0.52363509,,,
531,0.545651738,0.540636367,,,
532,0.653084717,0.684526483,,,
533,0.734391864,0.746086822,,,
534,0.742163877,0.799990183,,,
535,0.697200653,0.73611755,,,
536,0.611902308,0.570884944,,,
537,0.497353835,0.490731232,,,
538,0.433655691,0.485679785,,,
539,0.427298139,0.461597635,,,
540,0.379966045,0.415233783,,,
541,0.379230356,0.410458864,,,
542,0.429194185,0.414652983,,,
543,0.418756672,0.412942219,,,
544,0.413195246,0.461155122,,,
545,0.422603841,0.469418799,,,
546,0.410861212,0.417167819,,,
547,0.432471181,0.417282951,,,
548,0.408699217,0.410891875,,,
549,0.442913356,0.408246212,,,
550,0.490586281,0.458470902,,,
551,0.479713938,0.490764631,,,
552,0.513683038,0.463968634,,,
553,0.627322351,0.476006606,,,
554,0.749180621,0.62488838,,,
555,0.737101444,0.627335283,,,
556,0.754935109,0.586544466,,,
557,0.984734375,0.695898124,,,
558,1.220598453,0.878581585,,,
559,1.177059469,0.772079143,,,
560,1.423324761,0.795502364,,,
561,0.941411939,0.730966278,,,
562,0.660837879,0.576981013,,,
563,0.612208701,0.582996389,,,
564,0.493036014,0.506925237,,,
565,0.406912692,0.399279779,,,
566,0.355372577,0.346384584,,,
567,0.340781171,0.342869391,,,
568,0.390334082,0.365448979,,,
569,0.503831465,0.459002335,,,
570,0.565906013,0.550224412,,,
571,0.769258965,0.67667853,,,
572,0.795646715,0.690523741,,,
573,0.765159802,0.680629204,,,
574,0.818200171,0.704519075,,,
575,0.624659825,0.586665408,,,
576,0.604504376,0.546859349,,,
577,0.452034435,0.465071876,,,
578,0.420397609,0.422640391,,,
579,0.398641998,0.374665552,,,
580,0.44193584,0.547831637,,,
581,0.466171412,0.482693026,,,
582,0.491975098,0.44946707,,,
583,0.573383613,0.487583592,,,
584,0.602052027,0.523543618,,,
585,0.721464938,0.615926248,,,
586,0.829365054,0.745807783,,,
587,0.974426961,0.859905192,,,
588,0.618759682,0.570230658,,,
589,0.543813784,0.516087931,,,
590,0.68099616,0.594384697,,,
591,0.666865168,0.60063609,,,
592,0.601844782,0.583252301,,,
593,0.634641721,0.619883103,,,
594,0.68389217,0.691024973,,,
595,0.702896444,0.593089519,,,
596,1.017164689,0.796424385,,,
597,1.129274053,0.840915126,,,
598,0.870081744,0.815606383,,,
599,0.857022612,1.03625688,,,
600,0.900799007,1.048707399,,,
601,0.823932961,0.864865703,,,
602,0.668771634,0.664941097,,,
603,0.725363994,0.757976077,,,
604,0.769525508,0.776464063,,,
605,0.660551204,0.612715241,,,
606,0.602917803,0.57922286,,,
607,0.705344997,0.733417232,,,
608,0.734106337,0.770000097,,,
609,0.621160865,0.643633354,,,
610,0.618266455,0.699966144,,,
611,0.714346343,0.774310493,,,
612,0.659356483,0.691543769,,,
613,0.543957016,0.607955286,,,
614,0.62453431,0.662532047,,,
615,0.686271007,0.713345669,,,
616,0.603283648,0.653718003,,,
617,0.586212718,0.581351103,,,
618,0.67185989,0.708211354,,,
619,0.689216975,0.71961885,,,
620,0.62143599,0.63888837,,,
621,0.718236423,0.692427107,,,
622,0.786847769,0.809696917,,,
623,0.706503962,0.750198154,,,
624,0.713264343,0.730522838,,,
625,0.966124885,1.081790105,,,
626,1.278204702,1.352331,,,
627,1.407739318,1.299282697,,,
628,2.431707797,1.988429484,,,
,0.627242904,0.631177827,,,