time,1,3,6,18,22,32,33,42,51,56,59,60,66,67,72,73,74,75,79,80,82,92,93,94,97,98,99,100,103,107,110,117,118,119,121,122,125,137,142,149,150,154,157,159,160,162,164,170,177,179,187,188,192,194,197,199,201,205,206,210,211,214,215,216,220,222,230,236,238,239,248,251,252,253,255,256,263,265,274,278,282,283,286,293,295,298,301,307,310,311,312,314,318,319,322,323,324,325,329,334,335,337,340,352,356,366,367,376,385,390,393,394,400,401,406,407,408,409,413,414,416,426,427,428,431,432,433,434,437,441,444,451,452,453,455,456,459,471,476,483,484,488,491,493,494,496,498,504,511,513,521,522,526,528,531,533,535,539,540,544,545,548,549,550,554,556,564,570,572,573,582,585,586,587,589,590,597,599,608,612,616,617,620,627,629,632,635,641,644,645,646,648,652,653,656,657,658,659,663,668
0.0,7.980219084489057,4.5474508410287875,12.003434290413706,14.393458869074793,15.938170100074688,10.238074533651668,3.867692553167977,4.310702558936351,4.374512036541697,3.554497443554169,4.245883401510242,13.40548518436472,10.352014978307462,3.9797379912496975,1.9890234683930035,11.50761366881548,5.360460768315738,3.0597780539989015,11.130974825055809,2.852844443975616,3.4057518711010517,12.247239208834507,12.350813136692288,4.559217522601698,4.686129990795565,14.759001726151688,10.534086621572483,3.8069549878113613,10.44371003738437,10.427656579546264,11.103893030150866,2.9187133706007846,11.433417164151788,10.710740363683513,11.35394180522158,10.259756245394328,9.28800907509898,9.143626197564808,11.019324731018983,11.83421038586446,4.414167269717599,18.708527804723794,13.021237760200982,4.962588896504264,2.078491677605805,13.586301234951886,9.127307085681748,10.42498455533575,3.233785078221574,11.246655446073712,5.505741847517808,4.331278270895862,13.577413827115421,4.011583537358629,5.683762555982491,10.343340235460843,10.558171623855301,10.434226952394797,3.419549741837727,11.625307890206297,4.582947164045565,10.50113553743318,3.9778247248808447,3.8165392854114066,10.455054313695646,4.6339336225373104,12.141239672882046,10.442138683645267,12.639895280351361,10.178329868800153,10.383012307685068,11.315473612170388,1.6859566581484988,2.8360416926561487,13.510693363043327,5.002207679414996,4.521538595304771,4.694693743633859,2.502056220400006,11.747617755010731,3.9490303950681267,2.049883453457074,13.648115049396985,10.393421064362693,9.853834322182852,10.515730987768013,4.550057229818352,3.912715741965088,12.172091596509734,4.622276575381089,10.152195894755877,4.031225331715888,10.465190807637457,3.068172231488017,4.671525952782735,5.053212137404745,10.663799398535485,4.582878886436665,4.720857005655527,2.3983130051234585,7.896537916420982,4.582751793312468,12.161776974779823,14.084624261506226,15.960873351370452,9.544031807894926,3.9032465593088994,4.277929211489897,4.176636599453073,3.308414471662355,4.231086437106672,13.052495966994565,10.41421717819526,3.88149375926196,1.8821230647686056,11.310500669482012,4.7158285560039745,3.711222741109349,10.616685571405771,3.616079573213929,3.3601372955676094,12.310214459345115,12.282154525991206,4.300346960244916,4.685763676505212,14.87564408415886,10.64355196208232,3.755151452867794,10.462182754400567,10.274873625480518,10.33440323255887,2.3626893904418886,11.579776214320914,9.669460401312717,11.311717368972927,10.344753949395717,9.258553353514396,14.151240469057367,11.095282914015124,11.738581835064647,4.188226913607646,12.73846757830795,13.72521792694425,4.515846655011605,2.203808550462288,13.914417102187231,9.021081853131294,10.411424929332698,3.763277848432519,11.60656627389283,5.855493722164316,4.955551255233857,12.793776418634032,4.200230807755288,5.5928601966432865,10.285207011924356,11.133852799933686,10.462325334027721,2.131253324093349,11.825134132083184,3.552154243327622,11.323700545044248,3.721086273835943,4.057895766231409,10.43639582624986,4.641752941031099,12.055322359878868,10.43379631420427,12.674121431546817,10.170374230522334,10.28424895633183,10.98828319854068,0.6796662415352045,2.8120495759683175,12.923861792606104,4.591204442869035,4.473523939625958,5.020501790328142,3.0146066117778214,11.520950628129574,4.248292554603229,1.9680789701806023,13.350448761549172,10.388342270140775,9.815671481909288,10.577814985494648,4.463755080795356,3.8982648373635964,12.159345978740534,4.484058368931752,10.272667560669001,4.174110735351354,10.536060500143703,3.622825836480991,4.549938914808837,4.785390318223059,10.58277403337966,5.078357115663583,4.574444117966726,2.891031176178783
1.0000000328495406,7.936537106318155,4.627548848196385,11.994463381801271,14.842823714898461,15.223623044072584,10.374083420258666,3.831517532153507,4.490157247343522,4.1249680632925125,3.2495755259169727,4.3181117380673335,13.309050571237279,10.426841137935131,3.7176218791828908,2.8682285134208865,10.724662483050226,4.9317243199225365,2.909980931409549,10.558983393968127,3.59901166727277,3.693835683945948,12.235861290814361,12.285875649887924,4.589193017937794,3.4164252389798087,15.023944686242702,11.692207723188856,3.986129500986254,10.394159171040993,10.40592264517677,10.431725701484492,2.858841449130115,11.589821094782861,10.526111084439599,11.366163632020582,10.286187192814976,8.965662488935084,8.75152855667701,11.111790369026407,11.751320902387349,4.3970387834030795,18.153320422444533,13.059271924380022,4.963340301189653,1.420798021260306,13.46418301092919,9.345448634819114,10.325430941345225,3.2159728823521827,11.448041513512948,5.815726005286334,4.531143679989855,13.32040115425245,2.523177872118467,7.142142752039442,10.376924437988574,10.412607260912436,10.324496773046638,3.2052051554663117,12.241128285841338,3.590760828435262,11.468230293780348,3.5058523427240837,4.094142335070413,10.406672730141432,4.684852260425476,12.480406063452225,10.416868912508782,12.442607048065737,10.402366653542963,10.341625445762435,11.50452758663201,1.223177944881932,3.1639751155354885,13.63010212386858,4.636572354429584,4.5566044385469375,4.5378320364777105,2.331312723625909,11.285425533124286,3.1932070888293076,2.8608822373282354,13.669210414151397,10.422904141473238,9.82241060936933,10.680857739873286,4.368442091919206,3.968836066696841,12.392548769285794,4.767283609165764,10.191055452335007,4.316424941920447,10.567063717489615,3.267516477669002,4.523378351212485,5.209215505498712,9.819827567132025,4.853283415889905,4.598436305408862,3.1814737016901056,7.934839615253425,4.654562503852397,12.170632143939555,13.967418842903855,15.99851524362591,9.87290101200531,3.8935698257249527,4.325680571569766,4.205914907016808,3.728877859774819,4.599794174850216,12.997327184247993,10.359802789724736,3.7405866085208337,2.1427429464188075,11.452642817423293,4.725431289032073,3.0664142362359352,10.503152370561994,3.6451768765566235,3.3837444202479143,12.460346905843114,12.322445702208272,4.458605354137629,4.332333296563985,14.463536022881037,11.521182163637985,2.685152895549561,10.380347281639903,10.30672306380821,10.231969731902453,2.5084458957676703,11.603331277064344,9.482839674552608,11.186843640693,10.352841655425149,9.023287581995023,13.907352258319566,10.589037345052308,11.686831120718885,4.264918204756585,12.581053159194381,13.201652017541011,4.918836767044312,1.9283499595068634,13.652492815287385,8.42597218223358,10.344348133839784,3.0658386267647,11.565615915608392,5.278108542546168,4.087749705823306,14.226388017146672,4.320060781126369,5.5077889437548,10.359086922883199,10.465150330712145,10.453086790334696,2.7939906397047287,12.225249369059206,4.437449541406411,10.471575748603916,4.03785542286959,3.7780088499950315,10.394150196127514,4.3412472123550065,12.362191409091167,10.323594321488866,12.247447473537987,10.221795683665084,10.77062580806539,10.97071179884853,1.4341568162758442,2.517808782791619,13.566986470890438,4.429334611047004,4.46135696433778,4.7238270995189895,2.6920730394266608,10.920008159373493,4.12167707003633,1.9745323300190893,13.091190677265173,10.207193637948647,9.550958088639282,10.416270492047447,4.6031805097649166,3.6148828029280846,12.051185084605489,4.537136901932354,9.96533237525151,4.01064880651373,11.524937725215125,3.4231768853277784,3.536928596221295,5.152657803555272,10.919740817570109,4.703565285090552,4.562965185133417,3.2340577638695516
2.0000000656990813,7.957833119570154,4.617628451378579,12.042432326023787,14.431483111007468,15.892431476080342,10.106596096619613,3.7887064469671663,4.086434764615222,4.236109165708891,3.886034982876907,3.4853636729568667,12.956446202582248,10.482614950802775,3.604504264435825,3.1769793037874434,10.531970014494535,4.678821608350988,3.463339808701235,10.5302722817708,3.6635943177567234,3.910744298269352,12.330498175592718,12.306641156563305,4.593042987127614,4.65888740258145,14.67923743840714,10.548775326007249,3.8057410626093824,10.493454485159843,10.404452000899363,10.34742351775412,2.5191798672657866,10.445643972820557,11.190835227130462,11.307194812644545,10.253106613110964,9.253014034337177,9.12486642271309,11.184935524264565,11.763106964276977,4.311381984362046,18.53000071906823,13.482186381469571,4.522172274398024,1.1102392876014464,13.33717666528285,9.333275730720917,10.290158545600292,3.306762500657743,10.005501576564628,5.606243697904195,4.1499390394265365,13.1895443994337,4.737879101007977,5.716933546090844,10.362696345490074,11.396392026412535,10.214596458081372,3.4811138773577857,11.789897594622365,3.584805991034308,11.378394467297534,3.68128702921346,4.0786619334631125,10.42352704825249,4.6532924854438695,12.298306899489338,10.44412078200905,12.411003919676894,10.230079598768294,10.42368000617153,11.202329475748105,1.9596050501141518,3.1990296461937664,12.99436958262623,4.978613989222082,4.405660206533165,4.22888030264843,3.1877512266424866,10.670963678789928,3.9005220749835394,2.1551466622028785,13.88767797622585,10.573812644886543,10.194418364035897,10.48450924689198,4.640888763510867,3.916755357410121,13.103521554854606,4.58179007281656,10.14318543087582,3.325669104090509,10.474262594578956,3.1645797331162955,4.598879752494743,5.013741711537567,10.606406942020772,4.775599265261409,4.640674477020887,3.339222530223559,8.847455669744136,4.591485660904279,12.090997929642297,14.16843313250502,16.499780901731718,10.444228368692956,2.9769497352873278,5.252209865286695,4.156603146133673,3.840475029099846,4.337309988307783,13.428350823234872,10.4706608286916,3.8352154836196646,2.9079293437170373,11.4859709918068,5.011883810327882,3.6430158864333304,11.345367060211101,2.7014154558379,3.454712073046079,12.379219088193278,12.335721767962276,4.534939299745007,4.450406738738198,14.69410875756398,11.437110070354276,1.9137559005467257,11.126131776034132,10.532566193918905,10.156272959080917,2.358987465989917,10.606400703702,10.266661241416042,11.386578677627963,10.302296859694373,9.083074362158563,17.7831618469949,10.870775643985235,11.786969163710355,4.173239951037717,8.86452596329585,13.57361598497476,2.4467879339435106,1.6912678738873859,13.810837428590665,8.847217570144835,10.342557186106822,3.7257896501466354,11.292442297468991,7.3941661253135225,4.393259300230142,13.342440964168489,4.200869750150258,5.9766670062157505,10.1765926057852,10.561914636122415,10.458470558646313,3.4454057016689457,11.848321690552433,4.645329174725016,10.306470250314108,4.174148433485472,3.599214299977593,10.270712361513116,4.361473053792451,12.476184315523266,10.363715789251222,12.712537560754823,10.288445297548396,10.214861444442437,11.131039994090777,0.3203116900479447,2.969335015938794,13.803421707398613,4.811763318538041,4.325082847080518,4.966182065140481,2.6395539218085995,11.862912178992397,4.1190631754575575,1.902831236979692,14.139198365591136,10.504817807605377,9.767186437869876,10.264159230405355,4.058998524632781,3.873505427197132,12.387066638982583,4.764320563552807,10.056577830368324,4.242033793016788,11.563796348871865,3.331311601856693,3.529259226440768,5.090856169578665,10.32282493221995,4.766732880918198,4.361387259685262,3.1055010887479972
3.0000000985486217,7.973943047502021,4.596084303666539,11.942179817320744,14.218129079813753,16.038553539323047,9.387329504481174,3.8529254501958308,4.513956004255855,4.31755211772751,2.8939384092030704,4.133556349643293,13.283355873203178,10.455556256640683,3.5424420325083323,2.9230487319895873,10.637145992226811,5.11460400244046,2.986067390883881,10.426444550377065,3.660242265721922,3.484958978798201,12.226578271313784,12.34353823340972,4.436945629759404,4.606596856156789,15.308282079894218,10.558527145605591,3.694604008585597,10.44401112133076,10.430675664674864,10.252181304523557,2.3042319394371327,10.493122497223498,11.669847889818133,11.308491956071542,10.336302323264865,9.07957825426951,9.041025071772502,11.153913832245886,11.81349958171982,4.092297077626403,18.413719791639686,13.28554679507777,3.137914237009007,2.0515068861427266,12.925448323112246,9.81830803547325,10.383092726741753,3.274847188867954,10.864134532733086,7.543868810708725,4.787734591932827,13.890277046684703,1.9747034179044358,7.040375574396268,10.188504494033605,11.472853842751547,10.234512549029033,2.6628244487493418,11.998828009486123,3.4581243201788845,11.420203476875574,3.904014603811065,4.042616332469889,10.357436561396913,4.661117063542815,12.239736147308511,10.429544174485162,12.475323697889072,10.141073734891421,10.650172422226966,11.621065342146434,1.6156288750310457,2.784101453711287,12.887988291685854,4.902418839636248,4.595695682004833,4.946214901893085,2.506323326055928,12.099241011519071,4.109425088714408,3.2457343169953563,13.144215664467692,10.34572389489577,10.19609229999827,10.468407264695784,3.3725957085812706,3.9679239188750883,12.349902363087708,4.720691274602317,9.847573748845004,3.772412996762915,10.558878621465224,2.9837224087804657,4.784580964514654,5.11940992346285,10.34689354908241,4.4796154314121015,4.713346415899882,3.1563061743407435,8.047809104306669,4.580850823483974,12.169150477558121,14.510507282899876,14.492786036912289,10.402479108348103,3.8058460017514566,4.352037318418073,4.197446572294456,4.411321074111791,3.874578707310568,12.765191715716762,10.45231600103554,3.809738863520544,3.017877447280373,11.535910611264184,4.498216445230992,3.711818565437983,10.606519575886685,3.619384303597101,3.1319104974443737,12.382506272768326,12.35434575959585,4.061198533384875,4.5136380575235275,15.067453497637597,11.475129682679347,1.8043669727142166,11.049456219848546,10.458071748943663,10.184249212112896,2.5271940626795417,10.646007100464232,10.47032569360749,11.478702691846465,10.233423088697036,8.805548677955441,18.10390753557528,10.783745496799074,11.611799794489038,3.264909882094519,8.772059271985022,13.448896703216054,5.095491826805145,2.429010775173887,13.560380027657922,8.314138807968233,10.338048037527882,3.6372631681251715,11.397286203542587,5.420140509712144,4.419049921415968,12.056038778115179,2.9366221508710786,6.789739590003924,10.294598052550278,10.431765284355656,10.268855328957308,3.434233454178697,11.761906325021593,4.654365640017328,10.434101716316803,4.07455933401507,3.7497382344175185,10.152118266112545,4.407680550297481,12.521407888042443,10.407201837444115,12.105577675307437,10.264262148391861,10.486779008268485,10.903263562874349,1.7162697495608277,2.7748070392462303,13.05913616792194,4.801797784985885,4.530769680345701,5.223716641789103,3.660733960914813,11.532559064046445,2.894605027538465,1.8541566418760098,13.662506147459965,10.32496440157212,9.453385712061012,10.411855340610488,4.064042315851489,3.907477565889835,13.283397900179168,4.675739931548362,10.310499632550734,3.3680533547582794,11.462559695316854,3.603242044443237,3.5289120922603225,5.213010344995734,10.171672845188324,4.810484135932811,4.6411475153905375,2.9361385010765026
4.000000131398163,8.004581805455391,4.549441208537964,12.062172643869664,14.490981262596307,13.640208181463105,9.85790494488349,3.807725449972417,3.766219471273996,4.2554545891649065,4.265276291956333,3.2855791829957965,12.949525208537658,10.26751558953071,4.267266754688334,2.6476182652990423,10.690327920321353,5.190227030630265,3.9247249172512997,10.557205505677182,3.6382073582533856,3.8586160830697507,12.240715431681432,12.353430182196561,3.9591589370420444,4.749284856311904,13.038422790565624,10.54601901963464,3.7651899122410923,10.466937727795475,10.41694943467779,10.289370089752627,2.4225957019325723,10.736872498888673,10.284725626933895,11.29170245908431,10.324546905012276,8.966797693738824,18.60049936807652,10.535369671630827,11.712155123002104,4.651740122173018,9.214136417025435,13.424073160602601,3.122186619264446,1.6194606077253904,13.070456546258093,9.561387281884208,10.192910199428972,3.138661427951732,10.960330413414784,7.086197152027588,3.925563103768354,13.527836812095604,2.4759518244554286,6.857061073952397,10.097227379034528,11.412354152010733,10.456380575814967,2.4790341116978625,12.365307375854611,3.548969542878536,11.298520818154698,3.9027494520675288,4.149890184337742,10.38159543582445,4.6421882630332005,12.0049366372158,10.43236320588016,12.521826948188151,10.095243150446489,10.540580960039819,11.399383781488526,1.431992017908951,2.824275285450562,13.749749126574988,4.813858693748247,3.762705918262339,4.632850421688141,3.3093369568358164,11.070845481604627,2.9525981116304387,2.6603993354307804,13.41329560656017,10.5879038280433,9.68088671335455,10.45952311737291,4.326053380675382,3.9047331275646675,12.232260740730887,4.720735511720641,9.693875750005997,4.009187598695748,10.559040604376012,4.833124347669123,4.492947241076847,5.726161130369783,10.219109462467213,4.793406650892049,4.648669481879873,3.0855477436777243,7.888778231506554,4.599065056145692,12.344502850296807,13.791202260173955,14.830141508679201,10.408218496143792,3.9165020024753274,4.3885924732435,4.23007759236352,3.9441870312235654,4.427169749993787,12.638528056059238,10.384848682674834,3.561860436688087,2.125463088384996,11.457704528216409,5.188542597011728,3.617041965610341,10.536601833956874,3.5816488250284633,3.482098203699807,12.264914503574131,12.329463844487135,4.06804143631305,4.461937446306898,15.410107788823172,11.349538892493053,2.889749368932057,10.470743948727591,10.071617512930906,10.251078086547205,2.615108517106358,10.728166784432998,10.322748688981935,11.181412717883477,10.323591357718335,9.196919572822518,12.498990225267463,9.904789224342721,11.711810423837939,3.1378436132299683,13.52781549087947,13.037488156351538,5.220242131645624,1.4381718524305027,13.531874806038548,8.843856698794333,10.176723797604133,3.209567441018532,11.49011666629918,5.446126308869251,3.2609977224474047,13.166674382607734,4.053489152022053,6.4632194112102095,10.463107818577386,10.45093955467138,10.466714322680458,3.4894064127166247,11.863918396093055,3.519471039322924,11.239192518405783,3.9906088843565453,4.0774737464569,10.340913571868287,4.624216313112731,12.344193482507594,10.378533611339432,12.627602503405623,10.240871878982066,10.590098213604815,11.376867275938253,0.09381615767461704,2.761251785232823,14.189002620383443,4.70832473351725,4.502186603373871,5.084947182507167,4.414019680752588,11.787192884881048,4.021064257659053,2.3348633537196144,13.583439835886956,10.333760210023597,10.323647042961335,10.454538370181316,4.051340229708695,3.8275311577725963,12.30465604000538,4.500533484247057,10.073929046065738,4.0481252096130325,10.654429098095171,3.543024934272449,4.461253176625426,5.777268680564134,10.767750760871692,4.588246203171298,4.631007512364153,3.1218128560474563
5.000000164247703,7.971967231880366,4.7113240522332545,12.249346619742408,13.413322991349272,14.965148269519894,9.619256239149818,3.8437878221956248,4.267043249927079,4.206087328499415,3.269283490789552,4.223266827938631,12.668115732921434,11.341712668031983,3.2285719119782383,2.9964975523636346,10.626723123893667,4.576094560018882,3.7503475911299162,10.472132568761092,3.60227998090376,3.759806938489663,12.281402680740323,12.34954853736875,4.042925496431445,4.621822254032772,14.727890732500843,10.689424268627937,3.810294863513522,10.400607112241943,10.319596721833111,11.361235303729146,2.819912909558436,11.386643596242259,10.074894524437447,11.340372924143736,10.379672324609306,9.132707484744179,9.081100143407907,10.582063156121285,11.75741329697784,4.282799211946242,18.62022975591898,13.206541785832856,2.87835619537276,1.5783002876408996,13.361346088836282,9.355097008940124,10.33672057624533,3.523883921765218,11.383110443302614,7.100634291432661,4.6161964231511154,13.52755954253913,2.127147527304335,7.20570422485162,10.408037175074966,10.323920930441307,10.469485537188541,3.1253764499763768,11.845670741686126,3.4211152176136026,11.362883884807811,3.879029894846922,4.039702175725756,10.207862937336348,4.6831043885896495,12.187906688402705,10.415661160672078,12.975536837492415,10.210640620019932,10.60345201304148,11.421041282005875,1.5321808553668284,3.070318214759334,12.948628846288802,4.819168966085891,4.566412956204485,4.3792786446916425,2.9980541874915767,10.317007843372744,4.193326163842372,3.3708031251184156,13.535108582302424,10.461863493417205,9.262171815437519,10.477984660943049,4.081386735187141,3.897241720672936,12.178200373099436,4.523020086714446,9.926623911937812,4.0205277776447135,10.54457334119266,3.1369614575261493,4.555524250573091,5.150023345629676,11.274445901050285,3.5991992234590016,4.723545065506377,2.1696981631075762,7.893629198671008,4.637706908035295,12.394238237517865,14.316256628262938,15.823202407121984,10.534255747421414,3.9329886913049865,4.770914708256833,4.254100252293903,3.3219201467941155,4.3689919983290455,13.319152406908959,10.466037273551498,4.0717315779575705,2.027304230725834,11.537742889544626,4.540902128890444,3.539033378792503,10.532310120052346,3.5696493430018377,3.3964008332712643,12.229940635798622,12.387481016897794,4.245981807772071,4.498597357024787,12.840266466017146,11.646902056218424,2.8801922276419676,10.40902930593535,10.112087401769012,10.088327727860953,3.030211403434583,10.714584545036494,10.078809722689465,10.979607440779649,10.23697741961687,9.251229113574032,12.747796617136922,10.185442099763092,11.558067685005838,3.236043593346462,13.767496768271025,13.315911132576817,5.0623651136644625,1.930387280488363,13.521717071463208,8.607158866888316,10.296698179895243,3.6655739278420976,11.319959886000673,5.332512605036198,2.7796153477714407,13.807523072494675,3.742480320369918,5.751227021240784,10.364470910597417,10.496717872740154,10.487222920167431,3.3793364329160958,12.067890305089067,3.9622262793519263,11.117041737673201,4.032761288062013,3.922009128726035,10.454427599715007,4.284743073725058,11.636836961005733,10.321312954303705,11.991642401671871,10.41935450180634,10.469897432904556,11.483126316010614,1.2494365178487161,2.9589938109093503,13.18556734011865,5.546341480255091,4.533629258816846,5.342841023745617,3.6564741101476543,11.386049083119381,4.20542675120234,2.2991345817257396,13.39228747802813,10.402032343159604,9.71433513410861,10.497036258570917,3.934587917623385,3.2608245562180493,12.201649813384867,4.557587662024066,10.174651629857278,4.08057084713754,10.741712970888088,5.01400179627079,4.348696507760116,6.357444881917109,10.727046676845042,4.636588606433395,4.618514969476041,3.1240657332702613
6.000000197097243,7.98621670170055,4.586038568860074,12.00935401770888,13.598364951735757,14.97490506322969,9.894532333568598,3.748287358814755,4.124810920796956,4.247336815920811,4.961844796080752,3.9926435451015125,12.8949013367097,10.371187636449104,3.470876664201375,2.7716369692016944,10.80645664761403,3.942121390595745,2.436514168534747,10.356826624315405,3.6109257869368663,3.863493833180122,12.240866060350198,12.301455890934271,4.5824172325040635,4.630991007125708,14.718798109711093,11.428099136619275,2.9942979972234056,10.342071421387441,10.409284089987983,11.376276993851064,2.7279957401178274,11.49263969213795,10.697500489937905,11.737477404611813,10.277558550494009,8.985340664671115,9.018803859290438,10.225842904982361,11.689838220962606,4.292514785239101,18.683346145271415,13.377732120103786,2.71043684092776,2.223285037124097,13.284957211559991,9.66464325296535,10.174591341215118,3.1424717230975565,11.244785189976316,7.359587497069906,4.512506100324035,12.865412245180178,2.1783474993166565,7.112884850952672,10.252315266250948,10.514106574259088,10.424684157386702,3.3416230156447884,11.84501969964035,3.540161766438266,11.354851445639754,3.8972364194973586,4.0593709157689535,10.252949129778237,4.670761453231941,12.162332618683095,10.423706947249123,12.366360528056354,10.181970895831713,10.675757806481268,11.78169340985055,1.329754523668203,2.9173836230921624,14.190481809823252,4.638246331461887,2.9109628765394766,5.135177432922535,2.475851537992212,11.674608948038507,3.630794150538286,4.177914511347275,13.200955038411394,11.185769326485731,10.062942447098907,10.51400290332294,4.102995450354202,3.889411449013149,12.224292409105047,4.81436540598982,9.67279078838086,4.06657993948539,10.573647370472578,3.176728602895287,4.613435012224133,5.2967502088971505,11.239710956143798,3.5669564605865496,4.7627533600981335,2.125391043694816,8.934158559587459,4.525500260505539,12.301824806418596,13.950312572508125,13.5052592740378,10.227694479767152,2.9536882832918057,4.6793863786968055,4.32867962722179,4.052471418459,4.354768519143246,12.432653608096953,10.50134460227404,4.222403329611892,2.9802254615049497,10.772075379946253,4.821034063762971,3.51280827415152,10.311631636124304,3.6888887269315718,3.329231535239292,12.376269267894827,12.42449374540889,4.324731360338604,4.547805406986574,13.691897375031408,11.514141790711461,2.6758275705696004,10.447922584962273,10.069962885667078,11.25730422396404,2.792996664313966,10.679506847167165,10.27039275202456,10.872718756559037,10.325362952930915,9.18016285377684,12.588530262592808,10.21430772302639,11.687700884072054,4.427167123963379,13.940842615853349,13.110101134695228,4.835192557152927,1.393476374014631,13.606044993705645,8.001213163560564,10.281467964056986,3.15423958569856,11.4732131735525,5.591639471818948,3.8917778773884484,14.08854438718272,3.6571183952910404,5.793390666212814,10.3276880909617,10.486323107601264,10.439833030452982,3.432750380236288,12.411041926621932,4.409608607616394,10.646265267834229,4.213265786064775,3.859373585204177,10.529616637732204,4.675373919900183,12.33412829630972,10.370455035484234,11.94348252281465,10.166325874803343,10.126796919945757,11.59494359380237,0.2960997334166404,2.8200004211671383,14.526868659271383,4.675105615420954,4.607753721680106,5.374808388773273,2.880764845301857,12.196323121002159,4.203893158317041,2.34033488105564,14.268520495717523,10.41241056814369,9.941562434973061,10.27196033615438,3.6376473008255346,3.3364148107975193,12.336555032260474,4.653019012754941,10.1969805975771,4.298460923719798,10.563217014619882,4.986225205132382,4.488419430432271,5.500019619407416,10.910689416392612,4.638338775858695,4.538528319352751,2.146277877569102
7.000000229946784,7.9838742470273925,4.575933834706934,12.125437522934396,14.204694455881176,15.35899504998985,10.505977553305598,3.782272161203367,4.544917386283569,4.221279980934854,4.179650098300801,4.878237839012547,12.964587340171718,10.367029933959046,3.5543050320367744,3.182816042911564,10.651222765512937,3.9746291884362006,2.5493184781030145,10.359794721767532,3.5700878989110016,3.7758482865183667,12.250867771640985,12.335396338439253,4.579901866355381,4.531485041923926,15.061070103279503,11.632745235825258,2.7268301216445026,10.41693347640187,10.362470757614402,10.461536187415183,2.685746471257565,10.463037144159394,11.674250690038242,11.532987512113683,10.290162082485145,9.288638086231439,9.060980925846886,10.30984888776236,11.70088207887316,4.355949298673191,18.674803927228943,13.03004327536143,2.3947062264890384,1.8981804372703455,13.61920781694657,9.84750572192792,10.317346124320304,3.411675382713454,11.50269058921656,7.5592958527456835,5.248964092890675,12.703902114729232,3.251769958780969,7.048322012751427,10.366458667314795,10.482393299132978,10.408015347648453,3.3671687777509254,12.27055744923009,3.519423010563615,11.297356789463933,3.5024409830737318,3.973957477093041,10.37203536621119,4.629770953313365,11.97520761691263,10.385155549779206,12.295017290476219,10.221709209400709,10.833607013460181,11.963421608707757,1.6935693773790854,3.016088460465997,13.894022046100241,4.86439933612083,4.397956080203835,4.55699156801563,2.877114104875038,11.356160436742368,4.276094203868005,3.98643808554735,13.24268929202367,10.299527716246205,9.968895318457669,10.501590896566793,4.143084999825666,3.7711675428766362,12.232896880073703,4.640679416470088,9.938414087091756,4.118463711283127,10.603583088931572,3.053127124305485,4.477038356078553,4.835875152455709,11.256769566507879,3.5802379708601055,4.7056253888334405,3.110310610264143,8.90995287337882,4.602607662741011,12.394864169717591,14.407570235985578,12.24148878275489,10.342873244361707,2.3747682054118497,4.360724321400392,4.218151552756988,3.624000031685074,4.369013428598433,13.152825447020295,10.425031595984796,3.80431783818639,2.949178900726798,10.753287649909382,4.993325155255773,2.8102069982114775,10.292630566962448,3.7005778798822835,3.597171064837538,12.202721271732836,12.432460629630706,4.501891676994927,4.8223970668722735,13.906037406972503,10.62615577262343,3.291151417529482,10.5053643759549,9.999755746315898,10.14066779869079,2.750099329622932,10.514664022601163,11.37628825976878,11.045117265828871,10.28514117328919,9.276434689321565,12.605658905164077,10.028870987473512,11.730143785156908,4.455641596142457,13.676238928569084,12.56299465713829,4.4893739274873585,1.448896390637012,13.364555073379616,8.513653588090172,10.343533111010307,2.9702577051954133,11.409175482571365,5.467855544062999,4.124967297609132,13.40345876853847,3.9001548511431006,5.965088643719078,10.272669197105362,10.675079987950642,10.469071788791252,3.448818463625564,11.981345278040262,4.433524319226265,10.912329281600682,4.089796186462042,3.533236426333516,10.470395749215623,4.706867745216437,11.767823572316729,10.345468610876841,11.838940124638492,10.238193776234477,10.69776959519184,11.784406702208946,1.170446471474716,2.7440482919438494,14.096219489308556,4.722801848543176,4.437363743868454,5.281852722761712,2.8724411897148316,11.43014247250316,4.191545479241763,2.0189093431849194,13.970789777728813,10.503736807885355,10.024227753543851,10.396264212731904,4.438021193051884,3.234369954857273,12.154184959645745,4.6550635296028755,10.199849779245577,4.094921488278316,11.361623575796006,4.889927677300962,3.821950167640698,5.758503744616207,10.864309869087874,4.618095179106337,4.6212880552390265,3.169411814058075
8.000000262796325,7.908127019093777,4.462837367063339,11.871918821649583,14.803702921362323,13.533195223554133,9.555573986892796,3.9200416986276867,4.858708774648611,4.25088133032399,4.487985900345704,3.8764906570323614,13.258559424803272,10.400484602979207,3.729316864691567,2.9293930809931297,10.758991496120641,4.159570254503609,3.3396856331418565,10.2742660885825,3.8204916246610865,3.3388753885795888,13.909137157398632,12.421197301614361,2.6708407297757604,4.225823483302969,14.761325600843863,11.58845122680869,2.7999135524107315,10.295660299390716,10.32274996710725,10.465529432401102,2.8786007253788326,11.292460680952626,10.178115996066797,11.411309778199234,10.314464477534198,9.207955948416066,13.830140892271155,10.247488396619058,11.545456002713815,4.314803107938518,12.561050034605259,13.113668844493347,3.835396350788331,1.6685175590503862,13.404360324130726,9.461581729486204,10.271151103225487,3.314977181366297,11.41142784087561,5.814737792691905,4.667710444136825,13.68432671262185,4.659205699324422,5.8066596908306956,10.425767088094274,10.463923573772087,10.417892757788143,3.3000675054245203,12.07523279656294,4.4565527036636325,10.302440450020994,3.135479807037884,3.885511757288298,10.362822574529988,4.579436167379781,12.531702617804296,10.437889200731911,12.629585090650997,10.044458868319065,10.879747775366997,10.402106814311999,2.524030470403436,2.8953158932287835,13.554148043825094,4.694209017108299,3.4834867367715834,4.275480166483591,2.9631386893434,11.26531641944172,3.4843926412835455,4.348807131365891,13.644234056443473,11.4530597994459,9.819464711951946,10.524151729487484,4.557020179902185,3.8520322424783178,12.939788537077336,4.7932853579987285,9.813992032243588,3.2203020181091415,10.493967311928007,3.2386318116076107,4.61744472515934,5.004106236041483,11.087168715092847,3.6014452421984844,4.714378504521577,3.083997379943327,8.663037923758809,4.59482567880101,12.291246210863266,14.31510023362445,15.64858432744748,10.41638968366536,2.5620460490967165,4.06539669600843,4.41099083783847,3.5846371032273154,4.209228624291505,13.16514134251567,10.455140081738154,3.9478940836884,2.1320662893575193,11.46207104534523,4.632371328757707,3.7859822993812715,10.436795376170977,3.7642625511909844,3.67789305408708,12.299545392255352,12.418824256702933,4.576552173091917,4.493823262308249,13.661519033233898,10.521081498581294,3.8978848407152875,10.256334632116541,11.384063450257672,10.315553112833125,2.5422311926835053,10.758586007872047,10.061412274234836,10.914774684778049,10.292138980819741,9.180838036653444,13.865658651690595,10.72603568279678,12.587864054208705,3.436769356312409,12.720930575608998,12.719018661826238,5.202160297469337,0.3594637058436512,14.089683340505392,8.198128823013718,10.327047151162404,2.924106090713989,10.32032999933881,5.424489994626379,3.9377563201878867,14.336652780751452,3.1056902813309786,5.93217454424229,11.234233254635992,10.551263818714757,10.482075933072908,3.411375690457332,12.299939998785867,4.368117984061913,10.84679623826879,3.548493542618378,3.7875485764680454,10.40903802574637,4.671423702545167,12.102405019768067,10.292910423219661,12.379976559403625,10.215414835395464,10.419487918566965,11.910402078171431,1.7137815993506837,2.8975027259708743,14.209432436085246,4.505253001540806,4.552238584605561,4.609282900275661,3.0830818458841844,12.033575576670039,3.5212567244847404,2.1335550477063823,13.72576186350127,10.343341105359041,9.306238018061041,10.501041925327037,4.1345518422211915,3.425688092716579,12.143422136032887,3.6027677422326567,11.198187969063525,4.171626462329607,11.621181009589142,4.924994636103104,3.482830798492479,5.245710407189322,10.323805745591118,4.702543538900156,4.579490645120453,2.0808998601674182
9.000000295645865,7.937816773081409,4.56828710775254,11.953220243807136,13.986995789150068,14.182815565875385,10.435925795152444,3.868116943302797,4.376392692364938,4.143443609335812,3.3362724463169506,4.449678895845396,13.267166656762926,10.443006280834247,3.5102552112320127,2.8552742655989736,10.78939854800794,4.385758839935487,2.9336418000128437,10.176085230251253,3.656072438388663,3.333983548749258,12.948334255244509,12.391878974833391,3.9002570630153595,4.685353954041252,14.634935173489193,11.536312628114546,2.1501808988818745,10.35471101127502,10.13923031105375,10.476561188560755,2.6275448713935674,11.471209035258132,10.73978321021986,11.18486485297063,10.483784951917709,9.081485169015835,13.396966651241623,10.251692374130768,11.67660625008151,4.247618127154448,12.308498300803977,13.295836761575577,4.11137751035542,1.7460379124625127,13.285384517360283,9.574787317276096,10.169263151799958,3.035534308878577,11.438176368185479,5.879826136437069,4.551371414370569,13.321729505992085,4.083000497999344,5.511085785840215,10.328441841496176,10.581715033213815,10.409229643562753,3.544171766205839,11.780900070271779,3.4843558335390323,11.373070392957063,3.1734337907993933,4.100873573192378,10.280662686273258,4.1827181004942355,12.41241412580479,10.446459081920239,12.591196892820985,10.407557490264278,10.783350362848935,11.106653161145662,2.371825612550908,3.2107212836658854,13.154612530456417,4.530039306940557,3.578703700644928,4.7042931130031596,2.5081198922263503,11.67126338007569,3.9572871387028536,4.175700361330033,13.107600771621437,11.319152475240255,9.5772283798732,10.354590339475642,4.645174644678681,3.9017234260159404,12.199435425879795,4.559401711229825,10.094410972818666,3.9456915500058733,11.054067830146451,3.124941074707758,3.947501065612625,5.346818347366302,11.161984547834605,3.7060246871407414,4.712912230136548,3.1275663990820823,8.899182309360228,4.53779793892683,12.274537322315505,13.80313955238949,15.08409936115302,10.391472257636392,2.9161193796197704,4.945861268618113,4.168032601253275,4.5675999981980535,3.672899262643204,13.203635871438944,10.456225355066314,4.03518613279355,1.8545513687675106,11.469686159847807,4.926190459512835,2.601493628058801,10.379980328273202,3.7507031863937708,3.5858495635969043,12.282023724898707,12.438844422203433,4.558139744712191,4.62383505295387,13.521869096632495,10.499150513308214,3.9004122023484626,10.298535798434372,11.436110289594833,10.144093916124145,2.654332803218208,10.529853352948027,11.637422623035109,11.325213460427193,10.278420465298906,9.314205764226296,13.626132552257115,10.878464118744036,12.560711439011179,3.8759379009133865,12.592362435420519,12.919019880492911,4.567043984394542,1.0483695540221563,13.541347099352604,8.668952097815437,10.297577932331505,3.354183515694716,10.028270507967513,5.713933093645892,4.354972747287297,12.934277920481527,3.6739868792692953,6.2704303058976505,10.866966854371965,10.525719334957447,10.426250693653305,3.652290353258436,11.806634323846403,3.4571875574986475,11.50701950363229,3.6394020481701994,3.8775411358726677,10.502305814905341,4.484355016689466,11.957439296318089,10.435225075824185,12.668308467967734,10.254759992084097,10.259706215699847,11.135340289423404,0.6450776495614542,3.193399502965022,14.172280414827348,5.15156396604797,4.557883864117297,4.442806269152749,2.098002223478401,11.035888074771742,3.31986652038505,2.763374152575307,13.465756809738272,10.120320655095961,10.023274294180297,10.538721740679065,4.610239722637135,3.511981531216793,13.072006018861984,4.753231949681142,9.790167247097862,3.3652686793642332,10.687663598812312,4.685645459407526,4.37119461957288,5.50288983192117,10.37521079186314,4.722710406392801,4.623520191109203,2.0847540476416424
10.000000328495407,8.003965138713914,4.672095252846058,12.042095208471178,14.764011590724103,15.56379865968379,10.51232112957597,3.760761997574363,4.340163818358521,4.1042361002741625,2.9721928067639602,4.873939223041208,13.606096628482598,10.407672619232168,3.917928543910198,2.9784505235444403,10.681897662093482,4.697621740999223,2.9147725585376576,10.338101543051689,3.2996836825133524,3.68971515267353,14.092825317602953,12.361874316261636,2.1806656823555115,4.577605457129029,15.269495744295437,10.829559387619868,3.5501839087521065,10.279747168695481,10.430210879275615,10.501483673436796,2.853408301347419,11.429829546895306,10.928234624341389,11.554931710394781,10.274224032708357,8.995044822934657,14.010290806996263,10.144097785413154,11.524465767546486,4.316245680685268,12.045293335140974,13.13182336415647,4.080079702276845,1.933398411735281,13.317505000569707,9.428539636822004,10.331544174446648,2.307482831157575,11.21879778145098,5.667593156959373,4.8226206847525805,12.9283311269504,4.2154238541900995,5.921751066467773,10.433147806860827,11.465166942231305,10.296692829508553,3.623501120578546,12.27563190864792,4.433498396976814,10.624081514414149,3.851653628588354,3.550787320787598,10.317522886716295,4.53893168390008,12.839767716906806,10.335459883270028,12.607019252585454,10.429344976930265,10.708621602686794,11.353648594448,1.6968790952011732,2.783430494263744,13.650433134761403,4.744041841355845,4.012310046215619,4.96642912887376,2.614391035907725,11.612022307578899,3.088116645257675,4.086541096354934,14.399226233604924,11.011024510743749,9.586584333145748,10.508735801312122,4.566203689910915,3.88755766322369,12.28188791583754,4.486115122173756,10.147788614589228,4.277215785013867,10.611416524139488,3.0544532298347056,4.516297368152326,4.582325412117632,11.13844044803423,3.566053725840917,4.662567560131582,3.0986371795258507,8.02441417287201,4.539511096475165,12.278421530687048,13.745611812131376,13.392201850598552,10.683342142871007,3.6008939542359366,4.570712591956067,4.271986121511519,4.09131978582213,3.652587866612298,12.931700743951698,10.447657256378218,3.6374989876572474,2.080005247242204,11.469495625948712,5.2627316584303045,3.828971266241508,10.530348418840694,3.5845336797093412,3.3445035114032704,12.341450893896,12.398327818950833,4.559346518682567,4.562819574662544,13.745462031229653,10.507923521230008,3.565511110349241,10.345726484527802,10.57510050820005,10.333146296514403,2.699749386543665,10.919417766318201,10.309422051989722,11.429556663701774,10.36653915230363,9.185894090926803,12.771180805734607,11.07254847018456,12.449165117203014,3.4986080854791646,14.05059671767682,13.804254904102509,4.691931879756758,1.326383778324568,13.503933733934872,9.488714915087135,10.276073652343538,3.3258921048773056,11.450462444570219,5.623930756955626,3.97051511174426,13.56694673470934,3.980681195250983,5.967178150799523,10.104640598017383,10.487159806036244,10.444474324886672,3.2208183395885315,12.189116009257068,3.5169876270763423,11.509832592003718,2.9669834709702356,4.064120677670041,10.492682774821072,4.668656155442925,11.911096984392902,10.357308091591296,12.852497087369827,10.342479851577467,10.52648114048375,10.9865480146886,1.2199415584368396,2.771729622092642,13.46961498830002,4.5007801127707925,4.53936971426037,4.887800131810343,2.8221239425902986,11.964081616605299,3.9570247764217714,2.266866270625293,13.687362600491829,10.403399516108488,9.852621838705678,10.468383032358082,4.389944683624644,3.398313998494809,12.234914116771964,4.728445089998295,10.062946165943421,4.140550573745964,10.614974034757559,4.743851325922323,4.468660524268071,5.2836681299226695,10.307288059582573,4.795104285956111,4.645161965034079,2.9686137579809397
11.000000361344947,7.997995292201346,4.629093826953062,12.079180331656161,14.080383365363755,14.901932871455477,10.445534623049241,3.733698336965756,4.161960684781024,4.166837128983838,3.2675335566161325,4.578212951701663,13.261380994032587,10.362559320403655,3.805107028752001,3.0600608832453813,10.669119800278473,4.396373129573524,3.510385257806364,10.445601595311095,3.6337517742414795,3.31242550732887,12.661501239691754,12.362465486016307,4.051205213719611,4.563534165868159,14.612296611831342,11.217089974852177,3.1530629453790278,10.433423608124029,10.284658562436073,10.529058645511515,2.717008773614955,10.71766432820741,10.229611357426503,11.629534608180217,10.303914338983212,9.089388252401891,13.76177196452185,10.017375052409896,10.757377009082418,4.557835226899739,12.476234178531756,13.3419713902504,4.834559600978941,1.5651832063345505,13.357587498677152,9.630576759489564,10.357327751307647,3.2362923579308176,11.459634516948281,5.4185852082519235,4.340448795850279,13.911682694391764,4.247571031902088,5.81057177512376,10.397640728009932,10.568899595585476,10.480132383552506,3.4418941758177413,12.20762382734505,3.495989582691399,11.386728305015103,3.9130734970846133,3.774796555425111,10.402945809128623,4.679290021375793,11.896374226825632,10.40073010456635,12.819087218456147,10.439137060834693,11.059692562124702,11.567462831374913,1.5173548834071249,2.775734529794174,13.690198595274268,4.999715193511598,3.5107890513750855,4.5321821725486755,4.185866134088656,11.530520747079715,3.8455241866601915,3.545769406122058,13.71950224059527,11.488745554467192,9.531421407356403,10.465738935817718,4.553044694024271,3.9136906834376686,13.227577456634437,4.6058759742446655,10.202800394707015,3.326871274536739,11.486742922280127,3.0910255298292864,3.4911783817956645,5.308977605184515,11.055393194298036,3.733226474367041,4.6705550995833445,2.889113114391528,7.9264524823768925,4.607115542640153,12.43050451681052,13.907045989448912,13.862978036422318,11.486496496054803,2.843046888143661,4.046217191922725,4.205504683798605,3.3967339828683905,4.456927223746329,13.211608812671907,10.372733239301619,3.93090905080096,2.029463935549305,11.511613427591795,4.507578619343167,3.8706937462130804,11.220259744613125,2.770284085094434,3.420657586926267,12.274902684440173,12.417087329950826,4.122282067387784,2.7793853430566813,13.650600737498271,11.184032860655545,3.990859727841938,10.505479597129936,11.155814996915376,10.120754778732067,2.643041067246236,11.285441774059766,9.792933469419904,11.366255025871391,10.304004405393894,8.992179273649981,13.604418106215569,10.782281251804184,11.737751260004137,4.676400718224942,12.570924751111525,13.615572122046572,2.6954179533019866,1.7645345693451706,13.445909194550723,9.943194225335793,10.324838525895045,3.047376132516778,11.419721352598435,7.3462561688712515,4.049886229752484,14.057332342809133,3.3635403180003207,5.905946404919968,10.403708252204568,10.477530338185643,10.449077866023735,3.3738192490974175,12.332613193404434,3.476626954135124,11.449263460207542,3.6816568695788354,2.9059313946738077,11.169135946322388,4.700251990779924,11.942191597076535,10.329545626371786,12.677888074742954,10.371984884828349,9.48818744041305,11.567247066872149,0.919445332668491,3.1366411418474374,14.545048017678685,4.698448494605547,4.293662593135407,4.521636681276328,2.9390491749272454,11.122912015083278,3.543566139252692,1.9000717604739972,13.754452692994567,10.330486222710757,9.890037847332216,11.195557100437078,3.808830540303219,3.7196324994261047,12.3103497176149,4.682871298918223,9.937920794651188,3.95004033002447,11.503878218452089,4.7075365101077,3.5181822469024877,5.444589731705937,10.346783679962684,4.786819679492035,4.656877327001247,2.151275395823489
12.000000394194487,8.029267537362847,4.590950599015604,12.232717129160221,14.071800873798885,15.289597616012578,9.689549403781074,3.782624821453915,4.200957578516107,4.347865942503251,3.5701210624204274,4.482161149867426,13.22917138752105,10.373665905151247,3.9631707349957472,3.1431037592413067,10.597125600368159,4.614340407160525,3.874708106466908,10.441337803199666,3.4420916758601923,3.62254660722388,13.011191896090873,12.323247446941826,3.4909845458733257,4.634560437888856,14.551951502440515,11.49599440558455,2.7826400566138383,10.296873074728477,11.411635340411086,10.29458158881614,2.9997255694854696,10.928718037102467,10.062098742116946,11.56270678150319,10.356271570876297,9.009736749997757,13.651918627308264,10.34622262779577,11.776967513069941,4.7691478853720275,11.971764624172344,12.96575662980651,4.0867147498319,2.0011186486801344,13.283104802836746,8.772020258365785,10.210694224261374,2.756834033729343,11.547664790686452,5.564332605934436,4.469114801293048,13.755398998551925,4.217068109378326,5.456068779717416,10.39919668368001,10.557769671790869,10.435233504569686,3.4532520556304926,11.966851870173324,3.682541172726548,11.178771249988847,3.1468740877823493,3.9537024673825116,10.30323289401029,4.6754496608203375,12.030471832688718,10.39813812830566,12.518805231177687,10.448932959000485,10.912183098434348,11.496901552089566,1.386290391223632,2.792851040624219,14.014334242435627,4.288875630630312,3.477715569061301,5.099236676123887,2.4896746669356444,11.501463637934542,3.729003733165554,4.054428780629459,13.52766969957413,11.508757156371582,9.978895206365253,11.430565870451554,3.534162750753647,3.875590072842079,12.276244119002607,4.569508213967941,10.157023003483218,4.1466504161005355,11.414149699697067,3.280012600916493,3.5993050278315004,5.0642315090412975,10.000348208676833,4.599629238130186,4.689314189670442,2.056186458000319,7.999001833673622,4.562555642088311,12.175103879145777,13.588737441314992,15.511967489249296,11.477435862502823,2.925244514119893,4.190058464299296,4.149737139585648,3.7983131964913563,4.355488623440834,12.968695327626882,10.477774068061706,3.6786152249858364,2.199532729947528,11.37129570265305,4.440371611967793,3.0974661702541706,11.25272684213708,2.6158045253223148,3.4874938163401215,12.307957128044071,12.412262865370707,4.582707133218187,4.456677880154633,13.552096973521627,10.611990043873742,3.8413249032783154,10.464184950172818,11.37943163309568,10.641656965763424,2.8599952034838823,10.47373944013231,11.773490785915959,11.326616984283428,10.308284234999524,8.969238963024651,12.856232739991924,10.980533633910465,11.720245969531048,4.152341133612037,13.901598395862438,13.47634787644317,2.7805047195866326,1.0604283307821674,13.527623622323814,9.591245168208685,10.247361634688483,3.2756535357136087,11.427980689037064,7.441877282506025,3.8579809112728434,13.238599013706912,4.067835897583359,5.297768771882332,10.075824824853902,10.365599305827585,10.445032989161884,3.401853436924271,12.013506867245912,3.4746450333240646,11.331758967580852,4.046974569731828,4.1744463430364815,10.434283324902477,4.640252771738589,12.153856504482114,10.431409010714885,12.43678547771353,10.374133165593296,10.768163664715523,10.963521382380828,1.8558537361253418,2.903199357511658,12.562058975655786,4.801329634981186,4.570034329930565,4.47403638086901,2.448969216421876,10.95629161005234,3.422211350609639,2.0120863126798034,13.772059804223415,10.387727904449969,9.56034147606812,11.276225401336678,3.5559958930571782,3.6396948637566737,12.837773714085417,3.500373995431728,10.91849946684272,3.781659760926851,11.53875864030156,4.623409734770089,3.5209883303897036,5.456391716460052,10.582586819803456,4.7739392799281815,4.644458289142466,1.4846662407833144
13.000000427044029,7.974412512096976,4.633163614483018,12.095668673573776,13.753616760067839,14.603906497227714,9.3030513069309,3.775345392034808,3.953565369906272,4.29642489695352,3.5956331261783707,4.533058651013885,13.157410724762867,10.388695482246808,3.6421673058811823,2.049273870205336,11.530750219178213,4.657513260979547,3.1439544433844864,11.388895233240929,2.832007203696829,3.3180108529842025,13.102153835105064,12.396961776115907,3.6151136136164608,4.618341432514135,14.508141052648774,11.590641249902275,2.653889732985811,10.364870212052576,11.448469153367308,10.125006623551027,2.642606759919154,11.574069755622734,10.378150008823516,11.393299509836064,10.291568702507805,9.122023103889305,13.517864548582503,9.401882830134078,11.901675068856509,4.605611184845404,11.766148585234241,12.794156978780807,2.3897206599859433,1.7123005964829805,13.405750950817891,9.731466566711733,10.237847461338545,3.803481958812479,11.392530761627048,7.484812456620203,4.161671971690559,13.712493627030312,4.159408690015124,5.462598719803947,10.530310572526757,10.503745088310543,10.458252216366168,3.118619733342707,12.208025086707872,3.4588031282789,11.378975856868315,3.6586004823859493,3.9955005716011236,10.440327564243939,4.641864319123867,12.115003620709588,10.34151723734275,12.419995351328094,10.435571705211029,10.429113286517115,11.271588204807793,1.1882665000773687,2.80067685872221,14.393520780564092,4.6357076647277164,3.5473821935143963,4.820304217534304,2.520402457537433,10.7579784803708,4.485548579944844,4.040950795550068,13.591810544240909,11.394537080645504,10.070838252320307,10.43617364178452,4.556049840048587,3.8751987674469177,12.13725668448422,4.693205764922092,9.931430281614013,3.9583305801670607,11.47308292191923,3.572237254648862,3.495334739784381,4.778163406599411,9.91431226221189,4.621490256623213,4.663374405054991,2.1392441535497433,8.031249428193279,4.546555002904547,12.45130422331602,13.074347456830607,14.15332888632185,11.506925915011346,2.762893258738644,4.3422855511861025,4.1875755967334936,4.247247885628771,3.8346350539481993,12.975273818272242,10.433478649900204,3.7393588689267223,2.1264735735388482,11.509092492393265,4.226788908123088,3.660325948978801,11.303154480752658,2.7401991912630317,3.356288441243007,12.284674281149178,12.333226165360555,4.559175387890705,4.629832386572938,13.627214127746303,10.50285004500069,3.949547213277827,10.369209780876233,11.392887320976357,10.10737384296693,2.6919573277247055,10.564155121510904,10.365600021551618,11.248710396638149,10.304323969725678,9.06043621932106,13.493895084657018,10.860641646888125,11.797917911956429,4.299439329813045,12.350306092293732,13.242292660984209,3.5572220707430167,1.533580184366884,14.415078755475246,8.92923472041976,10.393117101823115,2.969200725514591,11.39842421609709,5.004607679282732,4.515851392841819,13.05975095145909,3.6522767197425914,6.440566261938269,10.44060356885777,10.297108072239311,10.42955820727791,3.2042961720166128,12.085406855129044,3.4921246960213557,11.47888123432002,3.698857563468329,4.093803299808941,10.47672086598104,4.655468425346798,12.144715827589172,10.36829187272422,12.665146009385502,10.388338713387157,10.385456940518079,10.885883438294881,1.0122799039697088,2.658330600232447,14.269397396005667,4.6604197687348545,4.175055990913642,5.1346140676902685,2.815637333353898,12.712405842678846,3.958451453938409,1.9602364795859606,13.65427866251609,10.400012965829925,10.017775359082973,11.160570861675613,3.0235726318469687,3.6020797293885316,13.121271505921579,3.5169007910899825,10.392471749819805,3.1855253084518638,11.521990567887727,4.634427963083838,3.545576780016651,5.146613549268401,10.291342435799052,4.752901765565988,4.615229761348321,1.9634301178024018
14.000000459893569,7.9298459732514655,4.642727003467873,12.046118286824738,14.592239241393296,15.416197139094123,10.300818196809107,3.9392945250665337,4.151779960110714,4.263113089564792,3.721413291215909,4.770579352979386,13.190220515832761,10.396541883304911,3.979431216911119,1.8724620298855932,11.585001174650998,4.744780058878561,2.984109477652207,11.230447338361007,2.6652046746848903,3.575404849140239,12.889121234735333,12.396894237395378,3.7752487572921622,4.6156486072155785,14.283238703186031,11.633061732927883,2.70945671434207,10.403354331900417,11.454306112170771,11.038537367997122,2.52745976938299,11.66003090385321,10.452857799740105,11.147716066776258,10.3333047281149,9.163664377433427,13.562035704827611,9.91692325498443,11.640698436798969,3.366567294605942,12.246897195392402,12.480160693835353,4.5123522804468905,1.5834023279866787,13.355385277064967,9.370526113421635,10.448222148866046,3.3054660141130623,10.40178235906769,5.45490998517937,4.624390151568827,14.29571516682863,3.8725659041771774,6.535810648216462,11.210968740096188,10.321069305982471,10.464563785729128,3.5050168441481175,12.187417596379502,3.506105431188096,11.356771413430286,3.91250511138323,4.08475340179838,10.336114554296605,4.718430365382895,11.968583907013914,10.30302876830107,11.831433656279778,10.430559464446846,10.473245403252573,11.389572180775719,1.2677913217917403,2.8449933150922044,14.320576770486207,4.278289548158931,4.435660034881263,4.562097598289998,3.0321785489480164,11.245796695160829,4.326525051792804,4.098405321740852,13.579873976412324,10.611255698112194,9.995658962379968,10.321694026688805,4.721668727745904,3.4805237921448446,12.173051853702741,4.854130764622436,10.119707333476466,3.98744911441163,11.531489992628279,3.6915645885459933,3.5307584253386732,4.873309544825406,9.766191730292157,4.771757609341332,4.640487593514228,1.1007018613431465,7.979384568975297,4.574565571294846,12.473561009630304,14.014493613578207,12.508268831193561,10.678978227200396,3.602012500309773,4.377900642268603,4.149494009503369,4.8638697203347965,4.067541881017355,13.229539463864949,10.410179737349818,3.6658145098469763,2.2099218130069276,11.44143700298525,4.736585960998415,3.498761707016349,11.252650297870664,2.69179048683255,3.4157238624221327,12.351334292129177,12.317677534452574,4.478284111979769,4.609052573668839,12.82816206641583,10.52108921939925,3.2024171431967434,10.71040726460065,10.368474580781783,10.14200217325525,2.6312347905929556,10.733431758966741,10.327853102753537,11.112049100692243,10.30223920867496,9.38490170917148,13.852491311687043,11.013415088327582,11.723741341530694,4.357995950900187,12.661519663418321,13.282555523347312,4.449384373380093,1.5232670035974951,14.986786443498241,9.65393066640605,10.326669259469138,3.107404697791954,11.287471547246685,5.475052902388108,3.5564733968334115,14.63284122142525,3.752279344227472,5.266387730607272,10.347726453357826,10.392723515302132,10.430056993159244,3.6324765567217527,12.057523598913768,4.636623150684097,10.483421679055622,3.449059528602899,3.9902518704928625,10.447836423423421,4.489298651211935,12.364359367867069,10.268790991464531,13.075848035853122,10.386479009952977,11.14563173823257,10.307076653906247,2.0125247198311706,2.699192502759252,12.741777980079274,4.980305534079629,4.542864875297317,4.301292465235955,3.0486441048938557,12.66088059188975,2.8455077377632616,1.754837060091026,13.827711683629742,10.47844242356737,8.528960492617024,10.533177457585477,3.8047923818269824,3.0247093037310617,12.227876793322395,4.659903062535611,10.029253671494235,4.0835229412850875,11.578234947105408,4.608443147656443,3.466602757303842,5.656401737733517,11.25805405313367,4.690362234971038,4.637817077928746,2.656898057884083
15.00000049274311,8.03691285467615,4.575202392588131,12.203271808557496,13.95169780725777,13.205895190276243,10.44323884856945,3.6945746283583127,3.9643256481995075,4.248569878761067,4.211772158935826,3.8136994843723273,12.9752888310134,10.321388450371384,4.2264666516992975,1.9312006210683044,11.524662880615319,4.374912587471063,3.3289281794694987,11.322192883107494,2.576637414043667,3.5672226678628856,13.223644114556462,12.371486347873354,3.2381946852883656,4.621804153941337,14.666160875061243,11.55016419450608,2.791594304158829,10.312212948381742,10.914340568065816,11.282719046705543,2.5059782404172557,10.481113030532512,11.383486050594218,11.393970643535727,10.275298235019873,9.06196900130798,13.702021913144938,10.362033679924677,11.900673030387917,3.5200902626680257,11.663777992307557,12.883672334321219,4.059864164099832,1.8862051949442376,13.251166094939256,9.750627903722753,10.452595333911386,3.080788257797889,11.486145691597184,5.405458219536603,5.046335620342527,13.41727234556231,4.795032414754963,6.494976937034036,10.220029199678148,10.604566541634265,10.415521002682713,3.507523091108736,12.237517726401236,3.5060237957230527,11.364439313188084,4.018928740973967,3.807898175732861,10.441208691463983,3.832139911562631,11.850667791114269,10.397039786456938,12.050374809571437,10.425056790416447,10.555903981834302,11.161341708634398,1.6453362715861615,2.9943948472154394,14.428810098521936,4.521758526486175,4.51573908044556,4.645228890634516,3.1887711713614904,11.011260930645893,3.4776312083315357,4.417777655215434,13.403881849260856,10.539343876323484,10.051543211498233,10.368111890043055,4.755646125228405,3.8254023138237865,12.323026264854686,4.527839997070412,10.361161268415602,4.0358245464072,11.44895407962983,2.9984611970608777,3.4712295688313493,4.5138142628311,9.897572167135028,4.618281564056057,4.644403373114225,1.2944277661441532,7.9762752872007345,4.553561404526006,12.304680173246584,14.107884668079276,13.332904783985018,11.52376315239956,2.7724007569765896,4.785853151366791,4.2612648194488125,3.8078856532364886,4.707187883646033,12.848228394016768,10.298240395051664,4.0402305800836436,2.3483552183863083,11.614399162182467,4.486790072657253,3.150180761983655,10.508807850964724,3.6963024958829527,3.4022710542843098,12.37915630074685,12.380166575939768,4.133214678972942,4.56809757891153,13.623832709323633,10.698071848585897,3.4971447792920918,11.511770939549503,10.897546898654275,10.229878138647104,2.466985700521389,10.483853244127038,11.534363974521883,11.352244320853277,10.363761136369904,9.563958684976607,13.610259125039278,11.151503748068533,11.643656236713563,5.059272867806136,12.565978045668842,13.320086959533143,4.611881949988133,1.8467124168005222,13.415857189715966,9.788029367760357,10.452278269333448,3.1232392951864205,11.359655332651313,5.67247518965107,3.9556844188992386,12.968867369416653,3.445848361915606,5.49062600737933,10.276125318633172,10.571745758472426,10.445853748664307,3.698691555539003,12.03191900811939,3.439499416764704,11.509443889972205,3.8938629182373115,3.6688912563456166,10.337051646044193,4.587092575539986,12.668114642862719,10.26496797271401,12.611216744846518,10.37683196659972,10.953254965441765,11.076977808881704,1.7423426365406776,3.0011396242033297,13.037328241565199,4.973590480010099,4.234436009126578,4.527316553130025,2.526963847981458,12.817062511000698,4.124515247055059,2.2705130150609234,13.49539627036409,10.585953692308465,10.077895216412381,10.500395379891499,3.904133835336622,3.4354311236040567,12.251178265533962,3.5201630408162607,11.361995973699988,4.1362018218349546,11.487734059078381,4.970842399902511,3.4852495666486236,5.133626103492356,10.657088643976914,4.78388026220455,4.561303739454832,1.465906182055694
16.00000052559265,7.934635602809011,4.006685622483635,12.165242171010759,14.280616350113203,14.651146401276396,10.2602764363927,3.692037062189923,3.808133710438224,4.236145218981442,4.29506206083477,4.6818388691081205,13.175258647445157,10.398656837285534,4.329427614037579,2.9356261054419432,11.508116178551413,4.479850619696421,3.145702628433504,10.487416694276732,3.5026514302574534,3.6546439585582755,12.999834825229781,12.390258606721787,3.5378276919835416,4.581440175162814,14.189499742340569,11.611115763197148,2.5825359652198827,10.364778816418886,11.383251172390642,10.792459980829493,2.830710214652221,11.678314638153056,10.351603931467888,11.421410673106923,10.295632611849753,9.270545062327226,17.900835961848603,10.008586847334298,11.616576806193454,3.332685620594955,9.098297914314093,12.754199703883057,4.308126626781764,1.2977903748914597,12.761184102884302,9.590760294074286,10.563419787303678,3.190581117830787,11.337461255658928,5.834425555783407,4.444401918752,13.94724547604842,4.282931254189362,6.095104232876828,10.360830230012898,10.570838314777797,10.431273000590442,3.6030736182812038,11.526691732383734,3.944744389876266,10.921113203711116,2.8155413998074423,3.0075225778226775,11.708732000050162,4.114908443943334,13.213623603448845,10.372517637501199,12.924903498525605,10.434241841459002,11.068913845331476,11.220341570519581,1.5171349576999291,2.7756446274621616,13.67584779299185,4.432838093256802,4.506022437010515,4.707921037146848,3.030881192500185,11.388776785796138,4.409046549369973,4.263577593609014,13.50867316555258,10.400394486383808,8.941677529436378,10.529859983216642,4.564369678689445,3.9015190087468974,12.031499335359435,4.68728736216255,10.341114493897853,4.027231237111681,10.681760503477102,3.4421618709417596,4.448172438115008,5.3683144609305025,11.317255510946765,3.5344551278434166,4.658249529929654,1.3879400284014114,8.100530453152224,4.534362181450575,12.424390728840285,14.076650758583511,13.645219017408063,10.664366740115321,3.701184881603175,4.228755787286448,4.269022971731944,3.376864861190552,3.819933187179511,13.250791252228067,10.437474553050224,4.029820106568384,1.8918178167367734,11.485331375414102,4.564544186480914,3.883606177675022,11.342986234478603,2.681101818298286,3.360165724577534,12.344222603547871,12.298640692725954,4.553856470385757,4.556059388386108,13.561746255343232,10.648513584078394,3.4088807107781207,11.503523977284233,11.12751354988632,10.253329684445571,2.432542078833638,10.6722123658485,10.37522672236395,11.356319293813526,10.293931850433209,8.849837648927231,12.491241782489292,11.244859981075937,10.435638838010878,4.731249441828196,13.651710423689083,13.258653678959517,2.7838560038988374,1.777911654620068,13.177241166864368,9.79182773611463,10.379281637235971,2.706908082152852,11.387709224881787,7.262191444165998,4.316345677304997,12.923507498480625,3.288865089773129,5.513678394785406,10.336153313876865,10.510014177021766,10.433519992886222,3.494390810406331,11.732371786665786,3.4308434130691863,11.531307339292871,3.49012281534575,3.8734200950530844,10.49257899942593,4.615131054247287,12.095549920121131,10.38739786880694,12.519114359036577,10.398228936913961,10.823046239025045,10.75779655201163,1.0797098724004066,2.8015077248725397,14.092103678278017,4.472242619787556,4.510908004805452,4.698615072516502,3.661456539900096,11.786392817497207,3.290230947174368,1.6562620630949714,13.582340273075653,10.485314851037801,9.85411950777676,10.570210068019511,4.498760410875384,3.373237074613887,12.775933141980737,3.5766449406244822,11.343122994645253,3.869178765751366,11.42900653228377,4.59298934961798,3.68751809562954,5.272202841248862,10.70786112816133,4.758234032161843,4.543027167067394,1.0604070819627927
17.000000558442192,7.976798416423365,4.5104930466653546,12.124946493427887,13.816916131956503,13.947999149736413,10.306059520126006,3.8068502041082426,3.7371647068057685,4.21649214867474,3.612106676816829,4.7409181849912985,12.85210030312813,10.326058682277285,3.9553077513065333,2.823030465939314,10.733803542970513,4.424215831403134,3.0122086930376843,11.209905107304555,2.749374285360136,3.588073984184783,12.171143186501865,12.36865887601256,4.602999509419992,4.582483858964993,13.771794994886092,11.488426435958123,2.8283513554428525,10.412684746935497,11.389661754622116,11.009377542886439,2.958644097168462,11.439617298328724,10.74159038319921,11.517092014268156,10.410244604514194,9.338384175858062,13.743582533422503,10.409113924540437,11.67427594290578,3.672255112408147,11.883372066696564,13.369903982761963,4.70830365825212,1.4463635413404738,13.617196926104837,9.53193925506793,10.128818772064578,3.041450166831331,10.332093059286205,5.614955673250893,3.9062761812660596,13.088816456511235,4.841679427757469,5.515225551852255,10.573948872680695,10.577669578979075,10.444608709036025,4.149871865180893,11.810313411293594,4.434914744349717,10.332707098705212,2.9256634046000767,4.133232230003819,10.390484909639842,4.615656458305789,12.030869999026974,10.322953056025039,12.507428113385433,10.34204927500359,10.65986257388856,10.90943939477272,1.1805292775399232,3.0415248731975297,14.092179479175206,4.290612622702759,3.408108483232766,4.795705140429318,3.103087730673973,11.14595972916216,3.986220003727534,4.317154438181405,13.097521964037455,11.512089833996058,10.08652168517776,10.328591254133062,4.855746521501071,3.521880625059476,12.189370485580636,4.6798766673091,10.087935657579147,3.9564430541123397,11.364692004262027,5.007777582838821,3.657828171836902,4.466607886481145,10.158441880191537,4.48339885925245,4.633836818733548,1.2104399928766116,8.89494269343294,4.596142407921821,12.246396461377117,14.183977031759671,15.276435175487235,10.523665768606508,2.786898422816673,4.179167758979039,4.237084306992644,3.6686172771512613,4.4832239009607555,13.114532929909466,10.371748737155123,3.932594792239884,2.8440076982367737,10.729161895164166,4.7234141870899755,2.6108989126097604,10.509941473112908,3.608333468194753,3.468263610054366,12.306608299785285,12.257211169817468,4.563682773058702,4.679284093437647,13.54758009177849,10.57137463216225,3.7293999817860137,10.947956830836203,11.425651442785421,10.193685913561112,2.8005732298021684,10.460485110714103,11.558322509432566,11.237675435827574,10.342159434711355,9.253175055955236,13.679104623595679,11.005122095104424,10.555619454520674,4.98497141275537,12.586827487067756,13.187089836570971,4.488558559166478,1.6910158649984797,13.517446593643408,9.837160562245321,10.303304468184283,3.152073617298088,11.266952759762415,5.348453084523192,3.921598209997649,13.69635279380256,1.8051181603493704,7.0484048417141745,10.150449039668972,10.443621234876426,10.460771913551639,3.4629400903801977,12.427339947070173,4.477850860116204,10.381162627888278,3.778041766737613,3.86782829223015,10.487929931564794,4.66764853907864,12.139804939007231,10.380551958047459,12.752420778731736,10.35017303370704,11.238690418526254,12.244207250744612,1.4731117884537692,2.944094333044327,13.363253599315229,4.952138211592528,4.072940375909895,4.458393808156355,3.7677699432219978,12.624053256446922,3.266829730342503,2.08209611514885,13.855265300688835,10.530376843126094,10.018281927200405,10.434058171252193,3.9673467142663776,3.510679156457491,12.30965350021465,4.537202753718297,10.331796518231544,4.200254164827668,10.642914186724875,4.830872819598077,4.570868428115349,4.6359159288325085,10.476016988664151,4.7787438146692,4.6568988226518035,1.4824550970364818
18.00000059129173,8.005878423603889,4.542988985763386,12.283841604252778,14.779556040844746,14.307209939253177,10.197317894376367,3.793028417069154,4.230054352359838,4.301815757884772,3.480539488383423,4.015226326942907,13.168889002811413,9.864814800191951,3.8508808633210974,2.09815726722378,11.557655671678727,4.7923926768141705,2.994319379366457,10.377775314801294,3.7405982231383677,3.4527401641095863,13.748696091771025,12.326914172841544,2.624600575364491,4.592711085145063,14.911276369126007,11.561848397145397,2.658466794265348,10.295136211884632,11.379411330298101,10.8709294819261,2.7467346261849213,11.698171894430105,10.561251684119052,11.478097553251503,10.28335395856266,9.45182088942511,13.632492799045396,10.189069586125571,12.202662174459244,3.4720845774398397,12.322633708602643,13.775618798526182,3.0062617272554357,1.1888543163951577,13.710338917599154,9.38387305343213,10.160660993570746,3.0503054277191515,10.913713041229094,7.257895074190731,3.32793352372488,13.819585739420214,3.529072270597059,5.8788462074576975,11.329697397151033,10.511079732891107,10.460474093454062,2.8918649128801333,11.894322082602464,3.986586015959771,10.83472494666136,3.080635188915126,4.150447429868737,10.498361148576347,4.636797418090873,12.50814492076499,10.416584395811496,12.885462787772905,10.198568446368398,10.921461510741498,10.948607101696528,1.6046307269037468,2.94082724583635,12.753880498770778,4.783198648366885,3.504723779773502,4.4381683163257035,3.083591558281438,11.809391442338784,3.915222864725722,4.106968185848618,13.493337859107626,11.459763357663116,9.952215536905543,10.315067929517907,4.161418079868427,3.3926358653661155,12.167204496688804,4.855373821624467,10.181577213047708,3.966317796165117,11.421102793043724,4.594501990356483,3.618229395575921,5.157150230005095,9.894544668482029,4.584467961927505,4.672504562563645,1.1772531195176197,8.775368108403727,4.558463859862337,12.35996481902172,14.546937353665408,13.804918824844956,10.48393842212,3.08648320046999,4.057266577681761,4.220611156462945,4.1235939101213335,3.496550993242363,13.016190192193672,10.403560854192026,3.907015624521633,3.132597188079855,10.50729163835911,5.348122061001493,2.9679213330806378,10.864658193902471,3.0303656694630488,3.616743551313893,12.342947928088604,12.33575243019394,4.563766066451865,4.425757643871566,13.419588712793292,11.620563211856037,2.8032988032734205,11.03430445834499,11.357403219510978,10.089078697873456,3.1534127152933684,10.487829363205448,11.622350452995065,10.895649117175799,10.285535885852086,9.527998675607689,13.722560485632698,10.233275841923339,10.716112838321799,5.081922949393594,12.543156747277779,12.956400056808194,2.5680174031001286,1.6645110799258815,13.36253291372814,9.331142545809723,10.204420706665585,2.792622412669089,11.295178409650664,7.112799011197732,4.317117096388541,13.404374838857091,3.7467319622104664,6.027043393054414,10.340296353494965,10.50751342859541,10.470761675134579,3.4965023047365493,11.736175674099538,3.496291516996287,11.395615018358834,4.0241740431022155,3.70179393337872,10.450017087878653,4.476714392521792,12.408902875082726,10.423704246942611,12.37540280937751,10.211181869988168,10.58819605170807,11.772444903184734,1.2762118347055278,3.0574120022312945,14.144273155625338,4.98883003458374,4.56322992458413,4.296875651248252,3.999733685459002,12.62022830787431,2.981169399075025,1.9064567112683002,13.603283099717025,10.345753078921796,10.251316493485568,10.483378479440617,4.592437816745105,3.8434579704979512,12.993499724440602,3.515412373870672,11.243733055129608,3.3776558287354663,11.540089200872506,4.7881188531811985,3.525462830551761,5.256902839298949,11.174539706707876,4.6947332609961485,4.626438793578819,1.3113026674637211
19.000000624141272,7.988279030011466,4.558344365694728,12.197579603971025,14.155168757010548,13.99150981424636,10.27247557208968,3.765428066314665,4.371701254005598,4.159995763781767,4.640388266619802,4.169049570309143,13.057092203069464,10.050243518131508,3.4970924987285144,2.6313357364605676,11.55475318074543,4.934902938527173,3.0446317079815,11.148796950328009,2.8687133652363705,3.621333293071522,12.51726838974095,12.312262634102009,4.325841657078285,4.689710672196501,13.773542453703351,11.567673063830382,2.1865770474129,10.424667123942626,11.411762657743452,10.821900997786104,2.520838976174096,11.649970752751836,10.485715670872734,11.456699612913173,10.330247697664763,9.402032007023681,13.10532391823556,10.270450973498656,12.583271046313135,3.450349303355969,12.312030407565082,13.439495915896137,4.510660324637148,1.229668215588795,13.626670230889214,9.396664952865754,10.194448460867495,3.57603725832286,11.38209867577533,5.618614134964068,3.003904635545117,12.608240287754588,4.979600377120827,6.181777782211485,10.396603598280713,10.512781433000331,10.442639687433772,3.438439649165379,11.901717648451628,4.199693194496561,10.960364681830194,2.420749051875207,3.999869662249196,10.372716454820125,4.427831511817217,12.233463914408901,10.340846384038068,12.693051732590794,10.139791112973505,10.914627152412208,11.355298145221077,2.359799940009863,2.8000670751420373,12.5368852252607,5.362635528095127,4.342564122900105,4.435608097987472,2.8477294850531227,12.114472793394519,4.182482580473801,3.8069662406619442,13.485123563831474,10.409676146280297,9.812734331534418,10.355471888835611,3.9786267972903477,3.0892631268031874,12.138375503638203,4.7063990263366335,10.126953045463107,3.977579166697429,11.463838892261135,4.33414376531347,3.490664082279918,5.66569648256314,9.959791609666944,4.708540456225533,4.131275316520252,1.390190029313906,8.937645530803138,4.6249212028720885,12.299574745619148,13.682676003395093,15.069914374909406,10.537337175497237,2.7240472965575013,4.6288083908347355,4.239947719205599,3.671327023299199,4.176531086188553,12.950349634736982,10.473848605044502,3.791624117204501,1.9149474203350665,11.455713284591846,5.06655396336838,3.7203751448730844,11.319202162721611,2.733398651085584,3.7630001908703643,12.26421174945922,12.333665825617965,4.5545979724812735,4.52694568172149,13.639050910854367,11.521528914260571,2.9337433132702184,10.358206233047557,10.574966387953742,10.190222588524518,2.527465160483673,11.199802442628103,9.710190159880076,11.130269690764134,10.269146783088829,9.436558008652606,13.658874653037515,10.466448541430694,11.41109870019211,4.972111864479448,12.569759231610805,13.111074653134418,4.605191894017979,1.2467223299992023,13.18425399439897,9.699175289952708,10.148493749486631,2.83243657628335,10.536749733137631,5.807001296376097,3.9641563113754907,13.800551921191511,3.3087488525617896,5.475288104081403,10.131376081078711,10.649617930172758,10.433762330553678,4.4195152942153655,12.204246820206945,3.4772260643839585,11.465269674399918,3.9866325647628,3.8896180067571064,10.333791767290325,4.260937075391489,11.970726394894054,10.413264903877355,12.634086972179103,10.398277005064413,10.774283127806422,11.280721009238546,2.2312871570592527,2.7549755349875404,12.677468273562367,5.166679448535805,3.8876486414822313,4.083740137585187,3.2344809338140075,12.621438532445374,4.0292564062169705,1.8903659877940304,13.813911944493931,10.241098619216995,9.945439012963181,10.391752559412774,4.67697171096037,3.8323131179633347,12.232354701400794,4.5631087954242595,10.254440919385125,4.2599251525290125,11.53795269252384,4.648733458406792,3.562498788872033,4.972270842509636,10.75281926502704,4.727313526954427,4.679068614554082,2.804303289085673
20.000000656990814,7.99089284079853,4.529130177658967,12.087348096697434,14.159776491560645,13.922238103790516,10.248121729583074,3.7210267397412333,4.503817586749994,4.149195077530418,3.7777681250786728,4.308194050681176,12.423719103130054,10.257599653965558,3.874851236899713,2.691694188705347,11.51522820713982,4.3953109894985,3.050794139041254,11.183371196656898,2.7093787593710146,3.9529478440242176,13.662109835762298,12.313128489435398,3.331439270619102,4.643492266279432,13.607250318001746,11.50539925546109,2.22400005635569,10.269907823888495,11.401545213629554,10.959590446538913,2.5553137979315297,10.504685746596751,11.682620821162832,11.506760765380898,10.320807794271532,9.234393820190627,14.074198517984195,9.713895764003622,11.705381126553293,4.477786882739629,12.467569388837031,14.066184089793692,3.4765311190616988,1.1884049690793062,14.941866170651885,9.227859380828987,10.403478344538277,2.9383800461601837,11.464409220349625,5.020900818519312,3.100405416397171,13.476517427919958,4.518170326124452,6.609028970125008,10.327277862572297,10.580605701642856,10.444867483260943,3.5261951357631145,12.201016482019453,4.433873115213761,10.778415629315605,2.846335155182222,3.7642160871533514,10.435280349777125,4.618610105306182,12.187635014903607,10.296616263193604,12.790053960065054,10.225373320982492,10.917331745737055,11.557282818127257,0.8158390547138056,2.9613815115499302,13.302079491390975,5.61178875689139,4.464620645118354,4.506325381025025,2.7719350197838666,10.505309822633334,3.7896153595919,3.998561955949123,13.272129276336463,10.29192922331294,9.078351139967415,10.458957996058786,4.621151824419133,3.361214354667462,12.196296658373562,4.649186152214104,9.971322207437911,3.9765685487947513,11.552322471674932,4.887633531825249,3.4651635625657695,5.587011237279335,10.321814649503706,4.560239547256215,4.638165303636631,1.1147172197693664,8.418478701108741,4.544047882541569,12.317565897896728,14.167350697152825,14.082237171481388,10.445660033877656,3.3792587981810045,4.454856652508024,4.236344146997501,3.705705542963265,4.432474948462311,13.153512791665724,10.331819409863526,3.823743582273144,2.0829537020375684,11.544267198042471,4.9191827049790255,3.646223441133034,11.239224813179515,2.6836858555768064,3.451401165267409,12.377470151521573,12.378816808209118,4.539082831120499,4.542206192816106,13.833354193356916,10.602744866443274,3.779574766699351,10.564751037857887,10.346258764670857,10.197337039873412,2.5634226429491687,10.89648171919133,9.823299641957272,11.326053394923896,10.233066021805104,9.5165119240846,12.429722119250926,10.562762949722677,11.563756540837973,4.977033318968356,13.68022680737784,12.84536327651025,2.557102726001902,1.4420613109272133,13.526770632608393,9.709960870866034,10.362677407610452,2.6314589227427536,10.670958608606249,7.303500307541578,3.634378427317474,14.194236312297466,4.071996040785776,5.744969743585375,10.300998924006446,10.430931269584926,10.46687674366676,4.106828878328327,12.12469691716728,3.523520333865414,11.468059110996037,3.6059156977532916,3.358002442922346,10.602435655134226,4.730446719150103,12.171904131397662,10.370663149324784,12.29221763133174,10.25072077061756,11.202524298739906,11.376595756272131,2.024514491954274,2.67504152090382,13.017793857807858,5.111575664089622,4.108679303332812,4.769779304146457,3.248396537686748,12.724156416149002,4.165246412228608,2.374480385701541,13.596386595192184,10.385649747334933,10.370184545768106,10.458788551073443,3.9960057201299435,3.3997463829053545,12.274147318213945,4.666126620802415,10.032067772716214,4.020044921549403,11.521533196744555,4.7633246778058025,3.5459673458865244,5.289814654144459,11.090941959481075,4.750255583175551,4.628061884542106,2.9961253764924844
21.000000689840352,7.9342425920219135,4.539831683801504,12.322340233488426,14.080923301189316,12.50442567620944,10.334999856658584,3.908004857207235,3.976694360462603,4.116819085171981,3.339309358768821,4.701032534373624,12.599946454243035,10.228680658781183,3.7222240760966665,2.8262153992536376,11.591218701644785,5.211314356053732,3.2384662867378133,10.560269308555055,3.497526736609371,4.152676171621766,13.87817736189457,12.256521176574296,3.117981940282938,3.7903379439940768,13.746940045354673,11.41175276479033,2.9727437787723443,10.419319862877352,10.424524993905461,11.309968813744534,2.684150407815809,11.700361619056544,10.216558923890561,11.275757339457181,10.2741489978706,9.273053840726993,13.890618663427965,9.845781287769377,11.778113890837039,4.434190273331541,12.458083847594665,14.11456123906511,3.144003829465065,1.3177557450828243,13.676141390030624,8.911828702360083,10.404258997036305,3.427856922830332,10.738827412815423,7.242810279452956,2.9481269803921433,12.861311976548027,4.365081499674302,6.566409982209951,10.376702096214647,10.62287352107104,10.269206234443667,4.2249495453731045,12.144598725654514,3.737026858668188,11.428715864807744,3.1434605169429783,3.5287481032115715,10.253150380344023,4.049252146363817,12.467758884662645,10.119095891311527,12.604888339154343,10.24281284027605,10.821887536362745,10.302613608923451,1.5798836700982353,3.092764888768412,12.689141030983361,5.242210460020409,3.9833307203738957,4.569435198423243,2.8664545759158475,11.31852952208057,4.136181255215989,3.785631817363398,13.341918147358278,10.403516320080707,9.982086484493918,10.31723355422024,3.906203232167058,3.1731240979340907,12.137088190989482,4.553003618125885,10.339781845478626,3.9946515703722234,11.528322425597045,5.146685934402034,3.4899777219936863,4.315520105435449,9.969434570208016,4.553110503540702,4.67775268071752,2.0354993312388574,8.873842453962586,4.511065667626736,11.877882700026314,13.998989112052199,15.36156415883521,10.471906416241934,2.8434070379530443,3.9887741804281216,4.359308979877836,3.5772756094767892,3.9449879081638812,13.135208941800654,10.363864902345345,3.98365753826293,1.6587513291775862,11.520999117413025,4.695044836432148,3.710396363185752,10.409104828049378,3.7806107997978127,3.349921192891225,12.206383423393417,12.343592974081169,4.564756542784188,4.5999497211588265,13.759661326673957,10.562663579765825,3.6779480220652276,10.391124074498462,11.403723583417348,9.932327813048783,2.869844333165233,11.274096166479794,9.632050928081144,11.291069099733345,10.288715339305059,9.581759715712305,13.528940784987878,10.62974122254127,11.555547162830925,4.667900608107293,12.346500314244308,12.740321521720926,2.6160238791732437,1.9819487907260274,13.284744114466296,9.495862020733254,10.318321727096462,2.786041413388359,10.645005082495175,7.008041005058905,3.367115903345172,13.087672850345534,4.408886587473837,6.143936782454736,10.319453318330838,11.491089384382501,10.446733314907487,2.981636977274249,12.071668187242421,3.47524791319303,11.329719377549763,3.634513481999663,2.6572356518055775,11.39253880227196,4.086311126772402,12.284227095943326,10.4355374711985,12.604154173280023,10.09405005001289,10.700829355242398,11.601530541244014,1.6324222605564775,2.812965847935278,13.527111068053905,5.985446331109446,4.185603376192441,5.055409656157627,3.249568726565667,12.448081095534548,4.0552971358045005,2.538712550847844,13.285442417611813,10.340812771809018,10.402534628513306,10.438109435382378,4.669287975322108,3.717016005272823,12.16717238220187,4.744450238153796,10.253595799401825,4.030962894513946,10.63096992965737,4.854602233257681,4.449505968824183,5.3297848683333084,11.004629410571166,4.739575991013577,4.582863238618648,1.9885600750072023
22.000000722689894,7.9757382045125205,4.515836116686561,12.427260750319338,14.262487674759905,11.601733316279947,10.426796899688132,3.7993716745518924,4.252782748708766,4.301493510210508,3.0379095969961787,3.638891990643783,12.597031971882993,10.138895539578996,3.572295556272953,2.050077649893405,11.56463276885677,5.614484083761703,3.7702758316645903,10.605148943195745,3.580435808843503,3.2131529637740517,13.844817276090286,12.279742418788656,3.1764702595815706,4.473655474175842,14.786411432508567,11.490180514418652,1.7837728350969262,11.203037164602291,11.385336280226529,10.89760660876744,2.5993851301695545,11.132652427555875,9.986393116532625,11.597654362562452,10.285543516761338,9.233567982589358,12.313406330335754,10.307920166095734,11.81174209217606,4.127429909078181,13.60126100646274,13.82331275376736,2.52849319842024,1.1169639555355861,13.615694352373433,8.639109326645688,10.369171170476921,3.751802145296541,11.414646459418362,7.185747366209608,3.165730442565626,13.656991789577958,4.14367069373867,6.468025325958127,10.41492265947721,10.51450836233741,10.469152413486679,3.3710758782390924,12.23051045116326,4.301029584521261,10.68756180278999,3.538145114315416,3.7827034296630297,10.488050830010618,4.650432528429339,12.664906194268633,10.27032087109613,12.432973405214563,10.378249435355876,10.878339534833124,11.364373827429404,1.0077483309367512,2.9313238651432,13.111348536914727,5.757884111487119,4.1660237191702665,4.552534444347487,2.8569403355253655,12.495927004956032,3.4260394734714645,4.210123675994009,13.58989416234841,10.387245531328176,9.101861074395604,10.537406819858898,3.7853891789049303,3.299637240013839,12.10143935227021,4.494879038053005,10.342208155889189,4.014535630492818,11.470714308419296,4.691825232524669,3.6812647143463546,4.994690953224646,10.042244865485028,4.589335396311149,4.6569776607927595,1.1682459175482527,8.939958928504021,4.594428761251389,12.060810395139423,13.937279649015071,13.568075466952896,10.537342728474984,2.7189527634241277,4.384942141273606,4.163588357084192,4.015129004220492,3.541185238909959,12.916465752533481,10.415733691340945,3.4532969572075536,1.9501218999692322,11.596332512519098,5.315135060211696,3.745212954758281,10.417001580334166,3.6440581405133665,3.182022145639757,12.243887528196208,12.37201760127073,4.5708845289391045,4.436082170554356,14.484239702978396,11.592885524162922,1.8068828074274617,11.061741928335588,11.396712598234542,9.740184613484647,2.548469306030455,10.578318814551643,10.257494062563085,11.352911221487268,10.271746617092445,9.337499026520037,12.36236636116466,10.961521272886474,10.586270389438203,4.912265374317345,13.45390367744305,13.36603188894734,4.401204993254388,1.7512188061982306,12.706018335193338,9.141983980308536,10.140135592473936,3.09462236636889,10.387407590045992,5.6549391684100705,4.75211410753856,13.662140241413352,3.7346129965248718,5.388230679535831,10.32273499231269,11.512565661220004,10.444637176849882,3.2613458132472477,12.024085462483292,3.5380901379521728,11.403108718193927,2.899349517332567,3.9135782363098333,10.540784493081137,4.649953827265927,13.248702029656616,10.356120560438683,12.629348423850201,10.15935912600793,10.700218502939396,11.576307052950705,1.5501797067974494,2.6859233388726675,13.067332377737763,4.859908561688488,4.559901385998444,5.282009136317428,3.4911483421542244,12.652529217867787,4.179079286939655,1.9687079049317706,13.327436725460188,10.315163612439942,10.388893936442242,10.490067610035634,4.600301417646273,3.8913627537905082,12.873340419069109,4.67263197087683,9.928322661666371,3.54484759734082,10.694104037210163,4.794707714332543,4.372719980632637,3.899925801892611,10.437833912952877,4.734242514893454,4.57562618246749,2.0229585863845423
23.000000755539435,7.972486531768526,4.591115994921508,11.919309271284407,13.590613999164132,13.032967540360925,10.376783190812876,3.7851850569202163,4.34250763676123,4.157559590965569,3.7398492614586645,4.706763861062574,12.9447180349829,10.005903692867843,3.7463705882272897,1.9080069977557312,11.513603695784514,4.624140255037476,2.9968026995819343,11.33695102714258,2.667045284878822,3.667046385595971,13.471546378417894,12.298198503619407,3.5311476414117253,4.546362497528115,14.720105637996003,11.900184030383326,2.81018118570474,10.37580822154267,11.34171976392473,10.95308585470115,2.7992218828902296,11.312838718579496,10.882040993237112,11.348948930488023,10.27894791701047,9.362329336133447,13.521816568802391,10.176642647029269,11.734888528015222,4.368325534176434,12.54128870432357,14.14904228347432,4.711580195682041,1.5093803792855631,13.47993045169439,9.123061516050262,10.402873578781087,3.4483932751279385,11.068469167882093,5.841767469897141,3.503312621915313,13.540435826686977,3.8306598858844354,6.749578128994747,10.329039244456213,10.430912472722563,10.430797844903433,3.6171554304528586,11.743821273555847,4.181992808935593,10.897150555682247,3.9933517995517285,3.63820142233997,10.496671412048903,4.638589190071886,12.512220161520524,10.36980891168257,12.60301724411693,10.221572330145781,11.022995690531005,12.229811279839797,2.0454413819299058,2.9123757533810064,12.414891940862542,6.041590974973694,4.427267276285719,4.950925569322718,2.877554016224717,12.766528720183972,3.812413087519205,4.258470043615833,13.580317407095281,10.510414563661287,10.073246071998598,11.200555389890855,3.6022492255775735,3.433448577594904,11.952426631987553,4.674398366597504,10.028044526020159,3.9953865103701824,10.573120907906494,5.516314204018149,4.426038250264573,4.729343520142443,10.124974437530598,4.674487951582233,4.556847047541265,1.2050279959892927,8.20876480862734,4.544328331637385,11.776412748627738,14.316733118678908,14.476423432701843,10.473299243975296,3.7397048416958465,4.06902713474185,4.359433976922767,3.229463437702626,4.138633619072264,13.106044535944278,10.348221634016594,3.9164914041783776,1.936332807420536,11.615856196233151,4.990588792984792,3.9344295711336827,10.55661311052482,3.5570415162229825,3.8214188305291827,12.224294101869289,12.309357012562868,3.9757676316263493,4.559675922138044,13.604055238028687,11.607495418822612,2.0990035909143345,10.950091511829172,10.386013229357452,10.082506200539568,2.919266509882302,10.65620337094072,10.170188652364962,10.942704879854624,10.299922988291684,9.536201932482426,12.546123044261375,11.038248472809896,10.544552690968551,4.803634038656733,13.525258788264583,12.981997692223713,4.541787284902113,1.717930281857812,13.015660032015639,9.5256287347243,10.224853582064933,2.736797964228669,10.817185719107078,5.247097664885522,3.2805140831422883,13.9510812139543,3.0850921903936372,5.625294893043257,10.323665703772276,11.646757416657694,10.463142293869279,2.4354942544511244,12.021600552670662,3.6784818049265318,11.277009845231806,3.1993433485654332,3.756410495326713,10.23806995474542,4.729179008986826,12.133590333547371,10.356495307113978,12.552971888156305,10.187775203148005,11.193471942408301,11.496690836859623,1.3931338108302038,2.7680591347379306,13.583247051832183,4.961113080774039,4.479499810082883,4.835899240433199,3.8252050095404653,12.107534854483003,3.2900404386053523,2.400408814474245,13.775945858925072,10.149709165850146,10.44255804805605,10.45536605544295,4.5870312083724585,3.90620234360399,13.155374594204039,4.663448724866897,9.943928848302388,3.507020916839589,10.554660428574469,4.805156952315346,4.482769711876455,5.564751910925412,10.516075108187776,4.7216839684527665,4.643079061614924,2.9173302001177386
24.000000788388974,8.029367507798366,4.550179244489282,11.979027542025413,13.941714846263691,13.259647062580843,10.526672923377426,3.6810805651827616,4.48961029415517,4.101283260311881,3.22132165065833,4.3325838604187235,13.108036103405105,10.280818744164996,3.6011480230412194,2.1932188181191283,11.525741398694954,5.00810695935547,3.075804366881896,10.456360941666127,3.5877403205434,3.3407636815414863,13.98630821686376,12.355493002921605,3.0431849709932597,4.582383480899208,14.826023948354747,11.602790436834528,2.6589397378935287,10.354848342214819,11.363155262578289,10.944606402687276,2.660889117689098,11.41512931002977,10.81233859726045,11.64957088741934,10.33054815785691,9.192410253926866,13.632646986253146,10.305963595976422,11.847531701338276,4.356091257475414,11.962756591201178,14.18166264671568,2.619189850171428,1.4954911071030335,13.64939445960644,9.242783304314868,10.189542292652543,3.187007967403511,11.452448601572954,7.284715586359676,4.4959437072646,14.338767402165438,4.030620087844608,5.527346003942898,10.275416572166847,10.453993072557473,10.380610500794793,3.3860905212369414,12.043643465463452,3.5331833004487088,11.408620231342768,2.6876540692629725,3.8732106148333765,10.474908418482094,4.677140231959474,12.14588314150908,10.308698177170546,12.344343429946363,10.229108831532255,10.775090850255342,12.0558749433738,2.2696785767660845,3.14929663116277,12.502905665900341,5.622818246549972,4.552691312750986,4.273112707703845,2.8251059008798576,13.038077501409736,3.6526785829041506,4.0965961661587,13.568973833172764,10.414106928745,10.055097239838737,10.597654115105417,3.61469493145012,3.806084427751922,12.11652313869901,4.590633705509727,10.38552709527608,3.991126347865744,11.223170295251991,4.164619304596068,3.931946399333531,5.200829928778393,10.147190700526473,4.586858581320713,4.6191076353714084,1.2738907824227255,8.07920682068523,4.588381996900569,11.928389810599885,14.144907218301146,13.248386091042732,10.481872336339531,3.7124491330819938,4.375442058044022,4.265482360229482,4.414229430575196,3.483797478292246,13.064453875717088,10.37545015355524,4.134256964434658,2.004905105596228,11.503363706283253,4.703164878005196,3.785789203681709,10.341752064802593,3.72088959851146,3.507639798708871,12.326358910307414,12.314916528607958,4.171241234848776,4.511582437655355,13.714467357186841,10.618370582038818,3.740893804927199,10.577565222102091,10.28992875255019,10.195283078846508,2.902095419850444,10.687228969540824,10.269716113058426,11.36277251542281,10.193985764615617,9.575936286659976,14.221758749499129,10.463340860124086,10.787242357123516,4.607174943562875,12.785440047305926,13.247723595384219,4.793401600316358,1.4704578002186803,13.321138534941369,9.633604696816512,10.246348479935637,2.9530530267966273,10.270035465061175,5.602430099280828,3.100976677811801,13.447183764309283,3.7144048508876324,5.347621574746272,10.40436040913025,11.520863181050395,10.47234967133135,3.354575435477424,12.105144719488143,4.641286874188583,10.44514328268091,2.978110093657458,3.471310321567784,10.387118052831728,4.469034560858157,11.999371852519515,10.430120404396977,12.33697882962353,10.193428508101569,10.81724142130058,11.643669968269212,2.5453709619411313,2.743558556371844,12.700465403402454,4.981980783648689,4.165626211501908,4.519121279063093,3.58915549229606,10.534541029275982,3.241679562065343,2.0475927722890557,13.234290283868026,10.227982299088804,10.391087204198836,10.515626581509798,4.5851043467726145,3.9361570202483707,12.74376846049938,4.7044207480027636,9.971475362852402,3.5934622039114092,11.41427852022376,4.744195920754961,3.626782237846237,4.553104024714271,10.941494283706982,4.7636864421753025,4.704236799512734,2.840818214024523
