,Modified,hMDH2
1,0.983509406,0.838006804
2,0.747085634,0.547557839
3,0.599245076,0.465860801
4,0.569876411,0.443724656
5,0.446961407,0.391367323
6,0.478661071,0.393389854
7,0.53054636,0.478864478
8,0.473418228,0.422078928
9,0.491332871,0.437908065
10,0.548422757,0.531220539
11,0.558600711,0.536184266
12,0.425946248,0.417827159
13,0.416436202,0.421842016
14,0.406211132,0.384502597
15,0.40505706,0.390839126
16,0.397337004,0.380324974
17,0.394891187,0.387832949
18,0.387747036,0.378874158
19,0.421236148,0.396670849
20,0.429293805,0.427472369
21,0.451861169,0.441840309
22,0.64477076,0.665546991
23,0.824180342,0.75420159
24,0.836755612,0.876899029
25,1.040057239,0.977988113
26,0.702435984,0.726261538
27,0.795400991,0.748541606
28,0.72939329,0.641634386
29,0.563938359,0.483740231
30,0.535788936,0.446529286
31,0.494821778,0.438210735
32,0.496320224,0.441286094
33,0.551239273,0.477922349
34,0.734827007,0.638573225
35,0.751392761,0.658087096
36,0.690379896,0.611451909
37,0.550298129,0.491698565
38,0.637420595,0.546966399
39,0.617981312,0.552666318
40,0.494203879,0.468010865
41,0.505217926,0.461564956
42,0.506530074,0.476903002
43,0.446449405,0.449620382
44,0.442718693,0.422566676
45,0.50898178,0.494142816
46,0.517246049,0.511426213
47,0.438451907,0.403606231
48,0.516451657,0.423788692
49,0.579221342,0.523840069
50,0.834445065,0.690804397
51,0.62182335,0.689788167
52,0.624551804,0.688586442
53,0.55052838,0.553453926
54,0.715112625,0.642235623
55,0.666753915,0.600074406
56,0.641454498,0.524957161
57,0.688353685,0.602381752
58,0.798944198,0.719715109
59,0.866138788,0.837492748
60,0.949606783,0.837956659
61,0.774528204,0.659498145
62,0.726563762,0.586003562
63,0.80783795,0.637373301
64,0.844433193,0.696385972
65,0.696823474,0.550160087
66,0.695652484,0.519316631
67,0.955317125,0.672541193
68,0.969668129,0.705649779
69,0.720926304,0.555264898
70,0.702454443,0.554091013
71,0.567600426,0.446558121
72,0.502552528,0.407395999
73,0.449308427,0.366841534
74,0.431594478,0.367312572
75,0.53225225,0.456429328
76,0.573035412,0.46728118
77,0.781846763,0.660434841
78,0.95199657,0.684903183
79,1.30022473,0.899921153
80,1.490719451,0.720107036
81,2.180613624,1.093371774
82,3.851576516,1.514996235
83,5.035855166,2.215126731
84,3.479744023,1.713428407
85,3.153648799,1.594884064
86,2.327215484,1.312382547
87,1.980443721,1.153335477
88,2.126044771,1.054967683
89,1.138132362,0.816542571
90,1.042120808,0.642263018
91,0.959276274,0.687886985
92,0.90046465,0.643218891
93,0.740085952,0.524812255
94,0.650803635,0.489053189
95,0.697376432,0.515579005
96,0.640775932,0.498716832
97,0.528554191,0.44739405
98,0.575809294,0.492097986
99,0.633133138,0.517706324
100,0.558866764,0.460256027
101,0.521832711,0.446209846
102,0.592942576,0.456013948
103,0.633207928,0.490703408
104,0.576631617,0.472184196
105,0.62161455,0.485389396
106,0.72279233,0.607743073
107,0.731116571,0.580162846
108,0.686811074,0.522070237
109,0.695528289,0.584259065
110,0.682778068,0.558431258
111,0.599109482,0.512788159
112,0.505504682,0.444505216
113,0.468778484,0.396828669
114,0.437988178,0.378542026
115,0.42203877,0.373203222
116,0.50963429,0.401273917
117,0.566318135,0.456331122
118,0.624161506,0.50662043
119,0.569347714,0.496403686
120,0.468553119,0.448268236
121,0.50976164,0.461279158
122,0.551551044,0.480355674
123,0.491909024,0.438386161
124,0.439739285,0.398157903
125,0.514752227,0.443081192
126,0.515513313,0.441147611
127,0.48606928,0.410775517
128,0.536734305,0.434681123
129,0.578930302,0.466523123
130,0.550922675,0.446217964
131,0.550343486,0.449018963
132,0.668660778,0.529233552
133,0.714553524,0.598282735
134,0.698696151,0.616840422
135,0.75180443,0.675272227
136,0.709518012,0.561577319
137,0.677880266,0.542869435
138,0.673533127,0.544056777
139,0.664861371,0.594115247
140,0.586824968,0.484497364
141,0.53271657,0.437917843
142,0.474877329,0.381790996
143,0.419968748,0.349580972
144,0.378221469,0.342285199
145,0.410436915,0.347987292
146,0.416252353,0.346067855
147,0.421671318,0.347728586
148,0.408431855,0.352150409
149,0.40856396,0.343296143
150,0.459760565,0.381084313
151,0.518538293,0.36851155
152,0.531754002,0.389776573
153,0.582711438,0.432100674
154,0.702689172,0.467162785
155,0.780497816,0.491014376
156,0.832575668,0.492140489
157,0.892403748,0.527349134
158,1.025661193,0.615550187
159,1.14674614,0.731978564
160,1.225816542,0.747933459
161,1.330415402,0.821669296
162,1.446955977,0.961410847
163,1.368745258,0.900042223
164,1.294909532,0.975784804
165,1.083641998,0.797763319
166,1.270643317,0.945038507
167,1.285263276,0.894747141
168,1.011052935,0.592617183
169,0.872402508,0.554659704
170,0.703574489,0.508783276
171,0.650756368,0.498655169
172,0.526535958,0.523631902
173,0.551022975,0.450703959
174,0.622634382,0.418235834
175,0.602998513,0.472321295
176,0.493820206,0.419531447
177,0.738635912,0.488124328
178,1.065156521,0.555828185
179,1.150244546,0.56249972
180,0.702204625,0.498667573
181,0.644615348,0.522346614
182,0.637216603,0.484995039
183,0.557133192,0.48495967
184,0.647225328,0.529729549
185,0.79140254,0.656370682
186,0.854409037,0.713360282
187,0.865965795,0.582365123
188,0.981756177,0.632836999
189,1.206765202,0.676504626
190,1.37389116,0.778401879
191,1.394650923,0.862217984
192,1.393579807,0.832757377
193,1.612768833,1.016854987
194,1.499135528,0.88402073
195,1.637186337,0.985153494
196,1.49220726,0.910093542
197,1.576057804,0.929339188
198,1.473620964,0.804901956
199,1.155153266,0.693894933
200,1.127001778,0.745033361
201,1.237146603,0.723296162
202,1.005588525,0.5826033
203,0.780809148,0.555440475
204,0.937680617,0.644998721
205,0.958570756,0.632296542
206,0.721369534,0.555210549
207,0.760193123,0.593360461
208,1.039859242,0.748014012
209,0.715802778,0.644512232
210,0.805055029,0.825695672
211,0.745221493,0.835047446
212,0.631400454,0.772237454
213,0.553951848,0.590862549
214,0.732953761,0.72483151
215,0.773161487,0.837800081
216,0.734366937,0.760108767
217,0.843222868,0.743447579
218,1.131125145,0.988858888
219,1.458131518,1.457493603
220,1.903699017,1.359223128
221,1.083747864,1.060978782
222,0.778756648,0.653661214
223,0.594824346,0.533859772
224,0.490197189,0.487465151
225,0.424865686,0.449852713
226,0.421789135,0.415065469
227,0.408063258,0.39422659
228,0.435438638,0.43549976
229,0.405639502,0.433634119
230,0.424642821,0.392111621
231,0.466043681,0.419303719
232,0.452492558,0.42277774
233,0.476901537,0.429320723
234,0.475670646,0.395962027
235,0.517069881,0.419253643
236,0.598110714,0.453856564
237,0.598609987,0.421749861
238,0.58223123,0.503786064
239,0.792659713,0.577000991
240,0.96383486,0.595704055
241,0.905490497,0.584879789
242,0.875954068,0.78887648
243,1.1903815,0.849498953
244,1.441929175,0.883544324
245,1.190043181,0.759559912
246,1.189886741,0.807470736
247,1.050852408,0.765876806
248,0.873791043,0.554785732
249,0.891176807,0.496760735
250,0.696156245,0.414803152
251,0.512465177,0.38293799
252,0.427630674,0.347879732
253,0.433334635,0.346198551
254,0.472550143,0.381599108
255,0.589249247,0.473782851
256,0.665717863,0.544533974
257,0.828803672,0.720825919
258,0.87264575,0.739717222
259,0.860959138,0.71759105
260,0.919445812,0.73558372
261,0.794242534,0.570644336
262,0.742033432,0.509277973
263,0.576993381,0.450087684
264,0.536707606,0.421350884
265,0.49774921,0.377588376
266,0.577179792,0.434034633
267,0.637342857,0.422379698
268,0.720044491,0.447354048
269,0.773289721,0.501420891
270,0.761122639,0.494974892
271,0.8775698,0.627802087
272,1.047732811,0.816886246
273,1.007400874,1.003539372
274,0.784893671,0.587098672
275,0.662144794,0.514245431
276,0.846648858,0.592076953
277,0.85490782,0.595597505
278,0.774916147,0.547409003
279,0.857876163,0.550788336
280,0.832913656,0.602053073
281,0.880422167,0.574513423
282,1.144876889,0.76925004
283,1.268501057,0.786889188
284,1.111514956,0.777701848
285,1.250570064,0.940696899
286,1.246660025,0.932474395
287,1.061224043,0.811399903
288,0.86769644,0.667555261
289,0.935751747,0.6999925
290,0.949742779,0.68684351
291,0.861167633,0.595480229
292,0.771877011,0.544171359
293,0.87942681,0.668155294
294,0.925939782,0.69645968
295,0.78847995,0.586433659
296,0.799484988,0.602548239
297,0.930735704,0.702630146
298,0.836401825,0.626858169
299,0.717668012,0.526857879
300,0.868493041,0.621965714
301,0.947282191,0.693801156
302,0.759868012,0.616724759
303,0.700895953,0.57628773
304,0.87532148,0.656093016
305,0.846481963,0.668271823
306,0.698730402,0.593987856
307,0.77455873,0.61087822
308,0.922889426,0.696299743
309,0.815143605,0.610174566
310,0.784999922,0.587603527
311,1.103513298,0.811166545
312,1.229305392,0.905760561
313,1.28292725,0.935886022
314,2.537258503,1.453762214
315,0.731623465,0.731948238
316,0.582059591,0.542408283
317,0.512760343,0.462936502
318,0.505566752,0.448706909
319,0.436847633,0.403250996
320,0.453636232,0.40969164
321,0.529755812,0.514738251
322,0.484959581,0.447044914
323,0.48599516,0.47255505
324,0.561489328,0.562495202
325,0.538981227,0.586426341
326,0.422176301,0.414546493
327,0.425388935,0.409692663
328,0.40045879,0.39027821
329,0.416675713,0.401101118
330,0.374516162,0.378782197
331,0.399644633,0.392831105
332,0.380053286,0.396027751
333,0.418607587,0.411661149
334,0.448367015,0.405063625
335,0.486968405,0.445792163
336,0.642771068,0.565509443
337,0.78056047,0.618440751
338,0.857424365,0.776994155
339,0.844695871,0.888111081
340,0.643089628,0.605959049
341,0.765868712,0.692748826
342,0.747674453,0.63236535
343,0.535047911,0.461554932
344,0.549865837,0.441207682
345,0.51724909,0.414922409
346,0.515336295,0.428908702
347,0.569796801,0.53622128
348,0.793153706,0.757641978
349,0.689785367,0.666749877
350,0.641118046,0.659215125
351,0.522363975,0.54115541
352,0.67723123,0.62427074
353,0.663922342,0.626247835
354,0.509119349,0.519457971
355,0.507590608,0.48566495
356,0.523868065,0.490399891
357,0.491245102,0.437022056
358,0.45433074,0.412992303
359,0.521921986,0.485599227
360,0.525908846,0.457979719
361,0.476491565,0.412180493
362,0.532413894,0.449484458
363,0.599789807,0.557113538
364,0.862868106,0.70358069
365,0.596289005,0.642067518
366,0.640249952,0.61283484
367,0.577137914,0.548095552
368,0.692967511,0.560131503
369,0.622447215,0.531706846
370,0.572648478,0.519337218
371,0.623517946,0.638670032
372,0.799187859,1.056323079
373,0.796588289,0.913298702
374,0.831986125,0.994957798
375,0.677355716,0.7348614
376,0.638178147,0.639007815
377,0.686878952,0.678421801
378,0.716416645,0.705921407
379,0.625354505,0.552540633
380,0.600495377,0.526983728
381,0.835633638,0.708818802
382,0.794462162,0.837867538
383,0.645496149,0.622866608
384,0.568453433,0.510162533
385,0.491556885,0.434031746
386,0.463773359,0.389044981
387,0.410909869,0.378425795
388,0.415816625,0.38147602
389,0.559132488,0.485668682
390,0.533252026,0.508160701
391,0.661526663,0.663176779
392,0.703919554,0.753593467
393,0.978947848,1.028136774
394,0.753193991,1.172427752
395,0.708516677,1.406572264
396,0.81852369,1.786548014
397,1.135378013,1.952393272
398,0.912245728,1.315272849
399,0.82757148,1.116415852
400,0.723319095,1.003758236
401,0.860158595,0.878044162
402,0.852683547,0.862635346
403,0.712858252,0.799135444
404,0.61500357,0.658115662
405,0.653685813,0.640022445
406,0.651641197,0.645966882
407,0.558354943,0.559849333
408,0.542077799,0.52005135
409,0.60425861,0.553984935
410,0.563740692,0.531034997
411,0.499189666,0.485888
412,0.549604052,0.530551769
413,0.59249064,0.570417041
414,0.538212624,0.484547311
415,0.511883452,0.470466351
416,0.569373366,0.532746618
417,0.56237201,0.526373588
418,0.529200655,0.478673441
419,0.541873023,0.511386906
420,0.676831232,0.606251775
421,0.651325135,0.581090678
422,0.612730983,0.555842973
423,0.622757715,0.609718253
424,0.584911974,0.590413701
425,0.571488439,0.502892612
426,0.545986535,0.470382121
427,0.473261333,0.396774919
428,0.434108003,0.356987259
429,0.436348399,0.356838411
430,0.519385518,0.43387151
431,0.580467862,0.493723127
432,0.611465445,0.524729159
433,0.562563807,0.454611431
434,0.413808409,0.405349766
435,0.51240416,0.436680954
436,0.46301527,0.425775904
437,0.427825823,0.405845279
438,0.403680431,0.372144337
439,0.458554467,0.423596869
440,0.462469663,0.460217869
441,0.446260601,0.415270784
442,0.474160927,0.472340613
443,0.51577186,0.527170303
444,0.493745177,0.500611493
445,0.490660174,0.493940203
446,0.581256855,0.59822485
447,0.663725835,0.698891704
448,0.646652924,0.639947933
449,0.695713082,0.691561728
450,0.601999747,0.59328668
451,0.589238594,0.557447135
452,0.586565588,0.553211101
453,0.575806615,0.584790519
454,0.529637904,0.491245064
455,0.482016474,0.428474196
456,0.433791063,0.398903707
457,0.392395091,0.336905023
458,0.446757501,0.336586144
459,0.485199953,0.353446798
460,0.526335889,0.360375229
461,0.46101816,0.35821514
462,0.441434594,0.349753966
463,0.445946239,0.353083478
464,0.521156906,0.371769231
465,0.525909373,0.359116313
466,0.515888233,0.35152559
467,0.624240862,0.399152268
468,0.73974301,0.42000298
469,0.704577049,0.441868617
470,0.676297882,0.489216422
471,0.771919441,0.516352994
472,0.891738939,0.61892399
473,0.987380338,0.737136776
474,1.071012712,0.717869337
475,1.136508667,0.840094957
476,1.233329557,0.966461707
477,1.179728824,0.927933576
478,1.332795996,1.004547586
479,1.11664949,0.75599788
480,1.327821707,0.897927473
481,1.506109433,0.903298791
482,1.034254837,0.61949483
483,0.948310492,0.528148147
484,0.818876355,0.476750448
485,0.737174523,0.508948416
486,0.62694534,0.448431349
487,0.590648152,0.450627556
488,0.513886308,0.471099534
489,0.539072254,0.480192212
490,0.446994349,0.494999696
491,0.58185993,0.740943986
492,0.677222797,0.716994567
493,0.665268422,0.730035119
494,0.540338694,0.518574089
495,0.511089347,0.47352551
496,0.555628461,0.484150526
497,0.615920496,0.46411016
498,0.691687973,0.539760548
499,0.792643956,0.614553067
500,0.903347483,0.739097251
501,0.842064369,0.6740939
502,0.88120121,0.594054298
503,1.115955724,0.72661935
504,1.274834848,0.789035449
505,1.262558387,0.836604367
506,1.379433771,0.836839466
507,1.422170214,1.027999598
508,1.255645604,0.867196272
509,1.393634705,1.004307459
510,1.269840238,0.925380247
511,1.281892347,0.944253675
512,1.162907344,0.830429121
513,0.94334387,0.674388124
514,0.915421279,0.711246247
515,0.885295809,0.722827133
516,0.781545137,0.603877608
517,0.67253301,0.558551572
518,0.684465297,0.637890724
519,0.645814831,0.598966513
520,0.576337358,0.508689282
521,0.548242767,0.557134467
522,0.543592487,0.64795958
523,0.541155642,0.551247833
524,0.57752312,0.654946092
525,0.583747154,0.604079902
526,0.56129198,0.601697679
527,0.516180379,0.48433989
528,0.577014695,0.575041051
529,0.668188391,0.675126775
530,0.639580999,0.627714141
531,0.630188764,0.655044236
532,0.788085429,0.945990993
533,0.840803849,1.800474345
534,0.859903316,1.822680588
535,0.79542111,1.048169917
536,0.609523577,0.697128927
537,0.494994397,0.541490681
538,0.425381476,0.458460645
539,0.406931457,0.419907472
540,0.391967468,0.394986844
541,0.389276894,0.377644155
542,0.40125154,0.417818553
543,0.40169749,0.391162092
544,0.445076682,0.390339731
545,0.477445488,0.435768982
546,0.446987479,0.411566268
547,0.444830822,0.395343308
548,0.468859275,0.400895727
549,0.502456441,0.41648061
550,0.503569791,0.437631893
551,0.504268952,0.439729327
552,0.529604003,0.486062633
553,0.718715486,0.553911287
554,0.845364415,0.58483097
555,0.757432401,0.604888736
556,0.796794292,0.741339604
557,1.142589667,0.874510868
558,1.240753176,0.886980838
559,1.064932057,0.834145714
560,1.315106242,0.887998166
561,1.167086159,0.79140975
562,0.743771395,0.598825876
563,0.738834891,0.517387053
564,0.623944597,0.431597971
565,0.543874913,0.399593035
566,0.459155996,0.362939276
567,0.43102781,0.350243175
568,0.448650844,0.392308903
569,0.525253995,0.46220115
570,0.653728081,0.520352629
571,1.148199746,0.616387278
572,0.918482376,0.651100826
573,0.846372364,0.63737255
574,0.806688157,0.759248168
575,0.633688851,0.602541445
576,0.598429547,0.521380805
577,0.511295222,0.428244668
578,0.478795492,0.438510204
579,0.480094859,0.423289632
580,0.55445234,0.491600384
581,0.56710254,0.473749436
582,0.581067234,0.478087444
583,0.635583754,0.556417963
584,0.62710446,0.561217058
585,0.696277464,0.633902821
586,0.759949036,0.740689158
587,0.904502003,0.780083803
588,0.708897178,0.608398079
589,0.619417243,0.513164197
590,0.748286449,0.713756269
591,0.723318118,0.701710666
592,0.682071362,0.620064448
593,0.80082504,0.650733798
594,0.827746435,0.731071861
595,0.787775172,0.663941478
596,0.957471468,0.872560836
597,1.032074035,0.923105455
598,0.994094999,0.849970788
599,1.062195093,1.038902472
600,1.095343246,1.057505664
601,0.979548525,0.888595025
602,0.800771303,0.709262031
603,0.865577326,0.785788324
604,0.885286735,0.787821489
605,0.731506456,0.650758467
606,0.694637599,0.60788834
607,0.825065195,0.722740185
608,0.782086062,0.730033348
609,0.649554915,0.628865338
610,0.662458249,0.636111258
611,0.783225234,0.690004734
612,0.676223366,0.630095187
613,0.538985808,0.535667441
614,0.641095193,0.585963811
615,0.675721017,0.653435445
616,0.604866605,0.560469791
617,0.56687467,0.527644428
618,0.639119277,0.642374837
619,0.649121628,0.626571984
620,0.599639649,0.567796152
621,0.643751789,0.666811722
622,0.733995254,0.806694407
623,0.667439978,0.652851735
624,0.665140576,0.718966424
625,0.892592909,0.992829802
626,1.192903765,1.055028366
627,1.265938017,1.089118863
628,2.139185778,1.901622706
