time,1,2,21,28,32,33,36,43,46,48,50,54,56,60,64,65,69,70,80,81,86,87,88,104,107,108,110,114,129,132,133,134,137,141,149,152,159,161,164,167,176,179,188,191,193,197,205,208,212,215,217,229,233,240,245,246,250,251,255,258,260,261,263,272,273,276,277,283,288,289,290,294,298,300,304,305,307,308,311,314,314,315,316,335,342,346,347,350,357,360,362,364,368,370,374,378,379,383,384,394,395,400,401,402,418,421,422,424,428,443,446,447,448,451,455,463,466,473,475,478,481,490,493,502,505,507,511,519,522,526,529,531,543,547,554,559,560,564,565,569,572,574,575,577,586,587,590,591,597,602,603,604,608,612,614,618,619,621,622,625,628,628
0.0,7.4596278258707285,10.33371352413509,7.917026595291721,12.684100386291943,11.507410337968832,4.436308466703281,6.328855416362644,1.5859079804516485,4.938172980737885,4.685239977879295,10.433070032651882,10.582539216121617,10.43507654775862,4.659071395884375,4.032089518089784,12.593825657318275,10.458832925671842,3.3471020713049002,12.124834770444524,10.298186641592784,13.186709171624,2.8339954905435003,2.572661852086156,16.902432099752165,5.936145204423126,7.850096710904941,4.535467300663056,12.680434034496416,3.827891044497335,11.40518258051883,10.428055757019449,6.010382158591884,12.055097003970577,9.98922876192793,1.9192200798864893,12.521033930093836,4.785127506889823,10.115232951653882,2.6194539932036105,13.319325929116529,6.579301303121107,10.549336547318639,10.612071887527238,11.432267827428092,2.872895913780157,3.51487035471162,13.22751018329228,3.9805753762808416,1.7044612610544356,10.417883090128887,10.366034582930927,13.725101553894909,15.744504316176483,3.7418462031245214,10.830567510544554,4.588414932783856,4.605715836168481,11.625149639561947,10.155015664097938,4.203509807635541,3.6663094426470937,10.250329830014309,13.093001067466563,10.542305005932107,10.450979238642594,4.508004896164504,10.42787987447483,10.432309680752772,3.5217254048476367,4.690799778695493,11.340578469135641,2.942531135011333,3.449579704287441,11.490852111979097,11.478858375677438,10.68013847099419,4.952963751490694,2.9636062550112903,10.79501234637026,10.483166473327728,3.1907827586908737,7.3134768893384745,10.376701414141184,7.5397102574680614,12.659985332631814,11.637315318935867,4.54368252131233,6.338065038327573,2.4038566145247082,5.389144654861041,4.0746174546328,9.982572458445823,11.34838559200323,9.812782593100112,3.957377358975992,4.039933813060379,12.581711448508255,10.922448824734055,3.5003418057447577,11.577548140029773,10.392314057501547,10.321641541465121,4.377432670538918,2.7984052041447582,17.300819862067716,5.831130825938365,8.088253748135497,3.461803594041064,12.796776672013268,3.69836819978545,11.675296423358168,10.32935450487632,6.0719207505787,11.004935759512207,10.835202904315427,3.819543901550962,12.133905437282621,4.003100966212216,10.241221625734909,2.435865803180223,13.478751338965635,1.4791809078313005,10.59136779888579,10.690444481340894,11.492089121169194,2.787054291469285,3.6150277713606997,14.024812904592173,4.006287402971755,1.8498193116611583,10.411970135244749,10.14287642055147,13.646487762711642,15.253695324034252,3.901103372038775,10.551761101826784,4.585393128543045,4.0338973211269735,11.119584154858593,9.938718221134952,4.811496465032339,3.584766491311961,10.408825095429968,13.052607789583263,10.528328455460406,10.458083493696039,4.666749984443945,10.410131468784604,10.452275936068801,2.6763061727685615,4.652346914936858,11.444906975164587,2.8501020516348903,4.910982831164071,11.532478895031026,11.487876114736538,10.041175095371413,5.298365200497807,2.861417431905991,10.66966014062399,10.458795467057254,3.3353459235302556
1.0000000328495406,8.16518705105577,10.371057804110867,7.784220689214393,12.581610883792946,11.811879190893142,4.777333586463072,6.243544630991162,1.6807307052219125,4.579977659850486,4.1605072563010435,10.358978466029676,10.344287690875136,10.973270931958721,4.5813408993430835,4.02728234252076,12.482672195257285,10.411679296848897,2.5399742335370252,12.195997220916826,10.328756876093086,12.57149941998313,2.6595918165679726,3.9200230920981647,17.25664650069478,6.0120129520992815,7.975313768555904,4.557086354951366,12.452225543160026,4.388161661870878,11.529908358952218,11.34769584214824,6.035063331281401,11.409352291992978,9.629141336303524,1.062461018982353,12.521697240487814,4.686360011100846,10.142958223203642,2.6538240338808636,13.413936411925038,6.805757933545404,10.583796917534714,10.589451677287899,11.444832684425263,2.8501517144850026,3.8691754298100296,13.281013505644044,4.090748261814219,1.4933263676129542,10.41139382840197,10.016969395721961,13.425958419697611,15.171612563658229,3.2076092342323537,11.350999256710796,4.561642009720308,5.135227074713003,11.347140546251389,9.946692493301889,5.115856267488558,3.427223772100868,10.319037520380622,14.275113413343812,10.461187806944677,10.498293124843757,4.711550407376764,10.41535220695221,10.453862007077136,5.038950802277741,4.674824539661814,11.450009611624917,2.9065039896297966,4.526950569471232,11.522426030817261,11.372527578756232,10.933807260576774,3.731535967610541,2.827164722471715,11.757562822639322,10.480889580216743,2.2745644230814865,7.463210862123764,10.402946580284565,7.7473341010099315,12.409527504205963,11.845572690554093,4.36333495721037,6.242562146670539,2.009561415251789,5.425321072077957,3.468331874935058,10.149349580637766,10.312440332538856,11.01414969994257,4.138881891330096,3.9309491141523916,12.527982876311336,11.106993030981545,3.7624666315510975,12.029817655558428,10.400925101170106,10.547530070375139,4.384548440946628,2.4736438127103297,17.640322046730297,5.975359975977253,7.774460949982214,3.6308928442106865,12.702802468583478,3.974440303700953,11.634154479476074,10.363798369121506,6.070801709662711,11.22721357714747,10.809250486841384,3.5360597475009143,11.920460311935718,4.719774543960589,10.361842271350005,2.6863687668999683,13.214330480300964,1.5233518089953837,10.40027758572234,10.490853676283288,11.55393756952146,2.8258323474889986,3.483146631665886,13.736295368562791,4.025874947206332,1.344088800298124,10.488719068315849,10.315444308798462,13.86399059119254,15.331175189505805,3.0882005195245466,11.467173017023944,4.274346143645509,5.530474792284805,11.427396394220725,9.940093975369951,4.851046250123541,3.454999679356767,10.407687115840904,13.767283586193287,10.403539492442722,10.502932780528633,4.550234128976159,10.510393744745484,10.452845707644565,3.827832076169888,4.625820190669541,11.422877370965374,2.8548907548048548,4.975714074628038,11.541426133062112,11.34507763265616,10.257437928863096,5.219620425533223,2.999723400369964,10.57579319953581,10.46651320029304,3.285067532662558
2.0000000656990813,7.632656036432944,10.288648101273742,8.018989898465597,12.60053097629883,11.56903862437187,4.301931337225308,6.344997569450483,1.4845973705711837,4.664853611039019,4.006755665647401,10.137598840255595,10.240474584106709,10.712178213173123,3.972270579179937,3.7402408032819787,12.327464756150018,7.01558332594161,3.825943087233686,12.132721430935318,10.346747913341334,13.04487561513796,2.7230990314934918,2.8524567731614217,12.541100742069863,5.79868374009547,16.11068271330939,3.391228504585632,12.766442225018062,4.6741877314514895,11.266201142045848,10.511395314917266,5.864593904756305,11.242230854284717,10.710515217250373,3.0400194190151706,12.514919732505758,4.670270986932371,10.145708202544515,3.0976708861264117,12.57829015154633,5.536402746050809,10.579882093069402,10.75819869905499,11.428625706875152,2.884305289195122,3.421275527607083,13.651191249943935,4.5245158234284135,2.2628782970189354,10.450505553081143,10.185791191755577,13.63958311721163,15.357352601287284,3.001566554450493,11.392896152804548,4.508192890742142,4.535838933508513,11.833765314289016,9.79669781482934,4.8467112059868755,3.5151909017292144,10.38195831042656,14.811846282860143,10.657169953458157,10.452513205842132,4.6759834429347285,10.430971910484141,10.368366348283098,3.388520713385311,4.706298845949093,11.379467823542726,2.896394806913947,3.853881544261808,11.584836321681065,11.32114981352375,11.19380504352062,3.293627453842642,2.950593210076598,11.73679355961167,10.470743454299784,3.0132428740027537,7.321922297922226,11.110157129125302,7.791277639858635,13.036576153296528,11.893867762597413,4.027415671153511,6.361365516039147,2.068878065769544,4.898191384304161,3.792414498471282,10.140452310021622,11.028785115204435,10.157362080330428,4.081456084742801,3.928923235406889,12.295391971919829,10.008458791406003,2.805037779214193,12.16516460471923,10.203633584715003,10.548993421542884,4.501269498652305,2.603529071196717,13.414377983307016,5.890276463018884,11.944054425318116,3.5267808403209395,12.78786129457635,3.8109764110043622,11.857022640637618,10.203630403981721,6.2018698510407715,10.417827926709233,10.840831823620965,5.038485230864626,11.106814067550369,5.61666815943545,10.309159748839738,2.6477001053865186,13.11054385708895,1.686603276612881,10.552911175899148,10.772402372933493,10.579953153520552,3.641345190183402,2.9300242357558846,13.621108187940958,4.0108239427594645,1.4519183049984226,10.364072370340077,10.213988151069374,13.51411225656122,15.626465754693644,3.091571874946964,11.433232500835059,4.16143623627721,4.304149117868639,11.555190219213479,10.43189609230993,5.024947000781474,3.520245601439475,11.083537207547298,13.808795281373378,10.25945779109712,10.493478144772423,4.566082758159735,10.450309510170685,10.462420952810007,3.97063705353462,4.703993907017783,11.45485391611777,2.7353659512606985,5.463576105465003,11.535998887104459,11.132203903801711,10.601456427008483,5.310929390619882,1.8381256633436838,11.556119248047013,10.462067304570162,3.3181666860824004
3.0000000985486217,7.610717632141768,10.293535163149235,8.055730347922609,12.841646831217494,11.403107398247707,4.117725290103725,6.321999460894358,1.7800629822293084,4.975806053520385,4.150457050074866,10.48017932220879,10.500139062002937,10.470086751089028,4.671012082064182,4.002260623935898,12.509434540370338,10.494677845209626,3.647431191870733,12.066694518973604,10.258352578670689,12.393060719422795,3.0554101067888695,2.502241250759296,17.18799638094692,5.757522327213818,7.90960198266183,3.463083173836729,12.661679346470985,5.1614453366995585,10.20779688298416,10.359869302976133,5.910356349192767,11.519623095829362,11.068153514876892,3.9403191321034208,11.717826707916574,4.675532529705451,10.227248495861561,2.5190492761751955,13.313150610921078,4.76270014507765,10.575040475664862,10.75119348167285,11.485771645480503,2.7235259027463465,3.4999225185910934,13.331874250779853,4.547400960407617,1.9965627738380882,10.563099647122822,10.04155416542755,13.603028991481855,15.945958421560764,2.966052021358286,11.464745492653645,4.546804132496584,4.249968134866595,10.976128374977934,9.866955166874638,4.925202173853725,3.48533701434207,10.447967858830388,14.36001666918351,10.519709617057908,10.318882249003195,4.76425771985876,10.452696295971823,10.447969583841328,3.485068733938795,4.674123761867098,11.413623049697437,2.878988251014456,4.482701955314343,11.507227656474726,11.240339250171878,10.444687215348724,3.432688074958981,3.0751495000845,11.74861052510192,10.48370507472092,3.120727087572033,6.978690300307086,10.582759818155392,7.767127724278543,12.689544796185245,11.870386051085761,4.099900098470239,6.333737338671851,2.137743559297064,4.906747987800591,3.8178246826193183,10.142431061113196,11.018739816007207,10.033572556404513,3.937378049836815,3.9921944522221247,12.503549876951112,14.730991065224611,3.529582510900549,11.880473713622287,10.336156106464239,10.74358151584348,4.112691574355892,3.051484022204235,9.279727007809544,5.951195948331711,12.295711532242041,3.4795429656303454,12.976330544809379,3.979002551947068,11.622298746660865,10.425321084904887,6.13118559017643,10.940441407527416,10.81912036024638,2.384531003683212,12.018065804489703,5.52197876055796,10.214601676871737,2.5160252806324332,13.346640611281632,3.122226357216854,10.51675838093041,10.638175096883497,10.513631722803407,3.7421817567773195,3.4843091572488847,13.099255977096615,4.10933787215475,2.2852438839120737,10.419011952547944,10.25922828111996,14.24865326766778,16.05700261840831,3.396934951069837,11.389060641765386,4.644645025319293,5.3414685786523375,11.370921672896541,9.849036175029548,4.855625565487215,3.5125954366493275,10.661906503917084,13.20413344992785,10.403945689103876,10.86937979672723,4.087855856496415,10.433322751981311,10.20470129649765,3.252939923750919,4.779725661478009,11.45548303395622,2.885627482892457,4.866726366609453,11.446367137514375,11.23869671067296,10.629171432222961,5.212294502229092,1.8279856361341844,11.517603096817387,10.469838252058452,3.3270843543625612
4.000000131398163,7.333061773411646,10.37065900707855,8.321908951372498,12.558159504177008,11.503088180512206,4.482847833956094,6.307699829992173,1.667468965653736,5.087603304251722,5.161681173624379,10.375917405673436,10.489075793111882,10.396501821103406,4.654597859004045,4.070359983606961,12.46642299034033,10.310068723596888,3.441318721721495,12.226543365119747,10.270893228820903,13.335927653157716,2.7257951224741053,3.0799523658168413,17.15000592608544,6.0313226504347766,7.959231974063348,3.470500636064595,12.430275908535751,4.243760400569739,11.168177032370764,10.394855282170765,5.909090789260804,11.137104461533326,10.921558942474455,3.4022951079590777,12.376421416104927,4.584507835384159,10.150644586431813,2.9579112243935732,13.17216523648494,4.975810866212138,10.569240822576736,10.709674574882804,11.470331271475008,2.7411771707471426,3.3722681265324708,13.073585319941852,3.7878098682943526,2.9241856599152607,10.574984738943385,10.217676359607836,13.550676046126322,15.235186816804859,3.1344005836204913,11.357313283411631,4.4814188524790595,4.097131174288642,11.268752282440172,9.846149014391328,4.959352858984343,3.5271721184666056,10.024954269253463,13.317459562212722,10.638880118171178,10.2438678126268,4.5927192427109365,10.490901661973886,10.45147954196462,3.3005381568117462,4.711000130239353,11.481336829778092,2.793672478320866,3.722347296725065,11.553081064819857,11.388860219923176,10.906162346869491,3.9276811252895913,3.0586010713171725,11.760884753697583,10.475210643934705,3.1534209261257495,7.171450006638677,10.225294227109009,7.989559948639091,12.675780093061812,11.471677263298723,4.390934992646283,6.349269142987167,2.427727559066082,4.295598474671116,4.72084965774714,10.340762402286392,10.259696729062872,10.849015752096362,4.154638909378442,3.962935143695722,12.476773227930831,10.619904998816585,3.9013383738875524,12.212408327231467,10.316404502047853,10.91848326580472,4.056230119655233,2.6839961816172386,16.84998808121004,5.818474557184085,7.6059173791124985,3.482581234265677,12.701333266037546,4.768010592600852,10.973302181907599,10.292026368628731,6.133884404166886,10.954716821515895,10.798553314150753,2.3736391468748357,12.457555124320708,5.345145210953929,10.091835478795863,2.633362399253694,13.515461304597968,3.537153565254684,10.63425184003217,10.855606909278547,11.281960638777983,3.0516176491939038,2.5759163671757017,13.494393239034622,4.036948161420404,1.510975808838256,10.466951037937136,10.219933162510621,12.20297090304437,14.772372750895203,3.520447929050373,11.278558352317676,4.268952099159398,5.757400696493107,11.965465915232727,9.869609045668714,4.942284249171192,3.9634825501349282,11.030015451923965,13.020450456978988,10.14965017480959,10.380241541385539,4.631445312251874,10.510294159514597,10.47767746868516,4.083268688189575,4.718120987133068,11.518585695157062,2.789438158874141,4.844539210604597,11.1756150314659,11.506925882874878,10.639559541125813,5.293218227266812,2.9544631920652784,10.553030201485864,10.453681540611647,3.1891470760673
5.000000164247703,7.341225997940489,10.233791036810565,8.282091735353065,12.280489620482543,11.837515714031197,4.668901994704793,6.378350317147252,1.9623704303328813,4.844667806893928,4.1549825889995,10.463228426769081,10.523360322781377,10.434009372258293,4.624602309411751,4.051739449550295,12.04265975822019,12.43038295018062,3.4330502483316105,12.24572105206665,10.321816972137498,13.214581392195024,2.731643157917998,3.031890423657358,17.34727359135346,5.825755884568314,8.208403590906693,3.533452938444217,13.016870437276186,3.5628509957705163,11.722437196764774,11.383545533878157,5.77714058100657,11.438994231145445,10.756587435798522,3.2995480498009044,12.498296573046307,4.627525940536341,10.196529658091386,2.6827221710760654,13.339298556744524,5.0226625419875,10.51366878906421,10.486256973744212,11.460214983842857,2.8159863189033594,3.23286103292723,13.06479134508069,3.9445539597980135,2.834907058587719,10.439611784627724,10.441218296216814,13.875596114190834,15.31085407626595,3.0507565325259973,11.443864384432567,4.619844069736989,5.0129570130230245,11.185766511573977,9.820861228815346,4.970818651077202,3.6019755931241595,10.441924207215743,13.65362397968375,10.423054579496263,10.580299491703936,4.544326501098608,10.299737352210283,10.46588877029916,3.4330680220170504,4.71082302866408,11.398053866520982,2.869592017527098,4.0148878553148695,11.482533093582289,11.521909260517743,11.136101675175112,5.056777282614657,2.9389978397679477,10.894840707033365,10.351260950328701,2.240893587370081,7.2366158999724295,10.282758117044514,7.914959544942616,12.317453425139766,11.52297556725091,4.3811904850422465,6.256547836517323,2.3063853281975417,4.1123350420547355,4.084713022458548,10.50930353239134,10.469348431073156,10.361142763251252,3.9825955979658545,4.056701169929551,12.03998804403899,12.519093859245364,3.8785536451805505,12.012662654565117,10.279773245068322,10.752576298575562,4.281547281001452,2.599014495073478,17.019030992780824,5.9849960364051045,7.718124351138499,3.445471467629018,12.6782451028062,3.9542580049564395,11.435728591780215,10.389240395704343,6.189962225703075,11.20556815807216,10.679929554016317,2.3141976373185704,12.203084026018503,4.607568165888671,10.199925979508683,2.3577891627426983,13.422304217445047,3.0149832634835714,10.591516149736306,10.078177266462522,10.508851800625601,3.6682953281073605,3.610545930157173,13.734372408409438,4.804229397008316,1.4098754614036095,10.42137751145107,10.197497968358558,13.30727594144239,15.512592961457687,3.2108405499346993,11.361691535104816,4.169939871216031,4.846024587332494,11.645436994824848,9.818086509655556,5.05090183725495,3.5607097041613818,10.78360255915775,13.438436863043156,10.232818403112098,10.450879592909638,4.692757976663262,10.422873511732073,10.453777113451418,3.458677885505753,4.660013847409598,11.504209346512715,2.7786664659350335,5.087375324274129,11.508183605896482,11.5098279028394,10.661560369404436,5.274758777241492,2.136780212930926,11.097170733325239,10.435063945507492,3.3457548935210406
6.000000197097243,7.073288084276064,10.374818157984416,7.83416181023506,12.187543036119388,11.576318339988116,4.7303902522421675,6.273251572376786,1.9198470740310167,5.272602432162204,3.7507162308425386,10.438794559578215,10.212674481810062,10.745344741070483,4.629089284708546,4.0627041403535,13.088194601763185,16.22298706290465,3.5696811397509522,11.998998915275486,10.373043486077602,12.564281991276395,2.7281269435786246,2.5005342332217584,9.931623648903,5.974531170727816,12.655352911275752,3.393773385613062,12.594254659057055,4.170940957724074,11.083317270853545,11.441335657023869,5.890969066230314,11.745272676481838,10.867632443133417,1.8180739793549017,12.246682419346431,4.561373574358637,10.213562764544681,3.086366387403909,12.880465146567753,6.6434628680657415,10.561276756123407,10.684851872803037,10.53852185542274,3.748095271193229,3.3011472345644224,12.687265282798668,3.964574652905622,2.9174076306930945,10.423470954109328,9.93698750763734,13.728105548298565,15.805720970442172,3.016616099353293,11.482533389430449,4.566796493120745,5.1722740238679705,11.233441544537346,9.669536004372896,4.829436584337533,3.4765657403004093,10.436230327613272,13.517622310423615,10.370825177991335,10.450751466885027,4.618644505633285,10.380256758359792,10.468836118344093,3.2913504936111435,4.754593831122932,11.483564488327797,2.821449672580489,4.730031783402345,11.5724130898959,11.365605056519994,10.941565510400611,3.669817600923205,2.9811981550895466,11.835016794144723,10.480718007436941,2.2088426252786117,7.484886784367502,10.14929777635126,7.844701235934184,12.288549512644712,11.57510036861508,4.220217982061856,6.284061904319794,2.6416420451177696,4.519316611754359,3.8500282186385735,10.12840574572311,10.314024892586177,10.674307949512595,4.589820530268319,3.7740935978250465,12.647958429470359,11.281300242497803,3.559107665940046,11.804025197192308,10.379991220809112,10.371438927109077,4.4674191054803405,3.0270047813309047,17.3583825514624,5.718352513071809,8.007363881528203,3.4512209023068094,12.512476628264366,4.078883547325613,11.595290871529308,10.371661831755308,6.159118771347041,11.09712662184835,11.04335903300455,3.6137737582185134,12.196427167753734,4.575988944012969,10.198377606717038,2.339490500799687,13.447077605602058,1.6054328305218273,10.351673281597026,10.64902858162407,10.39644877197467,3.7501569056439172,3.9536071776108095,13.56944283923446,4.720589327231785,1.5596379098799265,10.391205989295525,10.22218700819258,13.941656232301316,15.891653305890255,4.140277266455476,10.622047547243787,4.615437210250493,4.7595252757191995,11.267499553781867,10.09585829899117,4.997213876860411,3.5526214290016025,10.805397391426714,13.712764835436232,10.368371489868986,10.422212106339002,4.526792046301103,10.454618324758329,10.450031034469726,3.1924403303836795,4.801041661052598,11.418014850855464,2.885910065102354,5.203569250821829,11.521684399512107,11.572890328892797,10.616968561366145,5.375360687285847,2.7828901974270206,10.68934016107651,10.558326769703838,2.945232155153527
7.000000229946784,7.422428987337536,10.052298266962964,7.93928505038017,12.166115742720988,11.501364228861178,4.504963387674366,6.256733902549765,1.5133639140410309,4.929688711561195,4.891086879206985,10.47261843287442,10.398349681577766,10.363279871032997,4.657867779705274,3.8879551052312067,12.433004082027614,16.11555757238592,3.6808513236968636,12.162865594136553,10.353572171049544,12.274569640708688,3.8451552289041593,3.6075063193460646,9.687444988155454,6.002755823922661,13.14697633466227,3.451194607774741,12.505284812291935,3.2233442703377455,10.510158340632964,11.337643795591992,5.8719396301462945,11.657998912508317,10.841283942175584,1.3717706491910444,12.28790742394598,4.620475312398349,10.22311048393014,2.451739583042125,13.48547958245726,6.890940096949208,10.61001447058196,10.33800560643147,10.370217092234707,3.781410286534674,3.7290854011812407,13.679073219471627,4.6267687705864375,2.4123854545059364,10.44332310454195,10.17579463883343,13.835659722153473,15.194203686932058,3.6251293678692362,10.921839521416011,4.647228879697812,5.6874353806389735,11.724266032379877,10.04743388813215,4.768571888562833,3.4793440152038224,9.575996670258359,14.09360596105094,10.41347412162483,10.240665523263445,4.572864545683058,10.427368720958848,10.46331018260075,3.6229403680709797,4.745393148373773,11.412521217975286,2.9950539857649803,4.507054867793467,11.57182545961354,11.495737648432208,10.099826218067632,5.118057752788514,2.997286244233995,11.512062391603402,10.363447434257973,2.1933489427769914,7.54418290137377,10.200441351806353,7.642695360233487,12.196263289663479,11.518598139557898,4.374864325263032,6.297497075871106,1.8881334438017383,4.115387520412358,3.7523885504639116,10.152713559297919,10.400622135487666,10.875379687099803,4.5748905031108436,4.005410738188894,12.655322379442467,15.861011562173857,3.4790960215535156,11.871714891435179,10.329475415507082,10.619993501524117,4.938531510272914,2.769144061774648,9.627845233089717,6.0302872019735965,12.601297332587539,3.457299482108179,12.99130966712869,4.0378995154094355,11.620867453454302,10.208922629958082,6.103888884388372,11.09697095705886,10.786952077749666,2.4782867038063006,12.46468455922073,4.7491168890611,10.12301782404529,3.0077543833477765,13.35256071645959,2.769253584107307,10.553558320589973,10.52192110546239,10.5093280147367,3.7565535292993886,3.3224447905238845,13.228469043072623,4.449245639455355,1.6520002114443166,10.459123858713022,10.056221234611488,12.1551320428557,15.29499679102464,4.148023481093073,10.59160061730652,4.600363143678365,5.203453897048507,10.970322410651384,9.920344331503816,4.265712618240555,3.835434337644594,10.379912807783791,14.16353003931151,10.434029191185202,10.358568990814492,4.5942077224943505,10.407122416968809,10.455790016133461,3.2175336390176024,4.80075156533712,11.46134507772174,2.723598586946524,4.612710290785782,11.281352398240356,11.52243289535922,10.490316684308523,5.065022566320266,2.7961125524949613,10.653949952888691,10.457682994762457,3.257056167001809
8.000000262796325,7.351802789191894,10.362044081794753,8.022778583794159,12.238560065315115,11.649644330624897,4.996600194293849,6.211868747771985,1.9249565665848651,5.156488577082044,5.317682339248791,10.44675895078139,10.178604669099633,10.780104112255005,4.6273705300443755,4.049396252565159,12.708831292620163,16.207188095197303,3.527838233940394,12.083296289706706,10.39415995875228,12.252975130498125,3.810522285878755,4.102111282515893,9.283228996267235,5.937011213108942,12.832797300036248,3.3735128037131084,12.700516120847604,3.47013817884819,10.82772962798537,11.45503689507976,6.06254086678481,11.474043763446508,10.648902404745954,1.2345640693849482,12.757305944711709,4.56388018929374,10.260530955092332,3.2522885866265807,12.567183443287336,6.75697592377302,10.411209181462818,10.798966570097331,10.568688002179693,3.6360260056877145,3.9323921307821874,13.52930843535416,4.718540209761576,2.370398229337427,10.410391509351173,9.835338130903695,13.834148116341234,16.28822553605057,3.94285630352267,10.621944812412607,4.603355671594394,4.114266687129515,11.271742177408116,9.90699032341322,4.182819792980465,3.4698544464623815,10.048201244750341,14.111127359352398,10.3351842289828,10.435016634252309,4.6367607978709415,10.464628920815652,10.467420295658595,4.0656941865608225,4.826330775260666,11.404616462338689,2.9301151425563248,4.754081296474966,11.538742935853588,11.478735312444122,10.048034398551954,5.320253562889529,3.0438066031246405,11.51934053733612,10.478660905325524,2.287809063962401,7.374755881691694,10.29016304750295,7.963176057864433,12.681847588719641,11.735862664396326,4.872258678804384,6.3148263715070065,4.155475443062348,4.749003462683331,3.2479462963094834,10.287134790339438,10.407236594469685,10.824532045612758,4.584031067510518,3.7008836699066183,12.318749871784695,11.371104539142404,3.826466837902144,12.068748400719931,10.123768318543503,10.805290913058924,4.202197132583102,2.5402570865134413,17.68128057593161,5.979783555297824,8.282828523279221,3.675762044720934,12.938917794968484,4.098145745237328,11.52345693287977,10.224480732326501,6.130600926594952,11.505699160852393,10.812769458290571,2.627575098404306,12.40048179779402,4.687194065017267,10.168770559557522,2.5065101138802945,13.409159563907457,3.363718800196131,10.511531861439748,10.509295291986128,10.329880676099947,3.752383414743994,3.4219820815588005,13.702541055279177,3.933108499136655,1.6488853467049427,10.541678580365,10.362976171145721,12.16243252783854,15.379800489475008,3.955665095478309,10.633190965062555,4.557164495909574,4.17608683529562,11.088749783852068,10.072502418706524,4.960923947294374,3.5150468492123963,9.92985098980603,13.584255996542167,10.39272544177767,10.476798968105964,4.655194518542553,10.398941585731764,10.44760209381787,3.2717310863356643,4.85059619413369,11.428197837883326,3.0029334420900744,4.644362408618024,11.55730061403935,11.558548605316162,10.503274727896414,4.683517247500345,2.7504490711286107,10.71287911938163,10.456008687804081,3.315932386255212
9.000000295645865,7.465010324601799,10.233413682335302,8.018644719910117,12.289810342923712,11.663679955218715,4.658236943570748,6.15047249673565,2.355590721256,5.328208493697236,4.073148911869192,10.366583330250853,10.284827302075925,10.903248868403855,4.590651120688639,4.013031133039897,12.29564382483229,12.69276841023033,3.646610863962634,12.349478869352739,10.425574111779714,12.411032497965925,3.8918243981329512,2.706855560302409,17.667482452150498,6.070483896537674,7.810412896252286,4.3078473705744935,12.830346464873413,4.072294372131333,11.38733428140142,11.405284655060688,5.958540209655377,12.058488849389446,9.403274572677336,2.44998266000937,12.140561100125852,4.5653186547389355,10.139989770534516,3.2161647668201243,12.61378688091013,6.985622081573091,10.788948639633187,10.521024343163562,11.533381401741524,2.847651774110334,3.9379874165749706,13.168590756661597,4.816321129283838,2.702486995822868,10.443965499654052,10.2268013654715,13.564744675489544,15.499817984863867,3.264221287801038,11.379919814802886,4.662361932855252,5.304438173597407,12.060107935237955,10.0205387144717,4.960802590638058,4.488252551438013,10.145414257783909,13.678585721161333,10.50280249494869,10.546236073188748,4.55832179410791,10.476023935982639,10.462993809779858,3.3661099783365556,4.693671224294678,10.712534202660208,3.7609754564990485,4.156806460636922,10.502792206432636,11.5412524322942,9.862945797227246,5.169651477966632,2.852807244921231,10.774739603893789,10.474132057507447,2.2156698030249578,7.475915160770583,10.295886207408671,8.070462106974759,12.225374228166883,11.495813766981549,4.505768181593796,6.246945135013223,1.8022542985761683,4.549814194666778,3.835935139031351,10.257927454949536,10.399679131342577,10.651313920445391,4.618892098706705,4.1133339617826685,12.465612680983025,16.0506511473275,3.4527985504053045,12.176733690310778,10.280790138336725,11.153141992550015,4.228493606837728,2.7768848393453003,9.540771879907382,5.982336447878335,13.0535098063025,3.419151339012465,12.80324270102308,4.03711873681098,11.627806704567679,10.48608068089053,6.060743185922545,10.856159747424297,10.923250820533331,3.0890891389222093,12.424770731646344,4.780779039648733,10.19683756442062,2.3959324808811924,13.364156982831904,3.571917539519434,11.577332733437196,10.533824798287881,10.416855211087231,3.7487172513860063,3.575714356052798,13.252030892012883,4.042285555515803,1.687511999084298,10.426763730520484,10.286810690814132,13.575902440593033,14.888057347210696,4.193405412296917,10.66876441779465,4.5983537224006845,5.361030590407492,11.005797500348391,9.940098161577557,4.854035421738403,4.598898291858932,10.66312272959111,12.6946672101182,10.4128935930143,10.46068234345507,4.557512147993979,10.382764221488488,10.458993075538467,3.1345210149661527,4.685307193006024,11.464003287614334,2.8392426809075832,3.715874242506661,10.412078931872477,11.527087123954525,10.376196648235803,4.688794122758069,2.795900633687004,10.752694866422052,10.469276671308059,3.1181388987119014
10.000000328495407,7.463909541332241,10.360980882439035,8.009632353978542,12.515260688768704,11.74359144665062,4.541021675555228,6.32129492956414,2.678585931578447,3.629483756314791,4.904255631722254,10.41072543377824,10.095457560180943,10.978000220218277,4.629557194290194,3.9966710609504625,12.588361208056769,11.267701458929107,3.6265011900042476,12.32520679660615,10.425486837050231,12.644937494563202,3.7494660264408517,3.221315117855434,17.143294667302584,6.086546632335582,7.859578028074578,4.414300375970017,12.58329249068655,3.981144273510515,11.629125223452007,11.33993899634233,5.837387987302769,11.623731807977366,9.632898242000671,2.2790140047434626,12.092781390661115,4.654256574608164,10.205732214138845,3.442296713460132,12.606481546190304,6.7713550155136515,10.473450228928437,10.528534090951908,10.543796009407052,3.774634074652429,3.9347581443678394,13.554150889543608,4.79685287583986,2.463766543000078,10.439259976143513,10.318130264446772,13.513522979002419,15.169427210855925,4.138547879447818,10.571269304192649,4.592218968470913,4.640603750750751,11.630709396856814,10.009851835037354,4.7589694293676335,4.4852130916042094,10.661116269651032,13.687625939431081,10.421097986976596,10.561749487035659,4.442664031697046,10.432623931748823,10.440148608240403,3.581283384639729,4.679315299389367,11.450550935280857,2.8344011367201354,4.4984064046837435,10.587518250895444,11.43216484068373,9.945833755857226,5.164001337220349,2.9350815799045065,10.489587673049856,10.479402916758053,2.232097992598137,8.324049599243653,10.376588359137463,8.046619790508672,12.28485009193791,11.44832489305182,4.4841518048284374,6.359765004993342,1.980232555286081,4.660352350154906,3.4746908387412416,10.376873190683101,10.586513453977986,10.456795866979805,4.613427332431723,3.8754786330902387,12.45234863654585,11.216559027910463,2.3087826019102984,11.980346159025625,10.300735158603818,10.787499952236024,4.0070917351720325,2.5132584515379834,17.159856987763508,5.95868729359374,7.75115144331359,3.469805707267338,12.485499155544264,2.459537671373609,11.599917613734462,11.14511594044383,6.111259364309887,11.40836557906441,10.93743087607741,2.6427323944280454,12.484953602299878,4.708190573805682,10.144071853215456,3.1001745101325686,13.335126646032919,4.163572357818529,10.617185888776831,10.614857145616561,10.483131772525818,3.176014241983292,3.3033238628301707,13.490011246286251,3.889761636522759,3.339086512442926,10.429524353413653,10.350520426232181,13.83174302604473,15.385056058756756,3.022481900513681,11.404929120374064,3.8786881869586134,4.459380454351077,12.048323235067237,9.538966129631255,5.116429616166592,3.479458168391262,10.1290337999393,13.116265451224097,10.385951740321397,10.496470039565137,4.5543744016414,10.421222514832477,10.459956686548436,3.5305923935619834,4.6999174701127995,11.440067265536863,2.9753889157472067,4.810476259462463,11.417651882502827,11.415190424950048,10.653175073486965,3.643284130205798,2.9000907397280358,11.808886106973446,10.437944706607928,3.279742984013897
11.000000361344947,7.3637602753331075,10.499320199935788,8.115126020518515,12.356394279128619,11.624822545112634,4.5033925954576945,6.270491645299589,2.463515222292419,4.918682849999415,4.311354551718664,10.47999348753507,10.288401623106948,10.85351350428866,4.619819564113169,4.055323000185247,12.333768339388396,15.066529074639833,3.422487812906388,12.313621227199393,10.424919125894785,12.511701016070816,3.9609594970411184,2.588355556992612,8.716842652335831,5.80919454228116,12.400218340199325,4.231760153013675,12.700376775463571,3.9049255138725574,11.668803339147349,11.34748838879573,5.974833059076487,11.333597443777686,9.541821950898347,3.408285072862736,12.437484970685514,4.6686291676118605,10.171252116127988,3.9353130628942794,12.542324178026506,5.033510480241418,10.569888923770348,10.632713276246411,10.537719624978305,3.5902615695863807,3.9199287997695045,13.005533263426313,4.940459708539146,2.879452797711904,10.44136555169913,9.878909283252865,13.714003333275025,15.252705465344361,3.859223116664153,10.765118739654143,4.416602898959862,5.491054876390681,11.576940902638002,9.897440843519595,4.74535788564801,4.622067351428316,10.277048969262621,14.148753437580416,10.671085767792247,10.552078215189052,4.620490173945477,10.517229965798794,10.452081319908928,3.47259793519829,4.661105083140251,11.462165380066402,2.8530648065907487,4.456786038096917,10.43440708686703,11.507718080357954,9.508224312734173,5.161653506027104,2.877443270910461,10.530290723913389,10.481324874658432,2.24503700169464,7.081901060326941,11.305039136467173,7.906173596690818,12.29091188789237,11.773181151642786,4.0228660982911775,6.322613738186506,3.5148615823852407,4.702749773079007,4.223750931038109,10.21094273455734,10.946138688511954,9.918357282714263,4.639873068113759,4.05895718004744,12.014551142623404,16.848948606927706,2.9419032381676002,12.14996470121969,10.3217115769875,10.943217781657042,3.43196424097415,3.271722907054191,17.89248018986517,6.046003490826121,4.315686494470905,3.483248671993087,12.6133805307539,4.956463477910446,10.588729817440564,10.030924775890398,6.087514998380925,11.523207205361201,10.990667485226412,2.2289935828893226,12.097574922152095,4.705028022743684,10.144289411937288,3.4105330888046432,12.586949812401535,4.415769511781232,10.522642326264833,10.088963789730629,10.458175184819536,3.6169805958936725,3.8873823863530723,13.350721505336855,4.086426320935277,1.797766984591382,10.428256786891472,10.256137960644253,13.909949131890293,14.89194616819293,3.8840193168355532,10.63094530853807,4.7034496783846365,4.829940851770381,11.750419304360392,9.782075188439137,4.894322966068828,3.5519249596746345,10.91646341051158,14.873687695486812,10.377590034555261,10.493707904343328,4.586207719091084,10.401876051134035,10.458251780688588,3.269272175497008,4.744203713937174,11.44669858994291,2.9529631232622378,4.604026428413782,11.486933796321468,11.326200125809468,10.699296600344494,3.728743200025328,2.90489308081295,11.688556064141082,10.411261673762183,3.3398638692004807
12.000000394194487,7.554665856304265,10.230828874411584,8.090545755949943,12.786201904861576,11.563852305480774,4.159203543889416,6.173169233459925,2.486990310706706,4.218874682142631,4.123699375862598,10.582947796781328,10.5197336598783,10.45721367072593,4.650949227566307,3.918086111641774,12.620847702416027,10.126536433929118,3.518389381534348,12.380567190859132,10.353011290046842,12.552679244449566,3.7772861570612335,2.836165119334286,17.54216755096739,5.918402996966645,8.07437895646044,4.386207784890578,12.723658503023902,3.944740956258635,11.162293627904907,10.533309420488663,5.9350284550233505,12.436405027076772,9.391106340179087,3.818965778662422,12.131048336558598,4.556937974571488,10.37884219213945,3.294901361452358,12.549559925721631,4.906632353533615,10.578307610768967,10.559163092925525,10.490542833588464,3.725125691507549,3.918962789602649,12.80736137039742,5.099332461093473,3.243541469103031,10.44080126159897,10.124691527070294,13.66501364998479,14.85570078544093,4.224575554603993,10.59487550057193,4.609881652526701,5.605596332948153,11.499810494630086,9.862476894078087,4.8697300936170524,4.402776621168564,9.593777039133851,12.651280753466954,10.46903968806443,10.498159835520937,4.813233541002376,10.347222495725328,10.448619377968807,3.43184194757399,4.660086484310168,11.38634710255807,2.80743327286296,4.543181959440674,10.641884060719113,11.445443141697073,9.84263263254218,5.199831965477193,2.485795977306258,10.708043728961506,10.470602428408018,3.171067378368881,7.809078257473666,10.291120285641291,7.957970802423304,12.178469706545995,11.639396799359572,4.548375045807827,6.346024499465065,2.0059279622515103,4.5243825437686525,3.9222814187119317,10.221212638611956,10.308005272076805,10.57430467140724,4.635404286328452,4.105255619957587,12.376027913743457,10.970074279505086,3.34909690061098,12.237254464761495,10.198253611818819,11.610771524103432,3.9940989995765603,2.6328230118493927,13.44884303255999,5.841743641894283,11.842805549014681,4.444599927697368,12.872207533802111,4.704831995690809,10.608901712796541,10.243065853151025,6.095324948660402,11.233771631608791,10.242209081843145,1.8163537267778618,12.892098849666581,4.778916626705155,10.272566706099294,3.125727930083065,12.546545283745846,3.628020245339894,10.56200811508664,10.53324598407464,10.518384349246954,3.6783573567070045,3.676792367392365,13.681144204426761,3.608644432014703,2.2488430775238424,10.418997357335067,10.405793934658915,13.707640909042363,15.48301975207105,3.145342040786068,11.418767821505739,4.143884074603009,4.617350188875246,11.822662464425974,10.19535886205138,4.750862796243665,3.5137143197151115,10.804670892625188,13.698031114130737,10.390556049937313,10.490331179939478,4.673941521731621,10.424987920961579,10.43157478132868,3.283088567265088,4.6970669208534535,11.468793905175286,2.876860664322221,4.923564989457885,11.579757181266288,11.469908511562952,10.618013232574588,5.487776150719344,2.9428206842528852,10.471744467665129,10.466196910231723,3.306972688350748
13.000000427044029,7.550802066100743,10.390107307564596,7.977002138374154,12.672154360378498,11.699773057880357,4.581019783403779,6.173202749774445,1.9752017947113099,4.31523269246961,4.016360720069388,11.271583702692645,10.605641852306302,10.577505294256888,4.029515383586245,3.8836217455328774,12.572829533854993,10.945233588522235,3.255408399517164,12.380497710696623,10.400277164611039,12.504839732323859,3.6266010871396985,2.8498558704088564,17.267499392130834,5.89713430138461,7.7452283216795745,4.496025611297452,12.528197741169398,3.8726566898576693,11.15151018965,11.468282858550953,5.714724005646022,11.94917534092215,9.514051990567467,2.140450969974732,12.245233020882557,4.513181417081074,10.232526520411687,2.999507985379666,12.573000878133437,6.793949802603106,11.53953141558496,10.636004995591232,10.438984905094904,3.627668394556528,3.8786773564727675,13.14392200785384,5.1651191368213345,2.238231296872848,10.445601324457336,10.249087139982075,13.87437179605796,15.01120937787981,3.8893275679813346,10.569775664484524,4.750258320942751,5.715025597422018,11.748150457416612,9.798376583997621,4.305371744543929,3.4127960238136508,10.488006755825406,13.320263913822,10.437089766664961,10.544476131650056,4.5592111738262355,10.363319560515889,10.448134496209256,4.046726150068996,4.735326817447117,11.460862870573743,2.8236659880961645,3.5489919512629196,11.519860789649938,11.042757442953713,9.69626818877807,5.031065137719988,1.911447305321909,11.623813491761544,10.468548139616916,2.1690562480426787,7.054818507981415,10.243160994549605,7.8232317430539595,12.362755574834425,11.806257990746955,4.68792039090459,6.368897634134193,2.4321251821661507,4.326443893164395,3.7421429649607094,10.465283967612908,10.331470003464835,10.610308766867648,4.62473571794923,3.6014548291460415,12.06873921001827,15.688744015452713,3.6388078337795435,12.242365155575916,10.225261600090239,11.689597940516723,4.105648081242803,2.497971443465386,12.671332028457037,5.718253987071295,8.402652538783023,3.4918173395606273,12.737792315163462,3.9658726904221937,11.16229771720121,10.327446758003422,6.181621681762766,12.898908502605016,11.035365936163814,2.4986080089269334,12.19738408955437,4.718798787163223,10.20623763443488,2.2480770393327667,12.504264082000846,4.253315615840238,10.710126119085418,10.142871877875558,10.633339539688272,3.5712736993024587,3.3788961597674287,12.957799299883177,3.715445650585452,2.943666888723466,10.390427907588222,10.403307191695662,13.588839092181306,14.514728370796814,3.367516735732112,11.345016559888215,4.5773053118081695,5.416505465258355,11.675708462758156,9.723598916922487,4.396652390136214,3.4312481460511726,10.095187909059335,13.90106022478551,10.39325235120174,10.340481282619548,4.593171019410522,10.413360311135158,10.465005793442002,3.4359616030779763,4.679652247895967,11.513396349809092,2.85597216849816,4.672336040185431,11.509058913082022,11.574726523066886,10.492408975629898,5.037134554550274,2.803590777267108,10.513109010559134,10.467808741904895,3.311524200271642
14.000000459893569,7.875676698305624,10.447826864350171,7.741545804579641,12.514907070411148,11.906689689222382,4.211801387426867,6.524536047103283,1.7650462689608033,5.255579686005681,3.976997225215759,11.214587068202437,11.095444482924718,10.263611224134797,4.080692841054018,3.6059782340566207,12.654609374948471,11.019062251774097,2.965677243912699,12.321284846466275,10.406004160529154,12.478755303521503,3.8291226823913247,2.6548686616778086,17.056273199577483,5.841107192265445,7.815269400480181,3.3659094579233715,12.675883286376827,4.0278627510429486,11.541616312521384,10.466764535320692,6.5551820853052165,12.668992367123073,10.932330190888583,3.925993511101663,12.276805635580688,4.568850741404934,10.354844990394879,3.1494616259782138,12.556790061430725,4.740650291863913,10.595440826633984,10.675914013149502,10.52192403474892,3.8537531100439684,3.9158690175785686,12.423910268026852,5.113603774591824,4.046100690293883,10.417694565736099,10.279656560184767,13.683267289539218,14.84276075701393,4.053398678556263,10.612141710448563,4.614866224347781,4.9061623842979944,11.436314421713284,9.870312263051375,4.013557870584912,4.437347409427437,10.096055868075558,12.225694565037314,10.340530388812558,10.42581219293608,4.7851522938629785,10.41561941446911,10.489444551652202,3.185573722578075,4.6740490958216,11.456518912263236,2.84753147549849,4.665632215537536,10.638022743747776,11.463489762574545,10.53775355333268,5.046398993940433,2.7151690816769043,10.470318482160677,10.441519534464645,3.198465319592028,7.66832544559565,10.143740935743164,7.967260439793196,12.256556183228417,11.410966380625535,4.348708961035033,6.268252695390898,2.7240586132179003,3.2168519945721545,4.080013994092744,10.173422811337558,10.459791200747697,10.388422530804416,4.603308370659332,3.6165765655672,12.776987315220875,12.229033620037178,3.4248154173278667,12.269602725522565,10.301105043654069,11.279583597624956,4.079787394945552,2.757608620471131,13.419709856862454,5.84861978630897,11.287338714581463,3.416567966815612,12.832170084303481,4.056558720111236,11.563780401921143,10.189552020015201,6.163954926942368,11.975491094521619,10.760189788830132,2.684397507577252,12.656132138594684,4.435936885178418,10.216685684439573,2.3779045382280373,12.594430134279904,3.6469727159879675,11.177913979295576,10.298494481469023,10.385704206881025,3.8538175780068085,3.6286067510237996,14.387774724258493,4.270889726149185,1.5595958375016545,10.445076012691612,10.349485286127154,13.577575337454306,14.978109848411597,3.540159384539814,11.320741582554842,4.499319542878418,5.6007571210156,11.503518658613418,10.143652648664915,4.232985274849753,3.488848236598362,10.28158400400421,14.168934863887847,10.415236930481372,10.334715316249378,4.670063252332627,10.446138933881915,10.450983043606696,3.189281594007377,4.706871864598881,11.457697877407787,2.978543930755054,3.6785471393495888,11.551378855125481,11.48915289515979,10.658500555344943,5.5433579533278845,2.968658285639483,10.443854195922343,10.445667470463402,3.3114772098494845
15.00000049274311,7.54191442300196,10.169478610503377,7.840220948040095,12.170228041612436,12.137990653179047,4.999629442537878,6.3344375253443514,3.068029428015852,4.606227651059637,3.8594634965662875,11.166482484518342,10.276084561717013,11.157803950640957,4.625673922700517,4.009856026966385,12.473686635459483,11.839643123827875,3.3433741291572665,12.351090507906719,10.406547184764575,12.524647681732667,2.8231210162465694,3.198126143579241,17.437560091425418,6.142433117611673,8.0246029178898,3.400028967733315,12.547071892589052,3.9502642294355916,11.465954981512025,10.46850783471682,5.836494106270962,11.396922119848583,10.696398983617803,3.957364498773603,11.97301732852854,4.676903072345084,10.08107918124415,3.2648155128812775,12.607962230446866,4.886702783896994,10.575377605468782,10.373150186000966,10.44670600320236,3.792132744653382,3.9239536618751623,12.436259106831256,4.9259913981404475,4.025711161450731,10.428832335721381,10.064118782693354,13.46078686950175,14.623006833085823,4.110168918335955,10.643360823772475,4.395394760831823,5.422525325545708,11.808056315416444,10.11760372390425,4.813360690311064,3.5166145431994122,10.595507614287689,13.58209774972083,10.34399553103419,10.498355237242,4.589383063002926,10.452706266120822,10.456303895589967,3.502258559161488,4.660323031169232,11.427231832117007,2.944859364099661,4.473414713752782,11.51534968512985,11.482731719417897,11.245678219008552,5.3286117486189,2.8694955545381022,10.575517010064615,10.47213074450021,3.1984733351354877,7.279835077914369,10.202353287704728,8.042069953602212,12.14952262053992,11.758980636801711,4.742349055786681,6.300414179074046,2.2579325485582302,3.1240995910727167,4.145756033348782,10.363446071349818,11.32207169243591,9.445543432272645,4.579702784357599,3.95173504304655,12.38068459795134,16.084531273601584,3.5745080316590663,12.335870084802883,10.314644475225123,11.172553017206866,3.9465304659165668,2.6210848339318376,9.2659644283853,5.941630459552865,12.68869880474917,3.487722644864675,12.584826173328027,3.9998420884502726,11.327482374681857,10.37375087709255,6.115812758256902,12.418599260328552,11.066735780930198,2.2853170724523704,12.797920038960413,4.983085026147652,10.287330866362412,1.5048170121167794,13.31011174968412,4.0331327136564035,10.60733795014868,10.331176255751293,10.403127207911,3.558488701558842,3.5603814236955054,12.371265048315664,3.9642272397369918,3.3534254584674734,10.409615622598707,10.353481072971976,13.064905238979321,14.989863292504051,3.5804501580671544,11.337278035693801,4.044518632539448,5.135991492468993,11.79053283836365,8.786887664337792,4.09342603172666,3.439700868621409,9.760899516134495,14.951814122281602,10.44378399622002,10.396838123280679,4.6805796474485355,10.371511302775685,10.458881772465944,2.968760417441491,4.692490274558803,11.38812595123999,2.9970440111576355,4.7330876120327545,11.535744542872369,11.490615062193973,10.519370792785056,5.307920103947921,3.029413032511229,10.462721891835281,10.478388510521672,3.2266624039900313
16.00000052559265,7.626322629818301,10.25553948657941,7.971145410855,12.731500483329102,11.754881549759046,4.803627214001914,6.287768453147418,2.2987984871862888,4.674262366977585,4.113159481141859,11.298902079396887,10.571353851867222,10.555017098125852,4.596434455592998,3.89122903571218,12.724434461256335,10.155280274983426,3.553612099482653,12.37564968927701,10.413677344312687,12.500426634595831,2.484330500740984,2.8269320527348665,17.447302361445285,5.887003833629515,8.179501252298822,3.384383806964659,12.897004065320003,4.023879473067164,11.199085300458798,11.28847633869924,5.924199582288272,11.994870584007625,10.810734033243188,1.824592266961284,12.341998287473725,4.651870020002098,10.30082962258318,2.4090796880184002,13.383607314055729,6.7796431563842345,10.428710229522142,10.075143661630143,10.484977646616496,3.7174158876889667,3.8643335908449736,13.277983563216207,4.902666275930625,2.4885233867053698,10.396281271283618,10.074835444276989,13.46241104910326,15.59399442487423,4.072899353879844,10.606374266690722,4.576763471478297,5.113230709109075,11.27108704275956,9.961387037472017,4.768692907723662,4.327387660379106,9.919901043522847,13.72956181728624,10.359232008613928,10.43928967679467,4.639197421714789,10.488204954901013,10.454200534759067,3.6320483180364627,4.6860123041489326,11.398144945987562,2.810090616573301,4.662194483736696,10.642864499820945,11.485491880418255,11.22650837054854,5.182378059674958,2.8066346278557623,10.4576098428384,10.363201698314846,2.182890474750006,7.141797760437051,10.39363318637834,7.724357879561557,12.882135548255542,11.481827205017453,4.294738467908055,6.2744258157007335,2.3275722265294543,4.592753718820287,3.8614022986500283,10.197082655918631,10.681836037483023,10.59035392566327,4.0780569149954395,4.020434107449472,12.708838111307285,10.28936217075843,3.764055141800679,12.299817515627687,10.205808161445658,11.780634589994072,2.984047649299974,2.4502719189751496,17.45083003898701,5.886577354743449,8.16318098180303,3.4719615780892217,12.541491756111869,4.070273961056013,11.483251099734934,10.415361969435653,6.109486976499787,11.914063749027482,11.093320317467965,3.312657137669294,12.37599551299109,4.729281862100081,10.161489268587482,1.5446114358856484,12.975240587452697,3.8133080874502663,10.415919690923413,10.338026881323962,10.341243009634045,3.5080558060135347,3.018296543600458,13.360572897900365,2.980659155202539,2.39065400612938,10.420045631436995,10.27286501529223,13.649117524125176,14.723694289063808,3.555411409095654,11.221751178901652,4.589910337080175,5.3442880006591444,11.91435426024544,10.203048037555595,3.9050002441459624,3.542315726305369,10.414525425530563,14.197162776688767,10.37519475673752,10.541474207159224,4.550168750652306,10.40563082571625,10.439917957204832,3.486352055834578,4.732745103789938,11.414434273123629,2.858791656779406,4.9820651508727165,11.582860142812871,11.538347956733524,11.15826002900724,5.572666739694425,2.9092769763851987,10.46211355704758,10.437571581823093,3.1475136375923003
17.000000558442192,7.473383467592162,10.383042312900631,8.14115712654585,12.457316485560275,11.692699315179132,4.238835748589576,6.403358682568791,2.210934722314688,5.347071567085104,3.7867784840307355,11.214495023908233,9.94336625654288,10.727995603419012,4.567955057265752,3.9572148450545903,12.498113083444347,11.317416239954715,3.439554235851801,12.364679778805318,10.399237303378028,12.483577881209973,4.049328919092385,2.6244975489190567,17.48916677940853,5.975582797864409,7.8136894487658,3.6296729704030732,12.62043792956916,4.13425939281177,11.593542829897256,10.425309774176043,5.902174532773818,11.304578496904352,10.63306062668384,1.9174473742322038,12.22945812557573,4.62857154386926,10.142063952681314,3.298018835820424,13.140017228601794,6.855990640307839,10.5179282979706,10.270772147806762,10.512880096314536,3.638171400409145,3.9186561000679467,13.080950317549073,4.8786203909940875,2.8034346442264826,10.37955045788276,10.20767928237512,13.757033524262885,15.437216030607797,3.9110253582272616,10.679045945993142,4.629248029193731,4.705130733504801,11.559868681062232,9.715983978949883,4.760748919666611,4.519262608935609,9.992764667270258,13.969508324991557,10.337424481164108,10.417801816734073,4.648539577580043,10.402776351849248,10.448909013656232,3.017804249981718,4.677117055192545,11.415236678892036,2.796021106002177,4.730992682579158,10.527718067424018,11.545912433821208,9.71696044161803,5.167352960470066,2.9142847042589604,10.456091606026366,10.218757475563791,3.090993901013754,7.3119682723000725,10.242073583499815,8.095425685287697,12.863151281050916,11.743747046551437,4.476805708609971,6.358887028950636,3.0633475802496513,4.685344863149289,3.964584852823309,10.342679188958886,10.232651465171774,10.678653752795,4.0676171914743335,4.064395661095382,12.694262678962868,10.599470468633623,3.553088820453029,12.367374131098034,10.226556947030549,11.753043818452811,3.8785507730613777,2.724393592825078,13.378399499886134,5.973839647654068,11.733359660491946,3.5373752906544387,12.689110281507565,3.9726263983406573,11.596292027930557,11.269120495614969,6.213198592105972,10.992930700880743,10.76125836890964,2.539295733580439,12.587047934837159,4.6861954262408005,10.204120498210816,1.6871994517052353,13.288218385217892,4.8231077800193125,10.52867473676871,10.480917599102451,10.437271308612855,3.8095886205584697,3.752017561143819,13.255949451598918,3.5305772733996656,1.5401928214144465,10.4259792215486,10.356091758679929,13.34739872275804,15.316598354701231,3.2904984362159935,11.316373016429914,3.919830172688483,5.191196060152312,11.625648343618112,10.130630474992001,5.067926145015831,3.571288664398243,9.94308591035392,12.840254426694916,10.349577416881338,10.436387896366464,4.705397307448481,10.422240167236072,10.482693565153808,3.662710991203324,4.624028133584549,11.377661913537759,2.9206192513914777,4.56625277269827,11.561342555764094,11.236750404052136,10.324171811436564,5.749196795034741,3.3430106442344836,10.447535105407521,10.45477220665892,2.3889107089980537
18.00000059129173,7.555584417304018,10.29475681685747,8.234401606968154,12.52085677566608,11.615479436638624,4.507615595617607,6.269666442688735,2.6072610027789374,4.328434777222012,4.329282250828915,11.23839194302824,10.207483534913932,10.819814759893013,4.615767759980244,4.047139202214167,12.397179106010297,11.078276772166424,3.6555957859227517,12.261251767449341,10.424439538712129,12.585567692081502,3.857538867525247,2.8495548505048753,16.85015330225994,6.02205191885165,7.407835424989949,3.482888161347912,12.608562103992954,4.837194126304031,10.305801706376819,10.399193292021689,5.848940659142505,11.980640279622804,11.104895876065545,4.3394075646011006,11.848658177208437,4.681799124371212,10.084898822583206,3.2672150895892074,12.518559899056715,5.181421324948371,10.527935770729167,10.6124663056981,10.482211827454774,3.3989142921602626,3.7831345458619725,13.427800680545184,5.328940746416516,3.0844910266725387,10.44073980979592,10.293683145151288,12.108914742929272,15.28493298863442,2.9644461897807126,11.452500025583275,4.677706932372202,4.512374885205887,11.070666498810361,9.7707850672096,4.826289169981169,4.557529526899716,10.615404402350446,12.939274401333789,10.370745470006595,10.475768625141786,4.564338106673613,10.490474760205977,10.458325679984819,3.232016616746211,4.653480298302175,11.446703966209165,2.865955925274479,4.6755249273842505,10.539305674459744,11.466761497867468,9.472314886901424,5.596872822527028,2.940540669645606,10.423543942727793,10.100186796005204,3.1989369675198374,7.16903515316832,10.438900495638283,7.888725614626119,12.097651804731232,11.43677119803812,4.106271255674607,6.338986389969266,2.2708983217414813,3.595765499653305,4.840782459101755,10.189122039246021,11.023425372481938,9.851484469074089,4.02211389857947,3.985073694653477,12.27098516629156,16.181536148141852,3.8311496154303653,12.386779917420002,10.292419046601395,11.590702865820983,3.792620776735113,2.5255660824076367,9.46550839309737,5.738754506633669,12.928222430331932,3.4687427174311267,12.474098690369004,4.006294599610264,11.612866987450143,10.842997292699293,6.1291257287207515,10.231633698004176,11.06906516422436,2.435680656743095,12.47157169968033,4.772382110862476,10.17911667314385,1.1948861014064807,13.486400243033867,4.276042950980756,10.598662870192255,10.32258507786754,10.430162560946085,3.820279143700505,3.13241344796025,13.39989336161719,3.7414749034510697,2.279457050138208,10.441176666594126,10.420595162711432,13.203047938511276,15.005510471086488,4.50497745898504,10.569962466710908,4.188404930929021,5.040203142526552,11.117726078189355,10.355204629104353,4.290984709462217,3.5111356674736154,9.641096586454973,14.047707360769794,10.33088070122189,10.473050930277436,4.667539270665296,10.409582110522617,10.492690298709213,2.8992935738449814,4.711268614843883,11.444331365193008,2.8731044287875878,4.956360661518826,11.556425577077427,11.470890942851495,10.51862697707319,5.677049154713802,3.013733454557086,10.418945646969494,10.42653006749785,2.6610571502318705
19.000000624141272,7.534193111194769,10.353336960102425,7.947298351921847,12.129688906766823,11.358521219051843,4.322739458241739,6.330493767770316,2.1061152792430553,5.494677087726447,4.133961176708844,11.048706650691987,11.128730590103789,10.156688521727848,4.725268763244337,4.00359784958331,12.515811383975077,11.728303806847716,3.6137818426482897,12.158306597933965,10.392031542070953,12.525748123861165,3.7902718154643558,3.0829530216744825,17.69016802283187,6.100474160370843,7.782780837441667,4.37350755380348,12.81719912552003,3.9931658211148275,11.182375623517675,10.462859789501746,6.079305440891733,12.074413516697332,10.19355445551549,1.7423407131335127,12.27756395868035,4.623494182761351,10.27054363124095,3.59286552591683,12.505738618252966,6.767201166276496,10.566131001435764,9.313047070887555,10.51202385846039,3.775236283294222,3.9469476993463024,13.387975360344816,5.019521448788874,3.2863244362161046,10.468930805687886,10.311355458548345,13.62137669199377,15.403937310027013,3.0228244621736096,11.434867761210965,4.486054536770316,5.0865750216536965,11.457183928621927,9.890776643028493,4.653061695650139,4.557099967507393,10.60037381759361,13.413403117992797,10.497112460116478,10.360969139853918,4.669561499544979,10.46049004568568,10.468547941177768,3.6853033273865607,4.654078469710148,11.447166395512053,2.7660718002014173,4.752723876807392,10.60534943048661,11.456710797022124,9.954185019867221,5.1252532234783965,2.9221696220229934,10.245341801597466,10.393552783011447,3.055862644767318,7.442962549780015,11.091408486265456,7.918856785201973,12.394548728449667,11.491162832068191,4.380257724632607,6.3293844693485966,2.057589700754109,4.068809251754854,3.9255164462834173,10.235078669923425,10.725572198527438,10.431953168444451,3.8803589025685232,3.6193010896868416,12.65256367993822,12.012163188293735,3.1304741878830615,12.357782750325109,10.242619224354975,11.618991627342217,3.9672377134435344,2.6066291780340087,17.35888066787332,5.988088054390439,8.326339243876493,3.445841097556512,12.702734171750862,4.125116346069896,11.625281102285944,11.292700628955847,6.150475445018389,11.254365252739964,11.059697253366913,2.76300474065723,12.427924474167606,4.772946162922363,10.31862806967489,2.517282536839509,12.594094593441318,4.979762676648405,10.494786004828002,10.527643440582166,10.329915040335766,3.7702671463645516,3.4342221631991428,13.379721274709599,3.4068689103219447,1.8089699914702972,10.39187714327155,10.228975099384291,13.827931374152078,16.318690813801762,3.2706474391802045,11.357628673619349,4.570349119366161,3.637321412865847,11.654402686140902,10.057072340918095,4.165717011433536,3.5779341627664945,10.141459019153025,13.095938361238133,10.396787440256318,10.645972453021454,4.420426609757963,10.428684382502727,10.443878909030433,3.333251189511352,4.677278162277778,11.367602646738218,2.894028622462005,4.598921811413326,11.540496637469579,11.47568985482337,10.573138531791098,5.132401856596561,2.951261904288893,10.417355291074609,10.39220238169123,2.317202852506445
20.000000656990814,7.5872515664290825,10.230796222596904,7.9571766079422295,12.878797786426926,11.348174722428409,4.147167347642282,6.238732045020268,2.9396365507257842,5.142572662512071,4.144136533501773,11.40935762892463,10.405259051125125,10.619554780659863,4.6244250110203975,4.0024467689438135,12.485425473580166,10.499155018136616,3.2317980705255427,12.143213310577725,10.409684096257347,12.501339770305098,2.672882563913733,3.408643062280908,17.24823651087356,5.860334315898746,8.232828151788235,4.208706081410275,12.819861312684566,3.8043893111339346,11.621657064500946,10.338051038097195,5.920341189363107,11.6085374778119,10.077749063676624,3.913895226705935,12.116526859668864,4.632965854676081,10.190140331585765,3.176717690662998,12.552382241663326,5.077732850599702,10.587323682882722,10.436693827736052,10.528224557710654,3.7633563318064995,3.6143148218580676,13.664255988821138,4.963690653035644,2.40405389162117,10.42909351278977,10.372860170138807,13.439271398304744,14.742217840304408,3.4657192944819015,11.090030910784453,4.54366294035357,5.230663994542616,11.947436102497424,9.909451689829643,4.878577685703774,4.435612753200076,9.912204190055556,13.906019201206673,10.323766677713303,11.220899957823475,3.840437210246758,10.475013434404964,10.467332533973083,3.090595555398609,4.664386620289495,11.407926555339397,2.882014913432715,4.511041061697949,10.618622603680368,11.538909775299615,10.897457644554558,5.302438060441563,2.8997262026206307,10.537428505579784,9.944499434098926,3.2604503475904525,7.159429864424232,10.656760426367358,8.047424670460392,12.300109432505073,11.779350021427087,4.194079094618475,6.330094182461192,2.2191029955578774,4.847234982457257,3.8971129787760517,10.26781879808746,10.49931235240556,11.192697404849651,3.93835924879614,3.8930085915199717,12.192343648193807,11.10398123000702,3.1797956484731364,12.296083934510213,10.275279478557877,11.4704720760854,3.1803653401660035,2.389882559946286,17.292836247430316,5.939549629400115,8.020825511597298,3.534971217046542,12.761554092391734,5.59787065339799,10.522795827078117,11.362516482032596,6.316742775916291,12.429320497805085,10.892313222365265,3.0407132048042174,12.290646352793756,4.459593915286235,10.349946781885881,2.363297519605232,12.57409997394209,4.737991683818211,10.548482116428,10.24682136804327,10.424398083051369,3.7337002702903175,2.8991352870072706,13.453939077878582,3.9575506531830387,1.2325559172651739,10.415753327827947,9.51908792561133,13.338408959599672,14.908494642261106,4.0282523200394555,10.645864539195715,4.03702279829959,5.45969806033153,11.383270941063552,9.67447428556645,4.931228315635972,3.6241508031224208,10.407390325390395,14.83243549105251,10.361255804597251,10.595771275527634,4.5711640756791345,10.443358470123181,10.456856547066923,3.131207504450314,4.638256124079164,11.415671684513399,2.9600151808850406,4.837678256690319,11.513798877224318,11.523935625639458,11.42496445301214,4.468727903064847,3.029697271610388,10.398418782040082,10.47588315066748,2.1662940130882467
21.000000689840352,7.104165541994683,10.34452942426342,8.2366316073624,12.65977669854287,11.416348382304687,4.184770164119287,6.331814868060056,2.4704175318683346,4.4880515909128205,3.8879098035014006,11.33318085383811,10.519145958076953,10.460593688342536,4.672420590133951,4.0375136449725435,12.28916332679463,14.519273977029396,3.416606807420108,12.184871944776665,10.415899376174481,13.455471698895368,2.7058861552224656,2.9029036219538136,9.218801784453207,6.022516486215751,11.923072591126687,4.446690621660765,13.021708726977907,4.788110557808048,10.403384223112498,10.313992732077649,6.110787264580123,11.95055549842207,9.994723986144733,1.7283699315630463,11.955286977840286,4.879054732018266,10.245741510984706,3.4331180851426293,12.637155659954777,7.047641082617855,10.547473633468703,10.566119931888352,10.268394311365228,3.466005906018196,3.924157067997326,13.724161186292813,4.675608929374467,2.4105377672499246,10.440732107223694,10.158971344767394,13.464223507708876,15.000532101613999,3.314990983858043,11.416314427586707,4.5901294987822086,4.6983814167345646,11.881149502900202,10.075844808780674,4.298675234017695,4.46771779927469,10.019678470201331,14.498739357779158,10.401711423768507,11.459106786759861,3.543859257581795,10.426342041726796,10.437851180528485,3.7374451606937944,4.659652014191433,11.442198590922823,2.9358323937909283,3.523408541453008,10.5649862247325,11.52180452815593,10.971666241729622,5.191360473620904,2.9109695651980716,10.498294944756712,10.401709171618387,3.169041793276606,7.24543597095477,10.446174653267814,8.180395770272936,12.710641150559006,11.385194646318903,4.312770267020723,6.180617888219486,2.656805335618012,4.444697178701709,4.109891974366109,10.177827010943634,10.713253386033488,10.425982328863014,4.045878882618801,3.8969015469233286,11.1927933319324,10.879657674751183,3.537028447565961,12.280113931573704,10.27489218820233,11.697643845544007,3.4860645554096203,2.7669093206311666,16.492240543683128,6.0413623735472886,7.6078086492913135,3.5035041874292645,12.844592519591403,3.8864686578611924,11.519833044972769,10.427164752808908,5.941924284459671,12.230511716693726,10.982328480570962,2.2496669037605237,12.759725615724298,4.642944994143822,10.2222613341108,2.2504695510963577,12.550470811899615,4.872590327447225,10.566607419899,10.559157083566454,10.508106540494325,3.719666437352358,2.989418014111993,13.010179503744489,3.543154205077655,2.5692591534645466,10.360723799859226,10.428818012625955,13.600699677283439,15.611628753486357,4.201958323681877,10.648529465995415,4.759880716046907,4.8953465390416655,12.61058661601752,9.606203517738843,4.241133414075694,3.4518918627276385,9.906740474832816,14.202103754962344,10.385539217536733,10.431578177848182,4.569395581190486,10.40745174070853,10.462787659078995,3.1847523295557734,4.725679654960273,11.419048122293928,2.9304388160106427,4.768388759215829,11.542660381974013,11.465686073767625,11.030016094677583,4.919312233796176,3.0028067462185555,10.495058204180857,10.280361647879385,3.145012327140498
22.000000722689894,7.145674633643874,10.674721137803651,8.044724061302821,12.638620633455607,11.760117448539475,4.973566463947014,6.618780026582855,1.9263819360244365,5.08313539094717,3.885062052798342,11.148489512025543,10.2460243158221,11.014296582274106,4.7865516460157105,3.8557215959229145,12.498949121478066,11.106258350185362,3.2843250365645336,12.050780290287067,10.400265801046766,12.464950591253347,3.658477359734443,2.9103927421849543,17.41009636105192,5.941932304278743,7.776932834218421,4.426389436980644,12.564077949801726,3.9660293353512346,11.269025214260006,10.234534689194154,6.153702112784457,12.2579622793062,9.942082365894887,1.4126005224896732,12.565601843676772,4.6976210734107156,10.230959401932022,3.4202153309470247,12.556743672818294,7.051369117947644,10.613634182091051,10.558671526286913,10.394024492288315,3.8679766131358524,3.925565595839363,13.430186738562814,4.689721054940591,3.514493164648803,10.415981782718704,10.221400787761747,13.940809344908285,15.89443036047547,4.005771458595426,10.670804333860657,4.678454591217198,4.5494104524567724,11.963448336181987,9.95210921151211,4.941074954015316,4.408321648188512,10.309136977193608,12.99410805443305,10.34084039940639,11.474144036719034,3.4993717252359553,10.434139620507802,10.463917685278206,3.5334171887990338,4.662040070493845,11.407954254495683,2.9221969629045508,4.556040297408495,10.64668739205574,11.46115749441093,10.147430579664125,5.19198280580859,2.9310692874015403,10.46257344087352,10.399253499886136,3.135960409740168,7.410057352714881,11.225194854869295,7.86353131269431,12.732793598565168,12.007369759104991,4.666367382440921,6.3663065695898045,2.6118928530912697,4.086897937501179,4.01651629484654,10.26435266385419,10.394767959433468,11.13590595723542,4.172283439942348,3.906276709034315,11.472883891552227,10.680307842358854,2.808209758761527,12.338725137918823,10.203609718249679,11.608820985310906,4.003571190265396,2.482056195306384,17.21871918115642,5.966997728226662,7.8783691700415215,4.075370239565675,12.53469268960071,3.8123406965023827,10.496212806881944,10.330848898847792,6.187066412770679,12.467889097159336,10.648821830809881,3.2618904424163233,12.316632714481122,4.651264983084343,10.09713371580147,2.339886699210488,12.57666619276602,4.683431240448558,10.531043938488496,10.593703160016235,10.403055713712995,3.8184050918268646,3.1845046711796363,12.757031961852757,3.761856627911933,1.9141710407642267,10.404227721639185,10.368050152304221,13.676463337957655,15.372953113112462,3.4281052459243817,11.128492949876538,4.560768407475306,4.809409550729374,12.366243219056981,9.917360394579106,5.05539251041063,3.4414747806488872,9.841180645856921,14.439555631930185,10.237660943833095,10.390259231418263,4.641343198888759,10.3757441431381,10.486903921580494,2.732466379531363,4.707383896468333,11.472132845645103,2.833597835606573,4.530204760012734,11.531875009059883,11.438232801698014,10.648867895716696,4.688613958071656,2.9820457126962547,11.535291453412766,10.471526290001483,3.1764633194249305
23.000000755539435,7.513396649432554,10.316371954408183,7.880081091241494,12.733245257612555,11.745617601251318,4.722035613909545,5.8302932233215214,1.5200392391693205,5.461828106028413,4.395722761605986,10.827715081170759,10.287160680593496,11.047585922938909,4.601190311353596,3.9621819857297274,12.813709967561369,11.290202930053347,3.6916158721965386,12.108576639630503,10.383675592326759,12.541422476852091,2.7331587300111058,2.9203140419693203,16.98516596340611,5.802226388913873,7.940876032829446,4.525812220265107,12.613966405905664,3.889332715966465,11.18796071472726,11.320910191736886,6.181024122655106,12.066093798888284,9.804894047764257,3.2240297219720153,12.639737519718217,4.092285411614772,10.187456064375988,3.39464107113403,12.605729881062208,5.064099360380358,10.58564473634139,10.575699886016299,10.393194086520472,3.852800080063978,3.9284175146995985,13.755577295289939,5.17900293420018,1.7521999060677544,10.3773412470719,10.341863921739591,13.525669249514264,15.161777187627019,3.9320610725206184,10.64426754852648,4.622800189867512,5.331830005072895,12.128685682081564,9.989233812046512,4.802881136295385,4.4204274170412985,10.132138693692522,13.05988309595622,10.393107180807622,10.485445359806603,4.57017474261188,10.447479033202077,10.440734266357403,3.0205338541560414,4.647148136444092,11.36222502646116,2.805781466184937,4.795966487756343,10.639693862386276,11.51406639755956,11.215008851810962,5.218898062325662,2.789871981301885,10.440841026687714,10.574151439256305,2.165887281085982,7.601692719275672,10.195440283984215,7.912105485265727,12.757365816606129,11.829148840333511,4.237455812327191,6.283294573731159,2.096956651554535,5.511686827922092,3.6847723206745395,10.28082430983671,10.461473051137833,11.614489272197648,4.210029925690431,3.3471295899065865,12.229718767337616,10.758114602525525,3.5174916529621867,12.446443758400596,10.233962597173324,11.767527826146532,3.899293554410066,2.393422907858862,17.506297996993553,5.841733731756351,8.137315170416635,3.3753920370946506,12.636967134745426,3.5783996240941915,11.693250384204326,10.421610900671503,6.181153885896237,11.533585886931515,10.879332358214985,2.558929307376239,12.689687008877579,4.560398473529542,10.131657964000413,2.757439500460905,12.527122566711864,4.76011787914556,10.492749922332713,10.140340888220212,10.429720329035664,3.8771026165782216,3.448743085303618,13.306674715340225,3.3652284146687386,1.3041061290953508,10.446974135711711,10.20634963603916,13.4520276477106,15.262393930066716,3.0136382727103275,11.451741679538411,4.578901038339097,4.133075351337247,12.325294133331017,10.013815549759572,4.7503123437312995,3.5138467361729973,9.675947515758267,13.933045642570546,10.22844555033272,10.369419639095106,4.620130539109078,10.477129633520324,10.439333082491595,3.886891722615663,4.699776288839954,11.404891832740509,2.8085561181580947,4.771621484369595,11.547842203460952,11.437009782844013,10.726532593050887,5.055787201048146,2.87074098412788,10.685735402112368,10.481660562048264,3.2679794579490213
24.000000788388974,7.603865630354137,10.2118794279429,8.064538909669254,12.711510337805967,11.614425609451223,4.888700114821862,5.845713021175681,2.8788463354917972,5.047337757047343,3.8444072342542404,11.26311830709466,10.225608228860985,10.810385735810481,4.692899487497571,4.0921441488559,12.611087373972822,9.822829413806595,3.490323608439642,12.182538970926528,10.376007187704795,12.448355571541622,3.8719345192614236,3.698557733669378,17.435458449191216,5.998496193041185,8.347589696844997,4.361681782342378,12.632595495805786,2.8144091099694517,10.968071030650279,10.528244334268162,6.229270910010562,12.477596453344693,9.632437171971558,3.3708036624090694,12.112812646468438,4.230440901291456,10.19516921434835,3.3763253134025852,12.542532569868479,5.070815608582213,10.58180464059108,10.640837889727571,10.44576519222191,3.862204387918786,3.9356032218503287,14.473393728085778,4.713741374578664,1.6427608959693685,10.4375215630691,10.390415645828618,13.64850234809111,15.897175332541842,4.32171821435662,10.44704673578355,4.604222066905824,4.317182057323153,12.034031816223969,9.813441882985888,5.045101676856567,4.576225421923496,10.174496905369148,13.481218732441285,10.253281178453857,10.466516421222288,4.566621013713027,10.52254179933773,10.435425295028928,3.903013307726469,4.633380654229708,11.252871418682822,3.144210843179214,4.767924185256874,10.498995761039305,11.452158459466231,10.053651114161154,5.349292860151877,1.9506733064266903,11.063492043354156,11.685332917764315,3.03707034393765,7.363827233462053,10.591760248611791,8.096286668064966,12.883201701638631,11.508556321496298,4.20410066608467,6.287174789176876,2.607449245496789,5.100922100213948,4.0271781301653835,10.411951993515265,10.466595448709024,11.722846410236087,4.5114234777926026,3.285614670982973,12.050564484876555,11.045063020291707,3.3482869568383036,12.301653252495184,10.286750068618694,11.819478776143374,3.921736167260269,2.627565615730701,16.735584901051272,6.0009456824421,7.74548274580564,4.392452199503942,12.761219637638392,4.111793298258864,11.440114502528449,10.506498143306061,6.108231437858913,11.317248391207345,9.387402836878437,2.662387406755606,12.175308022040703,4.588221965793573,10.119737659754291,2.331136821003817,12.46346684350431,4.725562170081008,10.557630931313675,10.34073039286258,10.441084222907293,3.9019321886902865,3.5559130719245466,13.65798349062097,3.4728841855786863,1.6127555995248515,10.411825436388185,10.07753939845042,13.712692856989475,15.44891945528242,3.2822245778931634,11.378332286629272,4.759876910493902,5.15244049947622,12.0622722121307,10.09303758094698,4.240843966092715,3.573628196469786,10.65468524318174,13.4382248588422,10.227097077892735,10.516898672643245,4.6115065441755325,10.414398396324637,10.45357582279239,3.1678777018638633,4.655916957865897,11.40525132889441,2.9886104107746965,4.798213637049449,11.477948658763255,11.480287148279372,10.778498781837115,5.1444653776632965,2.9578513104070794,10.467606952708282,10.454853870607337,2.972009367299418
