time,1,3,6,18,22,32,33,42,51,56,59,60,66,67,72,73,74,75,79,80,82,92,93,94,97,98,99,100,103,107,110,117,118,119,121,122,123,125,137,142,149,150,154,157,159,160,162,164,170,177,179,187,192,194,197,199,201,205,206,210,211,214,215,216,220,222,230,236,238,239,248,251,252,253,255,256,263,265,274,278,282,283,286,293,295,298,301,307,310,311,312,314,318,319,322,323,324,325,329,334,335,337,340,352,356,366,367,376,385,390,393,394,400,401,406,407,408,409,413,414,416,426,427,428,431,432,433,434,437,441,444,451,452,453,455,456,457,459,471,476,483,484,488,491,493,494,496,498,504,511,513,521,526,528,531,533,535,539,540,544,545,548,549,550,554,556,564,570,572,573,582,585,586,587,589,590,597,599,608,612,616,617,620,627,629,632,635,641,644,645,646,648,652,653,656,657,658,659,663,668
0.0,8.036943596939157,4.053856676818455,11.916252468566574,14.682835421958563,16.043997707316922,9.274929301648895,3.8182575665676812,4.491169934927797,4.223934298650635,3.6575179426465123,4.670401983410326,13.468229118500254,10.402915539034618,3.9684011187188126,3.2257579905187734,10.720085877882603,4.811965361846454,3.5373014132700735,11.187079443802089,2.8243964946526265,3.1692771989954784,12.314367885463858,12.285749814363209,4.53893178954227,4.664561574562708,14.100378864055427,10.54874317758684,3.8991031962445133,10.374828572143311,10.478838791975747,11.286969961187179,2.875186532590513,11.201120760609703,9.85160673426036,11.687000171119292,10.284237638763384,3.712831729789401,9.086457760650719,17.799315574798168,11.107601156576731,11.724651421109478,4.362801919876156,8.890008028393192,13.057060482144301,4.52158150722626,2.4539025389375815,13.33600876984536,8.85355551793466,10.39191461099195,4.187208639311295,11.44107640724106,5.5780354374563705,12.720743383420439,2.896788437611868,6.904418756878087,10.22011811503569,10.517191652546728,10.46392361877398,3.398830877971458,12.0838709335633,3.5321847688348367,11.33469177044114,3.7550795350736674,4.03426791013245,10.427723960043378,4.089899989799449,12.031655975306894,10.396646432768213,12.637773340187545,10.372616977983883,11.116568667911373,10.87654595211253,1.0390867839995184,3.0170058574648166,13.50702678294805,5.094718499862404,4.554373292614001,4.751581416816989,2.810290013842942,11.282753200994863,3.3163036527117065,2.181901964930308,13.935892291661206,10.39581850595739,9.685166330536719,10.436806520495162,4.010483992556251,3.9283195435993474,12.315612521694709,4.605000341673358,10.296806078985487,4.046309703839967,10.647511948766345,3.0644059197502305,4.495711731622386,5.3300718927780935,10.264776801262837,4.685636698757811,4.592755656980276,2.140146824196171,8.122181031838656,4.522468652982761,11.970749370332037,14.450592060481437,15.884323623510276,9.712258487823851,3.7872459494383057,3.976819593974633,4.3448725134329775,3.7395590604489706,4.60430974347399,12.699453417101314,10.33116104515116,3.9627610554741146,3.129713368868699,10.724932370210501,4.299757555729435,3.4131244297044017,10.90209385556681,3.1933764749775144,3.477192096784551,12.165122637928947,12.297812310423339,4.535189042228269,4.819750463264865,14.426091668939003,10.600794718495836,3.9256830119202606,10.356490248711173,10.475248847154992,11.274819768432412,2.9730856418699494,10.786705583168077,10.312929008152162,11.46283517574981,10.34644774842878,3.639633383596455,9.332665514455785,12.751354722430882,10.92434223850833,11.173833255296312,4.24095025463783,13.856804918465548,13.415067812816082,3.189774174366633,1.2383331028142597,14.677539263017483,9.467294130651531,10.357372350622551,3.218016417416645,11.381031908116721,5.624078171777655,13.816606478626877,4.402484412769672,5.715545805660682,10.326716920715711,10.464990784400111,10.46953688108184,3.256888200277319,12.156738429949229,3.5961075135887532,11.27125309240607,4.011599006889329,3.5590386204149667,10.393741006846106,4.516665854846089,12.313966393242904,10.442076013383021,12.470760487433306,10.336506572166718,10.65879041367526,10.525701764337061,2.4673031878792653,2.744209398322509,12.718432473760531,4.988127393401996,4.5538564043215946,4.240082282735673,3.0863912290601796,11.907499442999383,3.6936226580136156,2.234384010495913,13.290480125681572,10.352045299433856,10.012904594883313,10.410855692579192,4.1513654559913595,3.7355133848300413,12.333123277301894,4.584439897724003,9.99832737492808,4.150318230443648,11.502118946911079,2.5644757894547734,3.6273929117779544,5.027075522667751,10.577368299481813,4.740535284222635,4.377238303356063,2.277713480131588
3.0000000985486217,8.060979609052056,4.1431841424630536,11.79046350664284,14.24185405521302,15.504134522578136,10.246180235436857,3.8151183645619415,4.459776903697083,4.17160121571485,3.8872811978786985,4.703011811452669,12.801446217062233,10.460038067249318,4.266000357842465,3.7955772348665153,10.744949154067521,4.7048270469927385,3.243278597942275,11.289350481849945,2.7199161957816664,3.9144018383572017,12.38085084157673,12.287997120992696,4.529820074842944,4.707275807500863,14.894873265699625,10.589561214286546,3.263249947339302,10.423171075563333,10.345826027776017,11.237772825131847,2.4968087444486704,10.664568689453052,10.433340792945838,11.648569107186768,10.258770811878048,3.5884303012298,9.24220324063421,13.984925698726057,10.89856726426583,11.008676714369079,4.232619317506414,12.585055743774017,13.128564798834542,4.634424498598563,1.5349925438486565,13.413474677340211,8.335454338356916,10.234587502463329,2.9303278138578452,11.636044056242842,5.580748783380656,13.182843172585931,4.209331916645478,5.5502234337057885,10.284854307637,10.508590850011423,10.455033947840553,2.8951206461594277,12.02476801954373,3.5690066496073567,11.37101611417735,3.5555550416713313,3.954587228772277,10.320116733460768,4.627464775274583,12.2942139875828,10.380656812544956,13.019330756679064,10.390633605572976,11.013347182506383,11.685525823103193,2.1055739537511484,3.0085184043800597,13.006615194590914,4.744544073572614,4.552742586702072,5.03243438607449,3.1984359214269302,11.023518819214726,3.9345669973672965,2.002141514640873,13.349502278663829,10.370559088564294,9.573699951869237,10.449281740040806,4.634559204239867,3.9493741159906266,12.259294025170258,4.998076518890368,9.96893955766505,4.013955338933093,10.520502185888564,2.6260374591812186,4.676893918460159,4.615473870786966,11.346830052511443,4.62354440737182,4.5857562786021004,2.19661122048857,8.088598604219051,4.570580307819541,11.645996165105231,14.269146769694792,14.695693573377213,9.409805952389588,3.8811742040151147,4.431335707922656,4.299511047040109,3.475951846177967,4.341284224905136,12.720867608502774,10.484641750477925,4.023411015603705,1.7129770836984513,11.456163408695721,4.921818375296007,3.112137311566295,10.572553630564585,3.4859083515577565,3.256411108646429,12.154075836302177,12.29543431289715,4.539671590031807,4.861124273525326,14.527123862546299,10.673311937869258,4.048036550658113,10.23746739236828,10.512609681623081,11.347041742826677,2.690022050443908,10.542900119544026,11.598787506362033,11.266743926428507,10.294552626076328,3.501802820671418,9.032138694042528,13.459218541154277,11.059192862214523,12.402586470189323,3.5385568731763595,12.416097260399622,13.110988268562576,3.9009990727524837,1.4659162646858324,13.264638318246877,9.906602624835369,10.505051964652731,3.0773489013542976,11.349991368511816,5.994155206225248,13.222611260355858,1.977807596603312,6.929242768059328,10.29876050356176,10.549981956613822,10.412302800018166,3.3545987509024706,12.083317657999931,3.4901166501878578,11.411160828098193,3.88519233554552,4.0472699500430025,10.432481726271273,4.270177278567039,12.215463539768106,10.43497354504778,12.276806851059582,10.316308514072162,10.792153261904508,11.39091693935428,1.6781722809948856,2.5227445023507453,12.857681191317743,4.387695136311587,3.0863257908756077,4.725762514960211,2.934269079231525,11.584803814941731,3.735870053810444,2.1328880283228258,13.381335126696424,11.429880682414318,9.89421555435552,10.53260900066763,4.5016916048611835,3.8745603185261435,12.036213243042878,3.4666899059930767,11.306100838917063,3.940550808068723,10.693304254292554,2.453320045258283,4.433088951421212,4.90940108946325,10.61900291058252,4.8067913885062,4.493196389080425,2.00996919565947
6.000000197097243,7.98142902151312,4.526265836000393,12.088427879799779,14.820316529781438,15.751790847159787,10.116425858903941,3.885057203517573,4.603927297314792,4.2121177124907065,4.028665963878126,4.503798711781764,13.052811851611677,10.393719440295847,4.117567498949655,3.0068992188615487,10.696449235621758,4.853516629675132,3.6389668808144293,11.334812626292472,2.77648836853037,3.1644842282671997,12.408052029023626,12.33915164449979,4.50230255579218,4.742518196475841,14.421653853357663,10.45394524776188,3.9638763565243007,10.435962485151395,10.144670614547666,11.226850064393174,2.6316862499678826,10.557391486860242,10.199950493447332,11.55904092070297,10.274033538820259,3.636438123580586,9.375020613850966,13.715382081779218,10.723792159827038,12.303298872757729,4.756768162383146,12.56233465433291,13.653630441851856,3.662935816604104,0.9146411009577412,14.234956129704946,9.005090536888877,10.328319876160656,3.1796235350471878,11.443071988915909,5.334749847100765,13.519858956670834,4.082396024696534,5.5617975715021135,10.293309044185335,10.388748125180635,10.475447610282005,3.4791099680267603,12.191504034824332,3.5411626217201806,11.396134003016527,4.123977061154206,4.0111961911107725,10.025502569186544,3.7667173789640405,11.70257456740258,10.361642929121894,12.371663182134986,10.434318344825872,10.56096475690033,11.866792288693347,2.3674826542072154,2.9680725639354892,12.595482296861478,5.620103020309147,4.48344949209278,5.0591435918499315,2.9746921739598875,10.783242894477786,4.094568946116473,1.075161923136703,13.667693081943796,10.361602590148843,9.823127893633758,10.437555379020083,4.6736415986786755,3.933857087393964,12.079445881247292,3.3928175820154984,11.243916324916846,4.334569216544466,10.581684559606089,2.948230084189328,4.5398665981559025,5.117244378107435,10.37518784320127,4.696760967192956,4.175020734416973,2.077514832520296,7.968626335350963,4.54181345482399,11.469488814350767,14.93645606842411,13.353130444519524,10.456764670022096,3.8116617520866782,4.136214803051574,4.316748029248461,4.905420528908752,4.393694596338857,13.166162938678587,10.114139594622038,4.008638523076164,3.162718779445993,10.666401136053082,4.543410893907195,3.396155211623839,11.248878181649895,2.604269586186307,3.3078382146506056,12.154044924601195,12.431118506644305,4.553482428887774,4.708026751115222,14.58036193399759,10.631150981992471,3.9254982302777184,10.474847157958486,10.38882085755061,11.293914750373878,2.604668351611821,10.827569078460975,10.370054847395682,11.55939508388077,10.284547598367972,3.4868217118229152,9.81232870605696,12.569527179104325,10.575657493536758,11.70865047135045,4.196941554183892,13.48168224727783,12.832749332978763,4.706764826622168,1.2212658840209811,13.321750067631635,9.608874068205305,10.426696624991584,2.850712395924896,11.33468408999294,5.70851162899095,12.750036809784566,4.336199165408304,5.570385460286417,10.280989117054768,10.486130886043652,10.420051439060998,3.3900923651725394,12.025485603825322,3.5706157462460224,11.578503559711839,3.972009347823362,3.5100131591600405,10.403497316700813,4.236581892408644,12.265001947577712,10.435191396634876,12.434094146722806,10.134961336693507,10.467615088077947,11.550788148020015,1.4309564807243331,2.746162541123591,13.269943209162495,4.832220657503686,3.551359814112364,4.653128530276142,2.6452990466400146,11.13750002084405,3.397150267162685,2.141118477759752,13.411225352990222,11.33959713087382,9.583894192410925,10.476009271522642,4.680275613687244,3.7605819427545844,12.54765206019791,4.597427514100153,9.983543414699875,3.8258305666418355,10.509401993452752,3.2956005992609154,4.780700888841477,5.189887864245348,11.078653758445713,4.587585218323776,4.589225576819921,2.23340890937905
9.000000295645865,8.092399575774401,4.542191294807122,11.975474898071036,15.063113857995587,14.701605096751212,10.444026398954135,3.7595076969215944,3.9628261577715476,4.289131195469033,3.933348248571902,4.483496677846237,13.186039508078018,10.482837190320593,3.865860865331865,2.0624792855777465,11.496889357687204,4.57312347192178,3.8353390011287742,11.346027433406418,2.570973981130682,3.5578103714712586,12.01701563480453,12.355498891734943,4.299131754245173,4.073812866136146,14.635417212799991,10.516903816158948,3.9359461544517567,10.247449763030788,10.428060863485472,11.278268512921674,2.763821771827943,10.866820744287201,10.146743399301014,10.942514698950472,10.292333887076143,3.8151819539101113,9.70947737213427,17.961528051238894,10.901051917950195,12.632050128769748,4.393038139350593,8.95290754754618,13.2813269590656,4.855979958204969,1.237317890154096,12.896341030313229,9.316715430635135,10.376079286078996,3.4477375961554424,10.532952639280092,6.013354376914531,13.328020398040245,4.16609954880453,5.5629591958875615,10.307130090330503,11.512141802979304,10.525645249349429,2.0893484021741884,12.024861070108686,3.48588450485887,11.36588238724387,3.258449553925298,3.4524263073721926,10.49512413547497,4.666370770319052,12.411256591049066,10.426899273075792,12.373694051108547,10.423651047358026,10.63335647670328,11.919456459983206,0.7898071998087512,3.014259899481195,14.043614305740372,4.97275425504518,4.473805244758792,4.194614400528095,2.8701123967270035,11.30018841852253,3.55743717680165,0.8168609080910606,13.109462812803043,10.483337684493005,10.013851932782742,10.508291074746214,4.112061127393169,3.9100372411960627,12.310098248742674,3.6036801360184603,11.135861594764972,3.731913828442384,10.519410693587053,2.4448450957510106,4.7078626402379475,4.790885752294821,10.184208858929317,4.599533011865742,4.624021110122302,2.0664662488863357,8.054145982631368,4.619348883490825,11.450481234314353,14.703244770282847,14.28292917850827,10.460212369692895,3.731178884748206,4.420720419667278,4.247490582594146,4.395737898234008,3.637912445392728,12.767612716647001,10.148075855733913,3.993705146787839,3.0141787223285608,10.670064358056043,4.630410067184117,3.431343346655363,11.326020362147991,2.759961173580158,3.7229440263164304,13.343246207740666,12.449085295175601,2.7331991586466793,4.405750701917838,13.113426379382378,10.578836158282645,3.651123757578948,10.32177206904811,10.553235935995902,10.24794117608422,2.4099264522290227,10.74567271968026,10.331277468795957,11.544161895081675,10.301596209355026,3.4018703401169543,9.401950570644457,14.273097482421374,11.001476241185257,11.74492895985817,4.17382079571074,12.845687488065565,13.518383357747336,4.612151401998803,2.023082619452977,13.196074129410157,9.944782805850952,10.132722770387748,3.484757190725582,11.365228599409441,5.978538440101798,13.096737343281442,3.871657143373439,5.469176341179169,10.329196328459396,10.423681755114169,10.424733928615323,3.5307537753950844,11.485861981590888,3.340887419610555,11.311810848429552,3.2357457043571856,4.033867837561945,10.447603753193382,4.664469222721364,12.01717688144406,10.437779606350915,12.59066298457762,10.280033420018755,10.565224435927757,11.102809878539352,0.7391907248729565,2.879868599019847,13.812196808905215,4.448010553393093,3.172193714097857,4.389450862215038,2.629279213508211,10.82089647159971,3.5916614377625193,3.033858762185403,13.382201486376687,11.23041062135778,10.074537983222534,10.471180450861992,4.6133659070207065,3.899416225679392,12.484144385036105,4.667243180487309,10.019811927904344,3.9405525187501294,11.632357053344316,3.2305086542515076,3.395527070694497,5.524283480134987,9.99685821083436,4.7848715792368095,4.622733412365448,3.133693639585426
12.000000394194487,8.340926426667794,4.551954407325082,12.157611130802374,14.90145483761441,16.313065026310138,10.61651737328336,3.225753257214447,4.122986100690049,4.272065365463472,4.298694905911452,4.716269161739321,12.831134561942616,10.300948633887463,3.7782733018989103,2.103458649739434,11.549690436219386,4.6984056978620945,3.5963036371616046,11.336875141178826,2.6963806393345684,3.1461716579371015,11.900052873991173,12.363633002972024,4.5950163242808735,4.763491276096045,14.884835050979607,10.317035436296594,3.9339061140099747,10.449368755961867,10.286088238152375,11.325270145857248,2.8019684362316193,10.841384019768507,10.134315519426684,11.535979431125265,10.29333741026349,3.7509336977441876,9.740021743531466,12.813115819925715,9.862396919088257,12.463385697779541,4.128139209989831,13.92902470590742,12.92928416542936,4.598608055904552,1.9850725286768278,12.917763861577171,9.797577035334829,10.295773641300963,2.7830296108780597,11.031808644763567,5.331099744520828,13.027267629385689,4.046397969465835,5.9308931779227425,10.251197298409611,11.541090859656284,10.442151550079034,2.4149526390966147,12.076710794607155,3.5557303395086097,11.314816412494187,3.975883471108165,2.7186556154685655,11.385738224831762,4.676092642813963,12.341309159042801,10.444673677750242,12.300391158325676,10.429404135882375,10.306639053299278,11.025641200857043,0.9619426808502769,2.8715105524580293,13.806493341886915,4.392261104192624,4.266787051643822,4.786445257786564,2.4468637356168372,11.075532359880013,4.116730415724827,0.6721492114744504,12.94207351873959,10.623235380996778,9.016506950533069,10.41605069626171,3.8441152331362,3.8969273381550713,12.29482926500408,4.649197397855366,9.902241449851898,3.8820596614272658,10.518577007804106,2.6467228566006717,4.552325203185288,4.67752902230912,10.987586997976507,4.598483387495479,4.546923495474368,2.15452260324916,8.035857097628389,4.593149140196766,12.010697836474309,14.525266917559357,13.1878543517253,10.363344358549197,3.7653251644834804,5.144948507297946,4.14756003556949,4.448186608591683,3.733287792717403,13.009042954259511,10.292188779066398,3.7611780384855744,2.9096195743392563,10.612490218043343,4.865690532384128,3.579443362483442,10.690489133984874,3.512773729847402,3.135475214152812,12.88639782776615,12.445813549505658,3.3429522555172095,4.688159940636659,14.152047527117555,10.477466156878391,3.83937700493848,10.475096326394882,10.149647001886999,10.337912788909424,2.540372841800696,10.653838137891537,10.232682166254463,11.543575005823593,10.231086358942504,3.557050267608418,9.321256820694137,18.003770716684077,10.359574556429864,11.741362366598858,4.449144092148411,9.014472256505067,13.38997644210382,6.111988023306656,1.6888030474381714,13.125652117473784,9.357929954112146,10.26853016451848,3.522507388121023,11.282562140424794,4.547257585425461,13.74950663073674,2.7942629054955663,7.216539078249408,10.293310730387258,10.686539836165563,10.447372094171431,3.1277860173430567,12.263587089888789,3.5498480177701417,11.321560154377046,3.8085011459506526,3.9659636160669662,10.348230977596376,4.700576982047839,12.256794341882378,10.426691330124838,12.52004332360799,10.146197850034092,10.475825928220114,11.636519064047059,2.0854903384373533,3.0752381065122645,12.958481783780089,4.785186656340149,3.8219752301304566,4.521684432201475,2.5183463276313782,10.855831870103223,3.5590548243464926,2.257103442346907,13.14640884502973,10.27538418616759,9.51468973092517,10.60343149381689,4.459957465443622,3.923863315854549,12.565047574523376,4.747522716689021,9.992163086725768,3.763275920221488,11.550719574478078,3.2339586538091227,3.36335097555352,5.116421985838363,10.88479174574962,4.650287225303386,4.598532125242177,3.3052317510067533
15.00000049274311,8.13609163889463,3.8679305242804047,12.088409153291968,14.84911774476632,15.63726969077027,10.380978948487083,2.597919147312952,4.097381437925866,4.179552957538915,3.787707498938683,5.093862184452211,13.085253069470483,10.274905559965156,3.875320383352781,3.1750422413984953,11.74170480025772,3.5759807307105755,3.9023909760324607,11.296658112579948,2.797681392566172,3.4244739296842144,12.261478798965028,12.310601963891699,4.559714990588416,4.634359802012592,14.407295513098568,10.481504919324871,3.9846583045456634,10.230888373468716,10.476489175774654,11.296675272624908,2.4505698094729182,10.7250443206679,10.266419427127731,11.384211201658154,10.313136671928945,3.7825380588497524,9.606205869697401,17.935572404035394,10.328068105769173,12.336061854079194,4.517525120980787,9.05874614419281,12.847452849828516,4.546953563411422,2.043157385856403,13.018493767418681,9.331214202156959,10.427249205150735,3.520343098288119,10.884158815070979,5.467092906755437,12.617900607703836,2.53865815418082,6.98231657671709,9.967877376588497,11.576454534790876,10.455083305867197,2.3330691408487683,11.556374350328246,4.345459198178876,10.535926916792375,3.973290414928599,2.8003897905931985,11.678171869925796,4.677194524082589,12.1182864977952,10.421311800379588,12.716578176854911,10.265375196596956,10.493838964248205,11.208161860824182,1.2956680105150926,2.965815807547584,13.789959948719675,4.781257818005653,4.552444599562629,5.086119142863955,3.5398968323278472,11.711320003115144,3.386164269786821,0.9452922883425121,13.54196000082191,10.433687407057302,9.394195477380828,11.248879811983313,3.7523355428095457,3.9120947535564476,12.073226654956814,4.449001739760797,10.028935654833523,3.8027518114574845,10.594390538369934,2.822885719341416,4.733993979158545,5.015491512585496,11.010416368313935,4.553381637278377,4.609707058942669,2.0200965428473627,8.031264571628231,4.569081546292874,12.150012412970865,14.288997946080425,13.152857116995111,10.453559806486723,3.7302644300385146,4.335304646348927,4.267842474710977,3.8026793011354494,4.280386021081801,12.818599982007221,10.28968993528307,4.034362466063041,3.1445229641766503,10.770721553345812,4.723336061589398,3.443534695358934,11.36341236059474,2.6298731966927544,3.227834538123099,13.325858107793458,12.458401191945404,2.8572953851560996,4.6247787704672305,14.212377458063719,10.470541747183482,3.8918543860209014,10.419241230263138,10.215890227883866,10.265710570290477,2.5144925542714347,10.700012047970587,10.320326792600097,11.590901777726277,10.27133778988303,3.4565646199234554,9.289700494511843,12.667462533664754,11.099663213596003,11.781250686809347,4.228561735862097,13.791975009545832,13.48789477733499,5.0265480282278485,1.9448216861216752,13.035370288418903,9.49784085698776,10.076829725571411,3.2765312469082213,11.392231899019404,5.451709165317835,12.831386569989018,2.1426438745246355,7.091497692613722,11.066395460008644,10.426430940729649,10.413125271921613,2.5370813016975347,11.886540696498974,3.7203969410881927,11.203001311408352,3.5440098001188707,3.897196309735621,10.267957900367888,4.654154769352686,11.829258704233766,10.412658665161002,13.03346140565209,10.176307473089874,10.484174182912437,11.945206444154335,1.6504067501581954,2.8810522756385346,12.333667516500425,5.056919396320975,3.860346412427278,3.989561674734536,3.1652373165617362,11.132969892691733,4.165732875026141,2.0942278066999465,13.35480323825795,10.355281226040344,9.541404479095814,10.396837782793087,4.638496476450953,3.9204233748062807,12.68206696319268,4.674191931248076,10.048094467228779,3.693992825592106,10.574982392672373,3.0795103679622238,4.4474502414872,5.489543165251287,10.449360774665475,4.661422286758001,4.636822707984836,3.237436380697229
18.00000059129173,8.893831053605014,4.5618359132878314,12.217973153930247,15.01282561427768,17.006526728416528,10.49073601966434,2.76507387179497,4.297057239077656,4.143269450242105,3.6461766314334527,4.462668025208231,13.20428046411776,10.352518541480878,4.363804473978803,3.147187600210381,11.554378763310627,3.8733436125533514,2.814017820595979,11.404611666540905,2.672262627298538,3.210446301447585,12.44491826005279,12.33607184515505,4.568984312276103,4.632874950936821,14.71273172909211,10.484332464739046,3.924192205379143,10.428885483616797,10.104149473047114,11.341100405553865,2.403595023651477,10.573731834579256,10.165528088967209,11.495892228931599,10.299068463449043,3.718900066101283,9.047260094595766,12.77080290091478,10.348026408254366,11.248249765700521,5.0520834172107305,13.785152301091452,12.97637184733962,4.976205346739889,1.1834584429791788,12.824657890010727,9.445644186460056,10.30309992066824,2.8877990773480873,10.816950925352353,5.324246133420277,12.323127744360134,2.151461117147136,7.011526335365039,10.296546695912221,11.640677718527442,10.436404972923377,2.5848513018868275,11.513205192781008,3.5152055898495362,11.361820381709858,3.642981033941402,3.44530908319835,10.382003028619714,4.655626785696631,12.22672718591883,10.416542508124461,12.470916618637656,10.240068075060032,10.546331312835328,11.233862646981319,1.7607594397774045,2.9566209336404747,13.746828692872844,4.6350107690874545,4.170963941029733,4.864412508526047,3.842228739220385,10.856859813407079,3.08148732181389,0.9669578461156133,13.467525912070839,10.428300886346864,9.959528191862718,10.682584726620567,4.310896081534481,3.8504854789825376,12.246158951940476,4.286408264703603,10.467981609913027,3.986797852078447,10.574986417264538,2.7172578177511264,4.743486783424911,4.721221031767121,11.383121976924128,4.5795060519111415,4.6488206785958255,2.144904286008487,8.960501183449658,3.809745149187405,12.11078084573174,14.466314095847824,13.295793506712748,10.476578287839368,2.93841772304007,4.330195696080831,4.208307054473635,4.053443252890393,4.489106403816674,12.83461993750342,10.390174749433807,3.8326289112171104,2.5962987680633565,11.512047860817578,4.3749570434467016,3.6733463885618676,10.80044310287449,3.4302368672603323,2.9619692606746795,14.216188180079461,12.450786543306616,2.2577776851238216,4.6370365894720775,14.569987255174947,10.640121627536818,3.8184953871166343,10.37477750548579,10.251753910323334,10.464547220170939,2.441034483929498,11.569613891634525,9.596180095773418,10.855309860412932,10.293858096503495,3.598568445194914,9.140612531002715,13.817332094418022,11.172509268188309,10.787597698451782,4.2432929126871475,12.256109714443225,13.313546760163325,5.1920054630440315,1.626027253633522,13.304687095987294,9.304204248866464,10.314756031883615,3.016999093855064,10.459710523223617,5.733158659376394,13.48891321365955,2.0554300811019206,6.938990711260344,10.364872549536944,10.583592040851093,10.441310030182622,4.332813124130699,11.901247607746278,3.470399185319888,11.432354504679877,3.901997247120021,4.09499599260069,10.336433441168534,4.690265555916667,12.58621104154093,10.444662879632233,12.471264310295942,10.275278447900135,10.13384547295546,11.900457556564952,1.1747674850476164,2.8494670020606447,12.887825691870967,5.271723156363275,4.522998296136857,4.387718004826775,4.1362621870609235,11.039050732405974,3.394972941758586,1.9690478672522387,13.467540580041302,10.499345042319582,9.896723634719585,10.467690495670487,3.9457684357223326,3.3581441435676904,12.661465048596087,4.685357766537184,10.046010367246744,3.7812698582816524,11.44811720815476,3.9003771648714336,3.598586112696316,5.186666295550501,10.476472623045124,4.772251036154505,4.578256410215263,3.1221904720281657
21.000000689840352,8.956521831867601,4.541211916222387,12.101425994610624,14.977409822568445,17.012542009524516,10.5121942738954,2.801955553509644,4.8059747893199365,4.250099153583636,4.396339161878411,3.5859473564794513,12.72581935981256,10.35225865913023,4.097804937135005,3.336983659184117,11.61075269182439,5.0383084485401035,2.7786274521854684,11.226173920317981,2.8758573375725573,3.5273543199129773,12.46260707282695,12.266136071824047,4.461171107098505,4.587313259435303,15.118873054146803,10.555246251782402,3.7300824353484012,10.529625318498358,10.213337632719425,11.269253316788053,2.5403344770556977,10.616841487997947,10.213829034024746,11.476118058216041,10.335403814907384,3.804535874205129,9.431199332965228,18.018517796881177,10.895895926952788,12.448194468090428,4.515616666561699,9.009135802321925,12.650568858210498,4.350987379359552,1.9674947881592078,13.266919735624265,9.523067838205233,10.309039059420334,3.0262878669245676,10.4749615170042,5.413439534905709,14.492148948097174,1.9455519226475744,7.196753476925843,10.405183772875105,11.508774853861077,10.451792698070399,3.046116447684617,12.0624622515051,3.59377303931025,11.312584847776568,3.5077128221443745,3.3273301643403057,10.391501041660115,4.6703342751232375,12.256309216934872,10.370556249831155,12.748654540701265,10.186536314438317,10.514890546798501,11.277984517789761,1.2226814128652352,2.807402947824625,13.44173309000053,5.111788850523433,4.239590073463358,4.238763426642001,3.2951332224993686,11.570595949331555,3.072822548269404,0.8896704900138268,13.503432240998414,10.455915440861338,9.916461564840379,11.231563498412013,3.1708431023927917,3.8058518455939754,12.907885710952609,3.497060971509697,11.249943268857756,3.3588571885598455,10.49932689403076,2.3632236847318597,4.602318738340868,4.5303850305990006,10.448791671374858,4.706902504882731,4.608595186305367,2.172668865664818,8.742889092743036,4.587142386704547,12.060556245937484,14.743298954833037,13.519004697164272,10.388912975453337,2.7074758389457494,4.295288862857527,4.263246785391807,3.4285139449083912,4.546488539985702,12.877776172892556,10.390593992086659,3.926384926014549,3.558004329999013,10.679552890845189,4.931955307248816,3.3534712825469906,10.659680345863949,3.5181450343634415,3.965542302816069,12.275180583704781,12.435393330953769,4.5601552700070735,4.676830307983644,14.480397092888733,10.412793122550111,3.9351197966105316,10.436672129781533,10.152502768504403,10.420623805772289,2.872946623625218,10.790333368966722,10.146650982435053,10.976614753108844,10.259866201356541,3.646151010678971,9.133736117920598,12.83189265368874,11.05939398079753,11.525766345495244,4.023341570746403,13.70511270126381,12.96018886209488,5.003622830060707,1.7350015568477746,13.494529443957285,9.285150805707353,10.312271541850158,3.959519382141473,10.265564504608987,5.267880514349774,12.035297960580397,4.166329224087725,5.299641471577388,11.363239965504237,10.682132234410636,10.447218175470551,3.3294516319649494,12.4859163566059,4.1471888613679155,10.728231761390692,3.891803051759113,4.03034411724916,10.424764453157119,4.618236975591036,12.67706212633051,10.442084172659317,12.45426238152188,10.340164714314104,10.74328966006486,11.942178813046228,2.0579131202764955,3.1434361391458676,13.306062144591204,5.053848722334289,4.508403483864727,4.616680480476992,2.2741893702412748,11.664311169141868,3.58637368079146,2.5721103556891727,13.618386075363102,10.549671625990165,10.116563084251178,10.43249697806395,3.8533560411642016,3.8482596974581242,12.509081780679509,4.8076617903566685,9.931133207191799,3.9488515355584797,11.544466028790843,3.952071654734478,3.472158163126197,5.1744459788688,10.293046259418096,4.783309785030066,4.60099087907248,3.233767381279042
24.000000788388974,8.003562859817025,4.542403346539601,12.106373992235161,14.670716156756075,15.500956605547435,10.581969004964291,3.6563424151272454,4.259339061567723,4.308292849012759,4.343663791727371,3.4269911199111305,13.03960228679715,10.42852998389837,4.285843023119111,3.5333748874053983,11.633569999852176,4.835790398903259,2.836846550416933,11.408868551295111,2.703712555071108,3.5238969798704796,12.202343585795926,12.27094226829972,4.545603230251926,4.64962618495177,14.700382772646407,10.528984515979385,3.7358159780947693,10.578660187790208,10.175585691711508,11.304780428475667,2.6665299259851083,10.696006237135876,10.211035187338316,11.534834012864088,10.328552952761127,3.6584156089816666,9.125819471849443,12.774054091998481,10.567831684169837,12.301125787538766,4.643614860930992,13.996900390330008,12.544703191050417,4.702566162819811,1.820898137692479,13.124188427340913,9.573308585916019,10.309919563747206,3.356252006636037,10.103019767166403,5.7219329751680466,13.238481872557346,4.007067657412346,5.311630217240818,10.445496773634028,11.506479303802195,10.460377717621537,3.0871896962935605,12.019527748525729,3.4993300349256327,11.327176071960587,4.050655306698198,3.395239827973843,10.329638371001302,4.675659754371229,12.517368437705976,10.418451703549689,12.53206617425279,10.256315806535945,10.547651408015273,11.345059245651006,1.3988512725347684,2.8630010525458074,13.81627659498481,4.590114631296188,4.36836550904814,4.222038723331531,3.07926013556034,10.654445422206843,3.679514046803271,2.0802169642946646,13.693260244597793,10.4120268917923,9.677176495337092,11.19084372873076,3.160653798023409,3.737833416326487,13.102943837211356,4.5125673518744245,10.24964342943912,3.2799939874339126,10.471416316574444,2.9360288541450585,4.70432236959842,4.740503321013435,11.52714267,3.548203862172087,4.5903740032088525,2.152692038454227,8.812703507893126,4.5336260788221185,12.000975223429752,14.170943012055021,12.88551860868203,10.412862415725499,2.824715722829529,3.9984590140533767,4.425017079946736,4.076332761845625,3.530387178851658,12.944697461198993,10.396091248515194,4.110250528136154,3.1958190719294137,10.416027292295741,4.660992455694574,3.0623607979965928,10.527071612714245,3.5967169104369985,3.895150171818085,12.278454167002801,12.43620768049212,4.5090709071562225,4.777978457488873,14.25615488224645,10.447110174573943,2.798143905739809,11.478630057236355,10.31148078424477,10.367085785085498,2.532340959562466,10.60755606491799,11.436077179746146,10.955524025845941,10.283986464823887,3.6013829076191928,9.416699372074703,14.095403403901006,11.134251096577263,10.588609394520645,4.1716428725806125,12.71242305310963,13.420945893825586,4.773328784137663,1.2381777875611422,13.315792269888702,9.212316347330846,10.30553137157754,3.4924816830924916,10.40827508065527,6.270348463965063,12.694684635824776,3.5058648201234863,5.391279923594359,11.090755025415437,10.518263634013184,10.442127367779612,3.5945271435993527,11.678672261110565,3.520237703582257,11.37736468027,2.628125362348132,4.098464365799424,10.429961000536201,4.663752956091483,12.627648280553728,10.443829978687162,12.669334573727092,10.373189017214974,10.761283470036553,11.76650578145651,1.8750741860513944,2.849469268709088,12.76483211357337,5.333112063323835,4.594178845796552,4.951916657946924,3.738483203355263,10.745817455656496,3.356267426599563,2.200656228179043,13.167908226785725,10.450765021558198,9.228214632250808,10.39401248356007,3.5872323866442475,3.8277434835753312,12.46157751643235,4.821318459261378,9.9462556261373,4.207146711614011,10.590717646662224,4.072045904808533,4.4057804624960575,5.296834164126767,10.543231210183897,4.714975826974104,4.606819355874033,3.161452847599505
27.0000008869376,8.846353611110864,4.561573030505015,11.929853119996089,15.051702682634948,16.85721216552432,10.424415559420158,1.9286596521816337,4.041504467530278,4.285625864987987,4.512863830092398,3.886586310034665,13.422711133611443,10.447662694788269,3.5666265260835788,3.249670072288075,11.650750182741787,4.647114256533624,2.5767350343592255,10.610267186669663,3.6428012545240205,4.227767112379023,12.357188112829073,12.320501502362204,4.578354215276236,4.73820463274326,15.032774346695644,10.506916291680797,3.9165365166214134,10.523124659237375,10.458504101101948,11.310584351683294,2.671291244272454,10.664939598722404,9.993164638855161,11.030742161216757,10.339756750353432,3.6539819208661526,9.452884424920835,18.367811355609575,11.085425482429107,10.403605522801778,4.483331194420035,8.997007970971381,13.166001357401637,4.890700430127044,1.751129875684173,13.26447075022367,9.949882503521229,10.405716799854893,2.88481425269083,10.660637743752991,5.155172474906715,14.55002951721604,4.078951633082555,5.965378974845003,10.34993344015138,11.457659019576274,10.44552215265326,2.9557947697227216,11.732375993586226,3.332858047738017,11.333875804459664,3.698720116728365,3.9169109053921543,10.322970129471843,4.642435862089819,12.542361699007639,10.40560433904159,12.546927562686962,10.19632933815986,10.43508026208697,12.154688240138725,1.3799188397301938,3.2915490250439348,13.4354516758805,4.752007837719528,4.564127043132475,4.238113643994788,4.01866635887625,11.166743083012388,3.3356331909641606,2.944582401494249,13.561401443401106,10.43981164147569,9.84358027121729,10.508618949916839,4.5131867835861215,3.8878971161452336,12.320660697641767,4.7287566866248225,9.876681826911389,3.9850308405393617,10.521670757673103,2.6623459353842693,4.5221397809579615,4.854766811001825,11.393818793238509,3.5671994449761497,4.5655431969424,2.1042831484997837,8.884864114532432,4.596997098048877,12.225288402933066,14.928217018596326,13.409152238082877,10.520419036121503,2.856433940201533,4.1409822963989695,4.245907413139349,4.372675071830338,3.696495643770744,13.005697472185794,10.388925384519375,4.322781819314124,2.412736168764015,11.15572765516186,4.933724574837761,3.51588603068066,11.291074920683965,2.724070793294812,3.6890018887572893,12.435464228125278,12.372281138268919,4.539384788504167,4.533039023169742,14.273547710856958,10.570172661136393,3.79775927856737,10.509424067840131,10.16101469699844,10.315108976805433,2.7646887625833063,11.740983796178757,10.088971125979272,11.221252671866734,10.341588567954343,3.885962064040889,9.076875715753223,12.744777167377201,11.006045837241333,10.455884518698943,4.885263553888739,14.047263873874762,13.806475939490939,5.764184465527641,1.6513347552205577,12.563917395126285,9.318489505049909,10.16246808086905,3.100625407369201,11.41225331588205,5.813946359917207,12.918999997058252,2.2596776470901885,7.042468224752126,10.407514595252044,10.435312043739124,10.467952911862104,3.2072221546122623,11.982839818470218,3.6307016279436497,11.378016428958459,4.005748508216655,3.6930489757795577,10.415684974376061,4.690870714442493,13.101813811958468,10.387307200283315,12.290274848830759,10.404797798254505,10.626010630303757,11.162831979308088,1.8309108704965826,2.6957580166881256,13.234980150803162,5.055973737381955,4.366302114620746,4.652908326459335,3.485518056242284,11.175277179086192,4.158673763145398,2.006579531756762,13.940871107679998,10.655412310306602,9.624089175137579,10.368269055303768,3.7211031991541454,2.9818121326489666,13.209491304718336,4.785813443169704,9.733415193565977,4.17510215750747,10.4593041498641,3.9392312749984915,4.373699412621261,5.5449919638563925,10.532419962307726,4.779036126102768,4.589864680455529,3.244159640796037
30.00000098548622,8.003119628784022,4.578531547645968,12.050757633302709,14.990765886666514,16.24825604425593,10.494598837232468,3.457289561253812,4.25703344497407,4.2709862271766825,4.055910980512127,4.772287436829148,13.422104300257342,10.47491534934336,4.215756893884981,3.4213293550595067,10.740840172267822,4.455773139189918,3.867990527575372,11.314173915493829,2.7493196103114683,3.753533763958711,12.256088465684547,12.428516644185832,4.463771485880496,3.7359868582734137,14.412258777670413,10.631798520823855,3.986473704957308,10.461744839456923,11.427455239899649,11.241211693630433,2.425446889440882,10.64743185872074,10.45150438807136,11.544752811961635,10.31227153339379,2.4256410238034123,10.225623183154449,13.80018789676617,10.866072223996227,10.544246173895283,4.194692521813241,12.496034369675073,13.222429613562987,4.997921532851257,2.143638305513944,13.449373361307126,9.274193163967821,10.231695901785224,3.422472301543165,10.533225020382924,5.28557174811441,12.681910655564797,4.229500936768235,5.482746616510287,10.291734524820598,11.448674279796595,10.47030251943627,3.2924711494852215,11.913929074481995,3.4709308580205125,11.451785287024675,3.983519015044249,3.8028772253494254,10.384108516084506,4.6780856896495235,12.721528296883028,10.371491579773155,12.451233085382935,10.136711316373214,10.961813011683605,11.514711753186667,1.3057487173127704,3.139867978616885,13.528391997809386,4.791765756354393,4.495704873274427,5.064987613990043,4.258103109049318,11.397486076368734,3.395166095512139,3.079375371196495,13.414691353620903,10.441247237181663,9.490848536356985,10.484575236926636,4.576441512613836,3.642800161307957,12.271772875536273,4.598879127603843,10.280701116208224,4.300390484226298,10.517477864914369,2.427051832913497,4.463508012876607,5.4572999845669905,11.444740106836113,3.5451690745381494,4.4006258955601725,1.1642786302891106,8.71885803262423,4.576409888162989,11.805491859951093,14.65748474216591,13.234297132738797,10.431925604354547,3.082798457504669,4.365780931764573,4.238515064828511,4.357510764399104,3.4753449013856046,13.53765226186197,10.304514521379133,4.620807449048257,3.3901930289934414,10.56635869624324,4.796910438233803,3.8670569200188165,11.180554371952953,2.6164240290200578,3.568067570473108,12.193064730163089,12.401364939417414,4.5619362531443635,4.633916048184889,14.364137667404075,10.541010354798775,2.752427720732836,11.43611833984437,10.168373747337418,10.263094798168645,2.432124861305974,10.928234005584326,10.495854052628202,10.941556927500374,10.345086716951508,3.769739845326817,8.999880944892677,12.638086241921492,11.068232797838515,10.205392426719724,4.7086024303245555,14.098360842344066,13.84787486394314,5.2026752396484355,1.7602341732407674,13.00721096462135,9.21136767525551,10.260479520068587,3.2983229460894856,10.3091051108358,5.471834514728505,13.7435675409736,3.849026928927861,5.679809417282495,10.497419917151726,10.48313989118151,10.357240551242498,4.441129023350882,11.89376990109319,4.310194096140331,10.593714279214698,2.59551064191275,3.6200548340025875,10.387856989385275,4.656289306519408,12.213189356517455,10.438587028862052,12.494421426232472,10.056679350178758,11.037655663590733,11.508673703694283,2.1532516467657388,2.7614883907236867,12.307823288100526,5.356060525055007,4.521415556391423,4.133115937234003,3.554597990986189,11.29198668324855,4.175206135732663,1.8929899114774997,13.293261098765509,10.45358872908821,9.75018655229382,10.435701657338889,3.4801028460219032,3.8993991237564214,12.384519660658379,4.776056295263575,9.82660163835387,3.9587229615758397,10.605468561860285,3.6918299995028137,4.561446477292276,5.4146146042302465,10.431887481488637,4.987986659291999,4.546741545650208,3.279313941442518
33.00000108403484,8.843922625905407,4.619344554123166,12.135406381675757,14.678740480848202,16.242835699293856,10.557913557536235,2.0769252516297936,4.471715475423577,4.2409191185868105,4.020852629982621,3.6602080904308734,13.482720660785471,10.376414013761503,3.894779255374625,1.9452879520203772,11.444195471435128,4.533314149276009,3.858649177891539,10.687049945203228,3.6754222093778375,3.5242577270800632,13.280873875856393,12.293545741915327,3.5380816522938976,3.524646149338031,15.148179071159822,11.580853609234921,3.850615858051917,10.577473950724482,10.265967450834577,11.314457331335298,2.522845669086231,10.671584477096427,10.332037023096497,11.352839066996477,10.293571071725886,2.176341263300132,10.514904862827914,9.19568812829513,11.072390200401804,10.46376066219085,4.312051011506103,18.60479286918094,12.956900812649048,4.82044641267146,1.976616075428292,13.136096883968095,9.735082937684894,10.219366712669535,3.2324107531882014,10.311541708032047,5.517762511123232,13.267683612093665,3.439676522771323,5.610004057993702,10.481453931448234,10.705516929369958,10.44003686525292,4.1869330086739565,12.036723138652464,3.51732791216571,11.214235527533145,4.041473344117114,3.6078002571905423,10.239204640845902,4.523411163974627,11.899397942866516,10.421950678028127,12.783647051825746,10.331793585712317,10.862031187742804,11.893529423719453,0.9608210110329964,2.9647497285377598,13.509825876248044,5.297797813121187,4.510413249418091,4.483960932305426,4.112348571712124,10.829012164894912,3.7171472010228848,2.7931391260806455,13.540012259855043,10.493689987125286,9.66204748913284,10.544005536099014,4.497706109284486,3.6846774673606393,12.226543420816942,4.55323571866177,9.762466488719129,3.9667765340912546,10.496559011977753,2.6275719534734816,4.4588159809527,4.898711383952925,11.396973733036914,3.636844186482396,4.666739937207794,2.1929656536218385,8.700854730684345,4.600845344819876,11.931420211939537,15.350189113446774,12.731753461267349,10.551234201907002,3.0128218795910717,4.229012165744019,4.243558891034332,4.04237998020262,4.643777375332766,13.262437495127973,11.316949858252046,3.3641741142881245,2.1766533234540377,11.113879476650776,4.786635401809719,3.2112664330144587,11.337590060231221,2.7447723634086856,3.3306385177944198,12.291846650483869,12.305348310961358,4.564150338370194,4.596134182089935,14.544282520500103,11.469472017956994,3.389847706189834,10.845759144850822,10.016727954832987,10.346233952126905,2.593693878409997,10.594583742930245,11.585770117977415,11.500817502701095,10.293827065431177,3.5171010598614876,8.918272628318473,13.86493682700111,10.237859470329404,10.816140630341634,4.390136370863504,12.7925640378159,13.41810347171077,5.027822788989156,1.3750009188629986,13.686401825231563,9.716633568606603,10.373875653176585,3.3431666601906445,11.147223877668717,5.681641590846988,12.645561107200358,4.159969897988496,5.427597562584893,10.336031422032708,11.43957006053006,10.437519625953236,2.435270362380921,12.035061694154683,3.5843068078043543,11.36601654031836,3.9338212163841155,3.460253773425838,10.483396588961991,4.687212811523074,12.532116848285918,10.39955760136178,13.042446741830465,10.221912026852086,10.91514149356705,12.184471342372323,2.6323052725173897,2.863627349579833,12.254955791585527,4.956916547097528,3.6699093617628677,4.350856637601546,3.6143797495742236,11.243398037327239,2.9107903531020503,2.4091217115531953,13.752042995476183,10.659123549501532,9.328251208730071,10.34662127108087,4.080859288544213,3.8350454000208383,12.378589721049293,4.727134408116485,9.792977916694866,4.17261683541524,10.47715108441721,4.081466814133694,3.316404073710235,5.432003975266083,10.741291220076427,4.941851981546701,4.611484778364483,3.2336647314032323
36.00000118258346,8.143647773521671,4.53486289011121,11.967114806090448,14.200259092567228,15.202001419296757,10.508506063003614,3.7276320580821665,4.211194923186723,4.349790256545796,3.9967024516811325,4.617661446111051,13.169104711971892,10.347277853017221,4.287038805439164,1.8654775166704112,11.400458931161138,4.473865682659377,3.9839016668228338,11.406653114400543,2.683242587791036,3.285292503701699,14.082773789316388,12.281243907122501,2.7894948277241913,3.6709603732871123,14.496742341554251,10.860354441807166,4.064132127610874,10.50224791540934,10.394846282394782,11.331681668511576,2.5373037674243824,10.72485816437625,10.296591884946684,11.336473728469986,10.329576775336177,2.2414901504545064,10.452271360437084,12.849894248997614,10.13193354642561,10.616698677453304,4.49848565610915,14.368916842549858,13.08887001076201,4.199535652696907,1.19194552464503,13.181341022801664,9.419495254005847,10.337871399986925,4.210775631668492,10.525900528001857,5.520006715073427,13.619575752064423,4.296558835416693,5.651343260540685,10.29339836415378,11.365602472592693,10.368318184271494,3.354520504314065,12.402943431263214,4.343167643603387,10.543908319121455,3.761842622637191,4.051035857984314,10.237474671515859,4.66858482040875,12.609237100665759,10.435500330433577,12.790137309165035,10.310983511549399,11.282632657344667,11.417670722793806,2.494875792664714,2.606146304341873,12.242460139693733,5.014461499469811,3.812324065172179,4.543217420776732,4.001031031589478,10.846157042314319,4.19277665171851,2.582668858028203,13.58654394483323,10.411174985426202,9.515500673025931,11.356808793500521,3.5070168942835105,3.8744830973056557,12.263297929697401,4.621644779381602,9.837929037694234,3.9939492447532143,10.523807331560057,2.9421863534841037,4.541815900305732,5.142127666311119,11.21201829298857,4.58666124147782,4.649967242325368,2.0258865384133773,8.224851168130163,4.57849842660913,11.84544339964734,14.728330308361802,13.30202678511736,10.413318324435883,2.6123647687705627,4.357795838634109,4.207150782788497,3.7197795225712382,3.172295853080694,13.011278413952311,11.184136019069447,3.398149084011758,1.7317850471826683,11.45263397089703,5.055700245708358,2.7586556558070385,11.38189721449045,2.6863872343579933,3.3466745427426186,12.212600405142577,12.379481451157027,4.578453727310991,4.629813102224836,13.778547779208456,11.510263320302236,3.644449265357585,10.68663211080344,10.189830318017101,10.420918569441612,2.624199212467956,10.709429730166242,11.66752494060089,11.008703376759849,10.28360550805988,3.5656404427053467,9.45479325197609,12.672517930602005,11.002205498205903,11.716683020478786,4.440023696428682,13.723658450994899,13.636003040367845,5.936987068301848,1.2941878906413888,13.333810332177157,9.807339725662677,10.358082282396762,2.3889786766487124,11.356641094976158,4.430930348604608,12.749894239398374,4.468956676476239,5.339528841927656,10.281609354292174,11.451162566944603,10.443014436206582,3.501259174722308,12.054306119527572,3.5456066368006867,11.35213466158886,3.1659157602836387,4.063362794331143,10.339835603344582,4.606938779087392,12.050196494568468,10.329703398630246,12.434077118154741,10.348848391969444,11.2766352812787,11.937272091932847,2.5472112314884416,2.8551704290278264,12.288265985496897,4.803028412270476,3.7229355193354263,4.998960111285067,2.517020434741643,10.98480803364698,3.565991058857795,2.126525255213306,13.681159360578983,10.482085271799296,10.371333118171925,10.374381448327677,3.318107100940141,2.8605150602919385,13.61903087055603,4.592538063389153,9.736468239696979,4.194115841844074,10.43605268206038,4.267243704740387,3.500478622027641,5.539064865076552,10.3964103371565,4.806720946898672,4.61624799263307,3.25745559828688
39.000001281132086,8.942345276304366,4.60398019789741,11.940344840164071,14.998825276275356,15.690863309058537,10.504201192903567,2.4894417123650703,4.525776784433705,4.420255604657369,3.8609282459540126,4.702065827882706,13.516235434944099,10.412525278919496,3.9177760831851076,2.0694309005720353,11.352172317339619,5.079994934508735,3.7620104657471263,10.563643292485676,3.751684319642149,3.4962029874849563,13.18714459376347,12.444388880616687,3.6073856661425183,2.53307637741876,14.994848812011991,11.60475961005945,3.9921804128807965,10.338223320223102,10.640265396938103,11.249360983945552,2.606969392657665,11.621679562464033,9.861057085123816,11.423683169658124,10.278878317271156,2.327613747347057,10.390495290464715,14.075243573969582,10.179230261928563,11.357521034786615,4.484802966646254,12.561666506972768,13.15004859153175,5.29851613929607,1.8329640342602378,12.424677196801595,9.557145008444465,10.364676820041073,3.161175457594871,10.878447078717695,5.6658644355259815,12.953762344874631,4.255344816724034,5.732262238499453,10.304479816815522,11.543152123797121,10.300128380869422,2.621112226701588,11.787407691495854,4.133454295902345,10.633030036689238,3.6046755042264382,4.0043291452378496,10.431051171776973,4.647893933340022,12.975511427276679,10.434559517875126,12.519805272285199,10.396277100288659,11.0228723205863,11.792666772710087,2.8736643297520343,3.019086098536232,12.969218966405519,4.842448172081405,4.554338815706358,4.654983899558893,3.9415169831531327,11.060341013233367,4.087499018540612,2.2661020762519852,13.35064959819365,10.436672335666454,9.53083516635891,10.41064529870242,4.496908988172962,3.9079648716638773,12.30167845551325,4.840757273612973,9.895320756021867,4.079778275594411,10.487275598890124,2.945989239560252,4.540914620213582,5.063950436925371,10.442399761015778,4.586689849896237,4.646834540912507,1.9360423603182109,8.877100899969632,4.555109234420242,12.108036609434926,14.378325164337706,13.159970442053826,10.45372401671038,2.9695133967932525,4.282512163421672,4.230407195061733,4.293867478859142,3.799392880605059,13.479420000007496,10.482965354870922,4.193878087035537,2.465902864851063,11.455480885818433,5.394754112345158,3.7299121049630126,11.312046712389938,2.752847974488211,3.332985434065841,12.398113329401667,12.318813680697856,4.238845746911704,3.7407078110713528,12.877198512495653,10.534081704834625,3.149914687464807,10.429013114853841,10.169940905951785,11.353638314379687,2.5572863048017824,11.699396683735351,9.641575436764667,11.581379529690256,10.298207926178744,3.661659325234063,9.128262600994587,13.90621171506207,10.992647941104806,11.701374648625885,4.437149492746426,12.880600572623925,13.393774983633428,5.263089662412772,0.9110812256003686,13.681426424119417,9.439695630336754,10.293633680671693,3.13133123525807,11.392873061957841,5.521134253026309,13.469059462615792,4.739533774626483,5.30468086292903,10.432840509398195,10.48358249248133,10.42939343670806,3.500621861624061,11.6119273044638,3.4893720644897863,11.320009690063547,2.986888369108097,3.597222547191103,10.35214333544288,4.461976964396094,11.885771045136876,10.175975013650056,12.629710299036491,10.41314665881778,10.695641672421159,11.751439915251794,2.5098867980389787,2.9294088445761113,12.113847330160242,5.275937325321768,4.189555495018184,4.242591729376258,2.826435360468008,11.074183972924123,3.4371666897506254,1.877435656446723,13.820878925986495,10.446859955462102,10.051034346266814,10.383500332127808,3.7048391561161376,2.975139477826611,13.534582556320244,4.6153293578501104,9.543689587331112,4.187472673178001,10.438253204994934,4.743968544680982,4.452877151442512,5.848260636339418,10.418755842707638,4.74489611914826,4.547612215931026,2.389624548886431
42.000001379680704,8.39308844625465,4.59693713302622,12.130614476870022,14.072748783013644,15.468736702549858,10.522914808148188,3.3122747332575457,4.133797050943228,4.235274847851958,4.089058417197484,3.6400744093751265,12.49159988912404,10.395075173014181,4.278357283440921,3.1481900321462146,10.567682708592901,4.058865254417464,3.5370763046499434,10.759530538471079,3.7740192333380245,3.5191574645611174,13.289105982513753,12.445226218307527,3.5708563162559974,2.4921160442263495,14.313944709481646,11.507465152617689,3.988847985749244,10.378194735335555,11.491868290178664,11.116576159388705,3.0386037097314453,11.55960016665165,9.554769025987415,11.290183968252284,10.344433613052782,2.4852587504403942,10.424054380541786,12.388093177857252,10.14663235907649,10.767375820035213,4.411601169057439,13.884277862447991,12.587099434730993,5.265587686153909,1.7245388204385252,13.276152106575823,9.514925259036907,10.31088380816359,3.168573514566076,11.534360389270608,5.496474960629324,13.30886291551904,3.952709279939574,5.636823525431295,10.362240262102091,11.143907988361285,10.416626527559714,2.3547212372388175,11.938309053234164,3.5047710977547943,11.345993448221101,3.1663203708029704,4.175952986611954,10.33154507875267,4.689400668702961,12.62438594035182,10.42950822925593,12.486734103976191,10.38315020831951,10.883945426569836,12.400471475856435,3.035991153486146,2.2217751878337904,12.399450628526596,4.969853978584748,4.515866747089528,4.820053418375814,4.072419591763023,11.412726731111448,3.3702856916738893,2.5550742878579626,13.539552649630743,10.456632082133938,9.729082584556394,10.369003591382443,4.693554079608297,3.888476728656583,12.28637880759237,4.47495494253835,9.88874875565679,3.9256281798423855,10.663000975794318,3.205514795330933,4.581012051039079,5.3407179528709205,10.941358918445427,4.7105883042975165,4.5917880371854025,1.1554817232348356,8.909554928776231,4.535933847620691,11.978591144993127,14.833730647886066,13.546048913476001,10.425014299669876,2.917574791465666,4.555080747570314,4.180042234116573,4.049206324221509,3.1147813831413136,13.00296137528662,10.473643946348565,3.957628076886433,3.146308201107933,10.483106055694668,4.906937359123658,3.7274331193809562,11.288824307809103,2.7535732513015105,3.340280788985605,12.25281690282273,12.35794072405428,4.603214678551438,4.5867940310053505,12.686520021586661,11.438670690152097,3.858743227104854,10.53937305273236,10.25647598237921,11.430505488002277,2.792741383526489,10.830633901280478,10.700968447436178,11.715825506858536,10.272451434570122,3.776675886762845,9.320962222319602,12.837225974846543,10.433800661030139,11.595387461056193,4.56537727141193,13.891545711935596,13.370737353439038,6.46780590203296,1.445012136698222,13.335317821034504,8.736486244190953,10.314661600211155,3.538773269561697,10.736658236939167,4.268113689442578,13.303074367272423,2.817998063786177,7.059901172038442,10.286726455711134,11.734062944796346,10.414710593704784,2.3456120337358124,12.197560334021915,3.496676977644751,11.473524085094303,2.621104242594643,3.322582213569274,11.028750007076349,4.6138936151858925,12.407798498684159,10.219497629918461,12.63947322213603,10.354957255486696,11.120647895600012,11.419120853693627,2.457247142712894,3.01390476550788,12.163147316186224,4.572709592898008,4.507556133491778,5.4325224917152175,2.9419699038581792,11.299859539492186,3.695693100266227,1.8257915725484002,13.553743232358556,10.423992439670249,10.17493369216261,10.421212560133329,4.6098497842262445,2.8936784456537135,13.614415247028727,4.593664937340791,9.838804759823311,4.081804775781835,10.451476665376866,4.97043317184319,3.4398975184825002,5.8449220248867,10.970725864140237,4.696880980666647,4.60289210597783,2.354721948923738
45.00000147822933,8.072409733239436,4.59743671679552,12.074208260114125,15.160299169803643,15.998306087535534,10.408827340699746,3.1028820017755945,4.963864292696341,4.284551145099652,3.8278609692310077,4.397730869438774,12.880048641163441,10.444433171334877,3.8691230854507324,3.165096328858898,10.661549991127432,4.488142237437354,3.7519994199167206,10.474006361144458,3.566597644045826,3.8214356356337125,14.058072999198156,12.362788236528518,2.607769944571192,3.1660254945138253,14.9725198064627,11.695026898012218,2.875581443051344,11.251406623519454,10.499156295304699,11.241955349506087,2.71310991250672,11.192794031877808,9.802591079333778,11.314504049565011,10.364692423895288,2.2354866589198314,10.750123586632803,12.606686022196293,10.103574512669335,11.105560654099365,4.366788111756691,13.570968853813135,12.721672002616248,4.25060873013293,1.6116842473704143,12.500707990681779,9.40623844209566,10.380606799512236,3.0941656567594493,10.862285432665916,6.206067199999314,14.471164058640516,2.1383714165993792,7.072867570821391,10.35683811169319,11.454667635348748,10.445607367211696,2.5481106927193884,12.035581021022233,3.95482419272875,11.150430688187866,4.009980423321431,3.887979403961844,10.396220636911167,4.471426808435144,13.129833368316687,10.409530098060477,12.33301526523505,10.409202745432786,10.793541499269763,12.462765772140546,2.09706380496078,2.8083501713165306,13.531297128448696,5.16024285984225,4.331084540081069,4.495838499477287,4.270042693776875,10.760361819120275,3.0615691641993363,3.3440511430395103,13.755461319630308,10.447227981717418,10.041483094381018,10.460553558442621,4.690001743103739,3.8885244434865767,12.271892734078875,4.583008005016639,10.169400304517152,3.903182742146325,10.548344530739149,2.7134831776125035,4.541832152259653,4.994388509333561,10.490549830334283,4.475501013156248,4.578692725683841,2.0947607735506084,8.557467785973543,4.56167762734087,12.129059153123341,14.737284939922862,13.050637072758663,10.47333626666552,3.353577622008816,4.746393939730238,4.219925095752501,4.029049962224258,3.25125384743004,12.481523772251975,10.387571700217098,3.8495324368222157,3.232011237256431,10.607343088053751,4.973935091343449,3.6436230185606275,10.553653329444803,3.823301359759306,3.4211063462681834,12.168401480587654,12.371678416223721,4.554358449940228,4.794416166246527,12.758292948070928,11.483667235413217,3.906149530359766,10.521385486918115,10.53652447558907,10.395918615590247,2.7396275940104675,10.951588001684256,10.299332162674157,11.754237082809599,10.392103555979993,3.6508959496133038,9.145893221210384,12.52627591955341,11.172842923710107,10.66913053596038,4.088454484400539,13.619449670092122,13.24863583595371,5.781814828825695,1.5356884136581248,13.530327102157026,9.823866228632154,11.392025202668695,3.4963083834340534,11.34593994782068,4.003584398465996,14.275894996293184,2.4532461358611486,6.900362391424549,9.904882000188241,10.319937576304675,10.46123107953182,3.3303501838254825,12.226553852814927,3.576754076810022,11.385363338971988,2.9265462813109604,3.678619462301308,10.379184895129493,4.646156723897355,12.128978057586531,10.403348103177386,12.735908137893738,10.118738801649718,11.02382608984266,11.814548792857376,2.340182734996292,3.2055923745974577,11.96558276686705,5.55154749305085,4.309365376678476,4.595797197921245,4.301085256456904,10.684590087165478,3.773021478428481,2.176777345937848,14.038950237995971,10.504500481303706,9.41742829081707,10.445825237588108,4.607107294669077,2.978483371402646,14.467010038274571,3.685937238647573,10.03079536400087,4.509009143494875,10.472901247690963,4.909013890380319,3.531627073336826,6.3921307140620005,10.726776452435828,4.749853997918436,4.619627229096884,3.0647920335650563
48.00000157677795,7.938797931900266,4.615515684098707,11.92867036715513,14.385394629310259,15.745161204754265,10.445643695686941,3.66086326501294,4.531677722993746,4.193416713047397,3.7511539729007826,4.431013304257355,13.300466834490612,10.423295816511743,3.818799685910596,3.0206401432908514,10.597923272956297,4.393763512321968,3.8308032292260137,11.268799224181624,2.6613298276972492,3.4017187106433195,13.92760893068709,12.434846617245377,2.539956663882298,2.879044236980946,14.80471850299356,11.561456493949786,3.8853915034937208,10.452016928490234,10.32125462035207,11.33556627240263,2.6015284892198225,10.763227150081283,10.316062499091352,11.534758907428852,10.329285166365937,2.1516313244107472,10.742872304150618,18.604829010354198,11.026646457789566,10.513073834479199,4.377232177226494,9.027087385875602,12.920500368282944,6.12223015632323,1.6896753321519093,13.200222237861228,9.676863997826405,10.328218354720944,2.992396571855031,10.765607238201499,4.026850260175193,13.401161439279997,3.8824942899539003,5.588151484110981,10.225477064944704,11.476267548401783,10.419907681027734,2.8088902352674556,11.992222009400946,3.505003281187952,11.369719551058173,4.010314326263143,3.7247964377660634,10.445511068313111,4.6572443470828,12.561367198293869,10.31100431918114,11.958661780095962,10.383285109862799,10.905930265726411,12.282231537448226,0.7970378909358955,2.77973387959992,13.62979035226789,4.733528327651601,3.825782868481839,4.496122165458058,4.257772868411235,11.838712889944278,3.796222907977533,2.0598978868442077,13.113498245426193,10.389937369387049,9.899195824995024,10.40624512530978,3.957237042806562,3.848242397365893,12.352545254201486,4.488203470855584,10.232016412680894,3.9772912212077554,10.83623248154175,2.7108935266452394,4.634504466427492,4.733817908569598,10.606130783834905,4.633110712248107,4.583885963466832,2.22820673438456,8.88032074090263,4.558727610071266,11.921445698852203,14.66846139366315,13.810126095349903,10.396888091901554,1.9721005702536272,4.355998108870486,4.26010704299918,4.605004217666429,3.5140279809818535,12.953017239721218,10.35933917894426,3.874095964448071,3.0794489360585575,10.582606928623438,4.786375976910141,3.691932042082036,10.176506904130227,3.7786660096745637,4.084947310902819,12.304138220144935,12.425452791201753,4.490703812476272,4.343403850923753,12.693120451263443,11.40293381781567,4.009104811596546,10.2890101251403,10.462349354166331,11.335937102213704,2.745308319548929,10.91001370562309,10.401205996331795,11.718944305051616,10.275588206216499,3.370727323846859,8.762057334411898,14.096709837381919,11.033185372886953,10.765141067882885,4.2027897028589765,12.744271803563391,13.202479031925723,6.529265159393711,1.5124571940601355,13.036241704458204,9.628988195463084,10.510168292348329,3.2784078466149023,10.390222704833056,4.1375798953056115,12.578995423226619,2.2640503827655016,7.074030607319102,10.185656395690657,11.457807666991545,10.465085703310612,3.2072606835083364,11.609356801313192,3.6739375505858978,11.407757145240158,2.8356857615893625,3.997133554668169,10.422563222787451,4.599004603575473,12.366213837407614,10.374105037786455,12.764489085234741,10.422072293620207,11.100060692796959,11.577934341216185,3.1725634444161273,2.97348170705572,12.112073976496367,4.844255519018215,3.796269638226244,4.551706241914754,3.837094317822411,11.305842607656597,3.184188758510239,1.6427475854168034,13.946054272276678,10.428134578042911,9.762163337978116,10.491885472636946,4.648800949104384,2.781725606091213,15.613576486562504,3.8479035057409323,10.299195189706012,3.5225612929673837,10.466363625365007,5.149860740954012,3.5573611260475166,6.798904486075142,10.461886748608855,4.687739204371596,4.593621000978936,2.2820742374292458
