time,1,2,5,17,21,31,32,41,50,55,58,59,65,66,71,72,73,74,78,79,81,91,92,93,96,97,98,99,102,106,109,116,117,118,120,121,124,136,141,148,149,152,153,156,158,159,161,163,169,176,178,186,191,193,196,198,200,204,205,209,210,213,214,215,219,221,229,235,237,238,247,250,251,252,254,255,262,264,273,277,281,282,285,292,294,297,300,306,309,310,311,313,317,318,321,322,323,324,328,333
0.0,7.82609276017303,4.464783226239118,11.822869186728965,10.321074010451893,10.338152052343894,9.950179927331817,3.959360932416219,4.237466130351322,4.070301725463446,4.8213094080944865,4.036675897660553,9.775839944059165,10.234310285491883,3.769862222261792,2.690171611004965,11.561943749823826,4.393199484573723,3.7439428065605993,11.361192519092144,2.6854302267096792,3.4306913995633157,11.572312551809123,12.416546275701894,4.545941313101774,4.0564740302800715,12.975694195565985,10.457906749644014,3.2336314424146186,10.312509920787292,10.491051269422387,10.624734514635488,2.9310442262110654,10.732667846708434,10.34113182323082,11.430208497346417,10.307103021854699,9.216110183369159,14.642165640905898,10.5636680482344,11.194096609940985,4.370768419364426,5.12446255973766,13.45903703363713,12.576986783091046,4.2125276664216385,2.02796273497614,11.376400334816074,9.170902849202124,10.25197636307347,4.0560526071766,11.58126628559285,5.480894965497633,14.19263614516424,2.7067994721946382,7.174394349833199,10.389939964531234,10.588005932362645,10.565891294092532,3.3947836464958137,12.424060803319813,3.922394389658413,10.214623889524196,3.659220879364182,4.007105040824774,10.419672197204358,3.779202813789721,12.230028793485848,10.455893455806288,12.182121826017942,10.28143793241385,11.189475855146974,10.585660609667396,3.4684930756751453,6.55691053599982,11.944751176139945,4.106538228261437,4.473877917160568,5.06402153703935,3.325185912794641,11.428105285869975,4.173939977224634,1.9033177802127796,13.723107259250101,10.577832028785762,9.967419994351973,10.305128970634746,4.494518574758202,3.8317871557560683,12.896661799442752,4.573227230014842,10.165464579315714,3.5805125571501715,10.728259943723016,4.118983018377881,4.367687807226003,3.5892673286734382,10.84622777340215,4.711582626223009,4.562515088951216,3.0216419176862206
3.0000000985486217,7.9833688546964545,4.438542543056619,11.96515797847024,10.098323343551456,10.443641384927979,10.187707297077147,3.9203013802236004,3.9028094480500783,3.985626364542698,4.848530435720326,4.039328884323723,9.685276103868464,10.169369616568062,3.9789781829014235,2.670017101868702,11.448328971674592,4.3107879730119505,3.6961830668972895,11.297153056062431,2.710540431745712,3.336939571210572,12.25264654458998,12.420873837894671,4.586164719075385,3.7434711164400283,12.805699827678197,10.58385111875934,3.4750867882556853,10.375462139737408,10.441425696004586,11.432899070180763,2.866427314206015,10.446950223753044,11.59425593755708,11.494441452054554,10.303768713957465,9.070889738673271,14.388401829397402,10.995411097240217,10.398584536649501,4.340320807059219,4.996951741496822,12.90465986362107,12.377547466645849,4.310779836567732,1.9264525426248333,11.378489015043089,9.410780259827169,10.169101840155509,2.5483188284930947,11.380149017887273,5.424842485494235,12.844578795702633,2.2160236503405892,7.321013789343441,10.34168842350557,10.51771409370036,10.52956483971255,3.333763575033403,12.122119857290668,4.33951355855904,10.357384932721219,3.943340083906691,4.134825506717213,9.948849401775307,4.601245763992715,12.192956571369917,10.446451436890747,12.180861845305328,10.34120039691611,11.217960907627555,11.058502457065323,3.3845795754529213,6.2869107801758535,12.12508567407197,4.467787164704165,4.41209147890728,5.25751402845757,3.8119492481422848,11.206751930685446,4.170802821961209,2.2775017869548497,13.498023130070646,10.630266185425462,10.153716791982662,10.211327797689842,4.228246540090921,3.909115955685643,13.127619076323786,3.4716928171962347,11.089344016469298,3.254986584920848,10.543832125509663,2.9690683297383096,4.433341917248017,4.495365197935024,10.704768079718976,4.92890592952441,4.609581113498643,2.191290019798035
6.000000197097243,7.911587398463899,4.445547212875559,11.961567696530564,10.209630257407643,10.387882816761898,10.26080221438835,3.860220360234231,4.207467571690534,4.049247746183959,4.83051763226992,3.9883006984006864,9.595180249355733,10.253241903952912,3.6851439097793275,2.702236289759584,11.446627462147275,4.699146756798293,3.478590267968173,11.266045644579123,2.7041026708399527,3.5303453751014984,11.91044247282301,12.436500300368039,4.61173693271023,3.9533137331965875,13.423851719125377,11.452553374331,3.211560245685351,10.411113386343896,10.339117226994633,10.644724471441235,2.603886441715915,11.293760375033832,9.945530435002421,11.546269949967089,10.30960678495784,9.03556318446494,13.910774281290424,11.01779694563583,11.698263551678961,3.964657210297956,4.3895018588447705,13.058527990843054,12.370984205364062,4.4510269288239686,2.028572490442503,11.506950649581999,10.108970478348535,10.081924054311626,2.6135838686950397,11.331890398488044,5.695095094691435,12.809158561300922,2.4965852460307056,7.256527724787032,10.382856467894007,10.555937426716719,10.513169723334263,3.413728422898417,12.2158172072117,3.8111549804302776,10.453597044542176,3.810621540133674,3.979474608760909,10.227363880987175,4.6733473110343535,12.225482048472427,10.459582259222227,12.19958292668693,10.332214864497733,11.225734053612747,10.858882205616986,3.36268040050444,6.361903779032089,11.993628781480789,4.455043921888785,4.5667105009000215,4.593261789656033,2.8678772785580353,11.611762058337208,3.7030821256256563,2.372229293188117,13.74916297635279,10.5225682893384,9.701761624615914,10.327906132311433,4.084072186156174,3.9035580867239736,13.090985021752957,3.4716487566950778,11.241441270947323,3.647287687245207,10.486713409305139,3.5935234855161333,3.4254213264445483,4.941519407220044,10.384211322482267,4.826644563041489,4.626378779570843,2.8704839688402544
9.000000295645865,7.838136161463893,4.559071271279859,11.950896255789914,10.494764341240396,10.135300010171944,10.261617821703227,3.954606983722055,4.385473830193977,4.016006493087616,4.936058872374567,4.001251753010533,9.736735794819587,10.240843253474154,3.7363158786631794,2.74051329407529,11.513199604069722,4.917786851313026,3.8456908374359844,11.245846021636325,2.7928472435672833,3.276569064293908,12.036966652734957,12.392360841157718,3.85402391069426,4.58013500738967,13.510621445778828,10.52887356700158,3.2190427811326865,10.401132752213686,10.282801006920172,10.459316534859322,2.615330862915739,11.094265103847965,10.004243397484432,11.63982893704551,10.295350821287144,9.431227394824779,14.437709160986849,10.910441330853672,10.693328745471746,4.48680742291933,4.888924829822096,12.86632230194481,12.483551519761159,4.098127349663468,1.9181588445559918,11.393590704556804,9.466343060673442,10.050573017460339,2.5316559468314317,10.359128560509056,5.307602091952299,13.111905957799344,2.747779609165907,7.1725170445627,10.360845650399389,10.650290665700705,10.453107064479363,4.361953470781678,11.93607450209362,3.5541076498708106,10.28589048438925,3.8674367335515742,4.043142445540866,10.285624276687885,4.7051308782267025,12.08664967753461,10.445335190857108,12.22858012729223,10.406620108356057,11.203680459162676,11.450106488078298,3.088977528942865,6.355554380560816,11.88797878581532,4.529052618949164,3.5237967547948936,5.575037402257889,3.334484686820524,11.436117314998677,3.630622296962432,2.0136419365789173,13.828615205741604,11.391942796226628,10.162966117121606,10.404180121986716,4.175175413426222,3.838700919752378,13.205218473381171,4.619274099327832,10.25729864786029,3.4943376725471555,10.605793955111565,3.6222490655394353,4.436929747390808,4.376903148996287,10.519438968415134,4.6731094689270805,4.320960419844398,3.002450541696805
12.000000394194487,7.9708561001160865,4.563074898208933,12.122686488915669,11.752466862838652,9.845619667434052,10.336819544392478,3.9190454916798236,4.1480169584360045,3.999921584541898,4.915442084827186,3.996264867002953,9.20694044094466,10.254067120695181,3.542678477385468,2.666665429346674,11.55937871180948,4.788479609724299,3.7198066379650707,10.691376423981257,3.51644513173667,3.2576898542160984,11.715079118586596,12.423710776660227,4.032898166758249,4.730288405587934,13.008703758946275,10.380317321268594,3.351040943334288,10.342918632082455,10.525659121316732,10.330702284926202,2.3707529128103784,10.71110373225361,10.30470966517087,11.060235071706522,10.232389350551493,8.98977267114376,14.241198670488554,11.269190591452716,11.576721365270215,4.054540960841184,4.703707475639964,12.709901052142998,12.618371769860735,4.04827177639563,2.022018177684119,11.491671065305635,9.787343497167436,9.965119811015697,2.8076600423890974,10.341364185959172,5.703409826399518,13.564291514058763,2.294062505053673,7.212738318175933,10.06888296337643,10.608606316524579,10.462012664725085,4.327367522161723,12.102907222351682,4.548570354342468,10.342315477317936,3.1578077415366894,4.000702293875328,10.366942792602034,4.702774802397033,12.23003809076761,10.448194361587879,12.206376385066772,10.411108865605287,11.093096738148386,10.919217412741572,3.3428651442228876,6.38935407390157,12.207404923784356,4.587345654312543,3.5053364576434816,4.887435887155308,2.43072104644175,11.245235501427823,4.029376457080893,2.0272106975457116,13.346563440409488,11.480678970846514,9.51786480805449,10.134737406948789,4.03353883514625,3.918823942107104,13.135342805559882,4.69582747744018,10.113374994177766,3.2355189612245945,10.56640412248182,4.731609703508145,4.397932421404385,3.757495535601322,10.491853530081068,4.636082402358956,4.602719984273854,3.1757293925680794
15.00000049274311,7.875530426419084,4.651152799982838,12.189533050078131,11.906212906059269,10.402184095537187,10.299483625975533,3.8867481332810794,4.0904126215004,3.9738227275685696,4.809370655453784,3.9898253654159705,8.89639341179145,10.36310044561128,3.8262179307765978,2.8251207360802484,11.60019084019441,4.182649658270384,3.7680910929615568,11.383413231317471,2.6766525004193698,3.075282033215277,11.839718469808458,12.430602329388432,4.449814452268581,4.5996499763038825,12.790287786724889,10.667181810642585,3.4983431519818167,10.404604015800862,10.563888510272031,10.251985238046597,2.732806900578227,10.637448455468585,10.35757141021434,11.136008088914917,10.255967126013172,9.07927377258591,18.48522997381214,10.68638473389898,11.74326870574599,4.881820570479183,4.2522290218574845,9.658850929305073,12.557786251798683,4.5782618480985064,2.0297338277248134,11.432089766420487,9.87128210328775,10.053415777867972,2.6770598056151886,11.275590904287474,5.417195552369462,12.986257373288645,2.523989642959008,7.147302161590743,10.050869118869139,10.23475119192667,10.468574622494273,3.3523605399934415,11.977379125713012,3.786457868212752,10.297526650888074,3.85924245833585,4.191174515637535,10.279277525671022,4.724841058968286,12.102956867143098,10.455219278147828,12.229401699605333,10.449187443927526,11.1216832125114,11.165610145064326,3.4919137828286324,6.869054331658659,12.42557711202135,4.43938086195311,3.514051503536016,5.018884561324637,2.357265018120326,11.691061005633099,3.5828357199813796,2.052921679827294,14.072861404257509,11.413763274989282,9.455268012495816,10.4011375359644,3.975570371849578,3.5537826073586567,13.210847637057649,4.6580515853014814,9.903339930759719,3.4985008425286472,10.622532054180114,3.767374026273809,4.412823750526307,4.431911100925378,10.988915815430708,4.7754086839436365,4.555316050536963,3.110307296377952
18.00000059129173,7.93366123734532,4.611492783584317,12.146717435374999,11.56329708697673,10.370524026996517,10.226892865393502,3.9185627693526492,4.142601880372801,3.9903954726126383,4.814740325172897,4.006254978828505,9.28711079565596,10.346068575765722,3.3666420614550723,2.9100357599417563,11.355992285639797,4.078517760557852,3.2494165561689834,10.56031944027239,3.6111318825851573,3.216062773760202,12.068573159023606,12.425898365050582,4.587221054196367,3.7960631666333264,12.771742371135268,10.620897609724961,3.4092185146890297,10.356342497476444,10.522942112285376,10.409353175643798,2.476498816979011,10.456220102408146,11.45542267921067,11.154200742873185,10.29397793441084,9.110383501215994,13.256146775887006,11.221014278849182,10.622697050741369,4.69432752513183,3.2897654976058623,14.469799475955885,12.535262812423527,4.30015262457863,1.8414344261513258,11.634898668517332,9.851097109960337,10.055464050288963,2.817705592635887,10.886814910039337,5.5966642219824925,13.920388544734408,3.984523307116073,5.282991602715474,9.823766026474832,11.557820376783695,10.442180519211716,2.7746576323115897,12.084063909266039,4.410999788860625,10.611810243818953,3.888551544303923,4.036723990937445,10.326320255655427,4.68047393177115,12.065168805309211,10.45816248403489,12.215003289903196,10.383311831472653,11.090464095066748,10.406259461365444,2.9769315796783955,6.320638469935512,12.001570936214843,4.827342108358297,3.5495385243524735,4.967435987056279,3.784722796497525,11.64305986080185,4.174992709005078,2.79377281047426,13.55334786378763,11.429620976597981,10.018401620820194,10.349922681199105,4.101798508908166,3.91174675996875,13.10496281621878,4.663809806624568,10.104950277269916,3.4794737106333624,10.49145878059186,3.593655375427752,4.467814391725901,4.248211168101758,10.138125862905621,4.713378188453877,4.529670341011372,3.040669517063078
21.000000689840352,7.8341590321438,4.567087438767189,12.02466009318268,10.447815069637874,10.342643723469047,10.264333076003808,3.899948715644837,4.059175664144444,3.9828224206166407,4.889714124334112,4.041184598784279,9.61191616068747,10.35424944549541,3.3322709946969433,2.6368333868462868,11.553047381752087,4.620417929713555,2.709461532101799,11.247379428549264,2.5594209604128015,3.360102886756954,11.959193423020197,12.413432973258521,4.584098370516868,4.512135968858702,13.657483357807674,10.733038194148493,3.221504687655817,10.449810202934017,10.048864430784196,11.425875635259427,2.8590005854363643,10.474127099999544,11.542173824248767,11.301433152282769,10.28429313374214,9.961526385661765,18.751029478753093,11.08827973846881,10.610127943826342,4.298660631939066,3.002610457929266,9.48221518457104,12.396542809303233,6.073376417618008,1.6847738561165664,11.308135019809574,9.60993450840377,9.891611379932371,2.8672826221520844,10.82885479684146,4.049697654225494,14.436871598751623,4.62845791800337,5.623095161220785,10.463509769167267,11.629889988407747,10.508799692600993,2.5568822700304024,12.453127987794272,4.396160997751234,10.54160411232061,3.8880438560880677,4.11708183093263,10.404678977782702,4.651933995809987,12.233084575387853,10.417095263866466,12.245807920789735,10.410867961391284,11.12717259913116,11.554417733767036,3.6260352940520746,5.955424635085679,12.177988111520902,4.457299661474669,3.640217104386212,5.013611370763735,3.8746165776364476,11.32406929814512,4.127991647329181,2.694792428196338,13.67558870403693,11.299253477558102,10.023220189112202,10.365604097353504,4.372279371416447,3.915885406768627,13.11112661402738,4.6406939073068125,10.139119559841093,3.346552301289523,10.435578105556713,4.303797755369397,4.429562551707873,3.564287916494396,10.317107781485106,4.740767850297718,4.4981608667937,2.118518791535632
24.000000788388974,7.892879635036107,4.604857020467777,12.112235484143186,10.575807096617183,10.34258436548525,10.476844949692554,3.8887369932204496,4.623209261244484,3.9691859676304873,4.77664023836609,3.962919122053434,9.722560402756118,10.406743155055516,3.396270845597154,2.480578415506631,11.572275320031494,4.894996097382928,3.1909312192943102,11.194548487352636,2.778132664387265,3.3679552175159135,11.980904572525732,12.408921690297664,4.562167897099264,4.67563017975257,13.332282353052964,10.56009901599534,3.2092318539065547,10.602662715320644,10.325124303948456,11.32745100960527,2.580690056743089,10.501496988059026,11.643343987227343,11.153538549671783,10.28246071486444,9.277186777874075,14.55124962789801,11.177876383798147,10.44220330930307,4.3185959971317445,3.939297372616612,13.040397187876485,12.698487426908791,4.796097550800293,2.0040468036072587,11.217009227415472,9.832085501478081,10.018579796225897,3.887191696506925,10.212811282190806,5.025706722587728,14.234063440212893,4.239581512878822,5.581613561726837,10.545846087063788,10.752693788300704,10.53540329684524,3.991993070536495,12.21944058943591,4.237912531872001,10.378178414988696,3.9177281933963477,3.78515434918781,10.441304367460607,4.6244983403173086,12.032335286305113,10.446389898582662,12.289782796731936,10.375512585732604,11.16087250038617,10.855136322426448,3.4386748883310956,6.663471175667555,12.257544486688799,4.791527971145457,3.5307525073444435,4.502758295707624,3.55825457701663,11.010547531752405,4.252576147717171,1.9655111096786757,13.647447068766319,11.346095191330518,9.979901526382667,10.355397546597862,4.012940015762507,3.9174181581370844,13.129332960563456,4.6583240561775545,9.970098695367495,3.360997138160225,10.637699527503276,3.5854197321537824,4.389902648477537,4.128442101544705,10.512501339905116,4.680783462756745,4.483186695225611,2.130021773580604
27.0000008869376,7.860610547269095,4.6004827035940306,12.086429889850189,10.828915176081058,10.395619883304393,10.25274857224786,3.85742845253748,3.995265190883914,3.996594652197216,4.847604354970328,3.975854059967484,9.709522892246016,10.377373977555607,3.318359598815111,3.5603670158495295,10.739947071024968,3.630239642285966,3.0105400620244334,11.097694575068862,2.579280621872265,3.1984339905639154,11.743891327148745,12.425576662431174,4.056116283290542,4.70956516887761,13.34264194623427,10.567537530989572,2.902134807179136,11.46150880473553,10.78023883739898,10.399674905642062,2.8342678482140724,11.425408935899254,10.700187132751067,11.124697311884148,10.314707083812532,8.953552392963733,9.706308044851612,10.946698442709918,11.504026388341408,4.010484413384876,3.6229765036438675,18.626291207750004,12.624993152204024,4.672704954706647,1.9266544006005362,11.213657354853192,9.636599498172487,9.917211290540392,2.528304480592941,10.771244224525484,5.0688363634689395,12.958181765809769,4.385232683179325,5.4496275750030225,10.285621902059816,11.629314824338149,10.447075835239106,2.487245972361551,11.950365691633216,4.356452982152512,10.490857720839657,3.994867916087057,3.8896787270929893,10.393330475854642,4.6363525717372305,12.158383226196683,10.45524992362407,12.211815923977374,10.437867402974064,10.916801718172392,11.455754489482782,3.237245462283743,6.12760007987583,12.076550495085575,4.4743204953530515,3.578926620742724,4.9173251861276635,2.1139487384813602,11.281457522938556,4.258605800295291,2.4035242845463682,13.641467394434775,11.333958602682047,9.091264435242321,10.356363009517395,3.9461537513644998,3.9256509515177296,13.037500036811602,4.554691325373465,10.167859700476312,3.325743206549035,10.556087570054588,4.131435891538988,4.500501083787951,3.4930923002744256,10.660610094035656,4.6042251227509245,4.683251579820219,2.768291403395741
30.00000098548622,7.9221340677539205,4.577130793638778,11.994444599873576,11.448890006200761,10.45598598778693,10.0854727396252,3.925992092753263,4.2916457106100205,4.0156497320864535,4.95052584848532,4.00657229532312,9.439438119701686,10.435131009586607,3.399996235841215,2.8440852157520204,11.462053967649865,4.925105833882588,3.963578160078598,11.240706701530549,2.5916047324277534,3.2646634055561026,11.917398459227535,12.458459117999263,4.288132635459351,4.693424814849875,13.401917838810185,11.485220963982703,3.8645156554897326,10.578531137071908,10.151123636985401,11.415501348360474,2.7301465878465523,10.811716788863267,10.23556913321178,11.139461416979321,10.257765471408481,9.1416513664397,18.357381218724615,11.076350075132476,11.708596740327941,3.910576496102646,4.103602903188595,9.400409989829077,12.655308630478073,4.715320005802329,1.739939308389223,11.284801433371472,9.682840949642918,10.19640463353767,2.7811021901544506,11.248976300322191,4.939555011704433,13.02044869594769,4.30844996703373,5.409437938666411,10.3716792601602,10.363698538303206,10.439648918928985,3.340365852103842,11.940343627792641,4.40680156483994,10.416513663712145,3.886140147769521,4.068209603364386,10.279298334132347,4.560794219942198,12.212909043216603,10.434256940533507,12.219379896408887,10.401482607899139,11.202296958751374,11.267886649442259,2.977587398568218,6.007660771552257,11.934135129108823,4.456547506122255,3.4751141481538497,4.850360528825048,2.436233939299922,10.900098803431328,3.544217521001062,2.04878578531748,13.898488467888948,11.43577386605617,9.829643130014055,10.42140461158429,3.984633180538916,3.9167368694780995,13.059097354540336,4.673174500765628,9.957830339526632,3.338743459311009,10.410098121074757,3.3837744197987183,3.0235994259082704,3.82186620081017,10.58452718515526,4.849184633525403,4.583083314746543,2.1795167322118476
33.00000108403484,7.9445280114618875,4.598566927917112,12.186367920685834,12.005783298915604,10.338131809168305,10.232209325521438,3.851720259711687,3.7375261683756724,4.013690034477592,4.692845162489973,3.9743042535677304,8.98631185854584,10.311248631457516,3.865238487955787,1.9528405866757388,11.45423437730281,4.4390399126243105,2.6513700101333417,11.336769379940385,2.58017695889364,3.35780641576609,11.89601648815617,12.49075167180824,4.169802609305318,4.631658699232654,13.426528008669612,11.519672489249842,3.6906146676349336,10.59518635307947,10.189955715050544,11.409557728370451,2.348762191652821,11.528297243785305,10.728631683262046,11.00774764930358,10.419720108328079,8.859008532698903,13.017944664221671,11.102525146196399,11.687984091826634,4.040208865387004,3.8211112920948196,14.324916346435483,12.576565699061266,3.4601830398354023,1.458349552331634,12.064589452090026,8.72737573581897,10.192968643359011,2.5998773042134373,11.385237998827225,4.888667128404662,12.842074774794275,3.678276240040424,5.386394600457087,10.27534363462717,10.497114667541835,10.588068098336954,3.2181901280263947,11.952487856838216,4.260406998099738,10.409012155141374,3.8337436374145555,4.122987477521623,10.251466447574522,4.665371787822158,11.902345207857154,10.424594785944898,12.141937378563732,10.27297448087565,11.13177498700485,11.227578362741662,3.067929815542956,6.410990099698782,12.08342132194961,4.58485344637947,3.6041328476841406,5.341018455752592,2.39934207217759,10.819389776644368,3.5257367167723426,2.8963537081786472,13.882321007684673,11.338717890629638,10.046712816047693,10.476972529852775,3.917034314072646,3.914856503665365,12.844240966359374,4.58266195343892,10.068325239330377,3.4010936122258157,10.337058996904366,3.9137771263906562,3.566046579151724,3.0082097767882097,9.854949180722473,4.803144685513767,4.52888974615889,2.2528600777117407
36.00000118258346,7.8598024857425495,4.6039610397424084,12.04810085958134,11.969586909635442,10.87614861609656,10.245515290720085,3.850690966590259,4.457819709642422,3.979437486975468,4.965844255479293,3.9632428696275843,8.795638664189187,10.393793061634101,3.909503594466554,2.013639095522183,11.530622513368185,4.705429014737416,3.3462550045549007,11.310288405849645,2.536007535537954,3.1032992710035243,12.132863542686037,12.434207753491464,4.542764775578647,4.663047553846226,13.53355659906562,11.267047660370036,3.837180968261549,10.571097191064746,10.19359119402624,11.308394197401668,2.9047328661013943,11.004761795279668,10.087966338240646,11.111305177669916,10.316864980072113,9.140058803880756,18.362355663159093,10.80568373583575,11.706347204005947,4.7994958656128315,4.16346071333922,9.616049030232936,12.481241269407091,3.301485204158703,1.7145081747361615,12.55145956919835,8.589516327881892,10.138843378187179,2.613590633132226,11.34368425432645,4.866152320797678,13.667830369269526,4.207398553962993,5.654356342522964,10.352406965538338,10.365165273365783,10.420813454599912,3.447191053366149,12.441194105747915,3.40370492384974,11.323700583887689,3.886359247487621,4.016104766741082,10.260152901183632,4.541385464882289,12.165920033072464,10.400075120234524,12.282170573004295,10.393075172056012,11.116371891619709,10.754916244112104,3.4425308463592095,6.39712656428178,12.215196299344827,4.407958065521734,3.50172511594843,5.296573000639019,2.5916729992602887,11.342580293196265,3.425862355776618,1.8427034968034173,13.994239456805895,11.434118416835455,9.629036802128242,10.444596429787671,3.9817969072002697,3.9042122751853494,12.208031765246991,4.520216711561032,10.07370189975262,4.185575491102904,10.439731749056335,4.1898258118189755,3.6778589367163406,3.580992968387221,10.482349035177373,4.788282157605482,4.620173678315031,2.181078187946331
39.000001281132086,7.966738855397706,4.62903003361258,11.945619237175963,11.139958924719974,10.340120243732864,10.137638814813927,3.853534932617647,4.2101461651505705,4.0089435319008455,4.794538383247602,3.9325974512065534,9.646071096101112,10.411603130832317,3.292430811278208,2.0081517715126784,11.513073034474404,4.846129733857932,3.985303169459607,11.395436382051635,2.614345998117363,3.264718089793837,11.926669520698306,12.461654688483897,4.547006868103841,4.625757495866007,13.234819568280571,11.382824131524014,3.8951655471979967,10.571226079367497,10.479622377375929,11.271167217488722,2.3610409058547943,10.750056378158856,10.34402569430863,10.969602067508225,10.287133693038903,9.133127266541653,18.52699151163958,11.074813434472018,11.767998614549208,4.16255871732043,3.651171745817008,9.595883983502226,12.549833464556798,3.519772142748097,0.7658332842055062,12.482755820883325,8.515583553367227,10.019949187684327,2.683482613484688,10.680774950581968,4.660413344636129,13.67434639423698,4.536367382397866,6.106791768402392,10.161706133265945,11.34204569000251,10.535521711108233,3.0171200290504365,12.38047294229487,4.292540043869234,10.400358371742037,3.835595287541163,4.042040172927412,10.312623158808536,3.909052581356924,12.084011220479521,10.428454647183253,12.170668230582793,10.445715824548166,11.229083936453868,10.500459855772233,3.5151922242135765,6.1166075222789775,12.149021725976183,4.36602792318916,3.588127931591339,5.484657815547758,2.330142784477493,11.200323878101115,3.9646504895865324,2.606109077342627,13.472962800144236,11.340725096213394,10.1129198964861,10.471546139575306,3.8758311199468936,3.825895971005211,12.354268295135286,4.561965289020861,9.918355535147453,3.985255648242335,10.426827877452727,4.443519348212604,3.6803921020299577,3.5105532254299643,10.290342811447292,4.8372824352992145,4.568031679007733,2.2821418655227395
42.000001379680704,7.988476981019329,4.646646688539765,12.033414088315844,11.7580659580102,10.251240351094134,10.285441591802886,3.8173850396761173,4.20647278284302,4.011105730794414,4.870404021008534,4.007614050935243,9.103772564281666,10.203554323566177,3.3409854259344294,2.1212158169533057,11.50023603623632,4.463493838707822,3.402581402703158,11.121533339963742,2.8633943096434606,3.1135491933756985,12.11659186005708,12.545081228576457,3.871972052555547,4.6675442044176405,13.585893167105974,11.511692915073459,3.829776449490809,10.52463870668765,10.423601264492795,11.385979372942867,2.4351416674744217,11.528778267623668,10.336577158235322,11.021605919109012,10.261704086103617,9.013353591336939,18.347075514052015,11.042775724769585,11.599607667987351,4.153984850127959,3.605388560365868,9.688386671915097,12.412166378431289,4.448188738979136,1.2591776386082214,11.342321413584177,8.685605332295562,10.056821913563919,2.451391540155339,10.90737698864647,5.244570941324588,14.383732341183784,4.5885210551503945,6.351904984267667,10.277135437605923,11.507814689698739,10.421264822805565,2.5050152406787918,12.141311348672888,4.338876225972536,10.329434440344631,3.6738431849344524,4.055355549934753,10.36102010184938,4.277784604595425,12.211580741782369,10.45339499397153,12.074659501934057,10.463137206524006,10.84592301137272,11.132155449134975,2.8309510332800136,6.199362595821678,12.072404365006287,4.353202816470681,4.3902933501572,5.140872913155416,2.4522076391381895,11.419301159086418,3.006913997087362,1.9751351814905855,13.735871413191276,10.559917098997376,9.755111417101073,10.391601310070843,4.076047238003784,3.809130421117527,12.248761842433744,4.492398218750373,10.154248100748449,3.9681641364293334,10.4238652282065,3.9448880130964357,3.5649424264218377,3.4250315413699695,10.676752168712042,4.821916441830228,4.53714017552994,2.2023321205886734
45.00000147822933,7.887757144398509,4.6320074443611885,12.090248667449641,11.876001490524468,10.356509357299236,10.15378806182115,3.8739951177733123,3.798807862827002,4.0307264226356265,4.876810893631178,4.004777925648826,8.929246624244156,10.352577478744918,3.436106676765177,1.8577921949023515,11.497276495257173,4.85287356186574,2.723874354796149,11.156628059171956,2.7159337481756665,3.444517923480891,12.356871455406747,12.488744873909997,3.780409144911741,4.676943760747576,13.116689202050285,11.51132786823485,2.8106856146928787,11.47392681582228,10.42048537039016,11.43923243452045,2.9708929599409126,11.43095405113053,10.631440166572274,11.505290845356129,10.256691475698435,8.926336848029127,9.505383750987665,10.980632540318537,11.588968005073548,4.362474186170212,3.890714362980635,18.262436390707006,12.448635505499457,4.495232647833004,1.490302959927845,11.312826394867095,8.962220960977433,10.288586795743562,2.663175171836834,10.349300919436232,5.334912505760144,14.320743423436538,4.0472282137571405,5.633431834407877,10.451732467052807,11.502716390325324,10.44419820340641,3.0597293158566825,11.939099213231398,4.426559843957351,10.459893642636368,3.831076027005787,4.025017233645993,10.411502398492383,4.106677114503317,12.229258386703279,10.458933850401248,12.216632689500669,10.460690090053719,11.025550879051233,11.292667912925152,3.136913744642876,6.409904602306908,11.972671741071236,4.583628123508915,4.4122794508574605,5.266821028288798,3.2032953801134294,10.923438855395775,4.095233478607016,2.101406097936475,13.912016641985538,10.542546986818238,10.036949736668328,10.427584464975482,3.9930939797944824,3.8880814937972037,12.24849703522101,4.549790231557778,9.877570883787675,3.9929415155034316,10.588889928270223,3.306776388905421,3.399283558551144,4.455707627961422,11.343205072493628,4.719647568491657,4.585629156437195,2.159196025581366
48.00000157677795,7.9180727087286025,4.570811583825061,12.017361694483153,11.751194971121025,10.078068995600436,10.135937506430627,3.881932812486417,3.7977865746399657,4.009629483495779,4.82507426177579,4.0470597422116485,8.997630799417175,10.362666280812192,3.3356489351343823,2.0994904733810027,11.484926682640513,4.125984350327168,3.1040964578940655,11.287773455497543,2.7304160096770604,3.2454562032211562,12.303095757889135,12.436818984215243,3.8381318270987728,4.8097547289506295,13.621923501878243,11.584052423494079,3.1862582034296354,10.456775706594017,10.295135605242287,11.421413051942933,2.9381622683018485,11.30296553168786,11.001762946001467,11.470337623339963,10.358385261915245,8.916076307664039,13.08847660793367,11.041107011151812,11.717044028465068,4.185198215089002,3.885939203838732,14.523124317338576,12.309844154347989,4.486195138087101,1.7440623214784234,11.68517623239489,9.476008864904127,10.194980594698666,2.7202336203309714,10.94014355156803,5.221181708018049,13.824388422140748,4.623964464831361,5.914299238589347,10.292958303707415,11.565758795211101,10.62557564416044,2.6061930801909154,12.142898846859014,4.167502299148177,10.403087021336939,2.790095658418426,3.9396067853327548,10.357388510800346,4.404779359668451,12.246746714087884,10.469806367247184,12.213891473023084,10.429425504429059,11.245779681625574,10.847735088812874,2.815823005979974,6.128265906547799,12.398059325782487,4.336993019275271,3.447564466666642,4.876761608250102,2.4041665760544433,11.675359480747295,3.385865224047955,1.7450015643519334,13.468942205439413,11.449303584992107,10.23254016136857,10.552835106407331,4.4868702640767975,3.5934611063200377,12.292250961387959,4.751434345058926,9.879481154391925,3.9375005240806353,10.439792521558415,3.9719249283758997,3.559638606222552,3.449059403108546,10.813321264553451,4.777544134187069,4.606063923710603,2.173712439688994
51.00000167532657,7.9288627663070415,4.527464232837028,12.085442841823173,11.851002272561637,9.80935301511493,10.412474793250201,3.905906299842541,3.9033250813907077,4.040560476203328,4.8725507028523785,4.009154923888807,8.851488384822837,10.421252295522558,3.406977651510563,2.1584203615213253,11.443690895670851,4.6468173568466415,3.0640029861599887,11.390819979926345,2.7904809932862316,3.2965670588069127,12.338143856767207,12.44145642330048,4.546437804733241,4.72852350429,12.682655204725872,11.591881379029083,3.8198355701100524,10.624051551011284,10.523427284112596,11.415644485967729,2.5972552282846597,11.57272835644849,10.512248041848753,11.475510923061897,10.266585821185565,8.572830948489651,13.449632967257964,11.230350092608102,11.692597173633681,4.395953115199707,3.630354574324632,14.75760629391622,12.462150266313753,4.50387267791775,1.4125917039662168,11.280263764674137,8.92434656107278,10.205439686426718,3.4027840113095458,10.104938659607118,5.302380671640098,14.54402910010604,4.435000175073072,5.5237902736874664,10.478842544761699,11.510006642049863,10.408143195332036,3.3788344731167026,12.517749631736624,4.572427396046131,10.277467992397533,3.848299035824178,4.021351487860983,10.344839418593267,4.026565610490006,12.186584725834079,10.45677595720602,12.209969245294541,10.344071934461383,11.026869324022888,11.023344585971852,3.391660706350444,6.671598260687744,12.105814492751744,4.163419015589241,3.5768676529609884,4.827626168734745,2.7419763433652617,11.944063782464372,3.6905670230629073,2.4855124681932574,13.587918792324528,11.393915566251033,10.137428830678905,10.485044803695653,4.609085167420695,3.8912783923883087,12.331017355963166,4.768437809421794,9.777852078361512,3.9121349928382467,10.452710226388529,4.047961919702121,3.4805203100677966,3.31374033937776,10.632265113360594,4.667099224647785,4.594879885683222,2.0649196458449808
54.0000017738752,7.926272651169162,4.59754032868833,11.996432530279227,11.555490291479762,10.213562585237508,10.422808636897496,3.803898144028092,3.9969463115087462,4.007068479542703,4.963939876376093,4.04174080955255,9.078030884615657,10.401326972783181,3.6588591328236966,2.416233049558143,11.38349612013893,3.938234673334766,3.4188535509991054,11.351610612558142,2.700074496870548,3.377449690604532,12.096822127628194,12.357088590371571,4.5914284532404395,4.739328581986117,12.702964069704127,11.553279574714221,3.854906916617134,10.445304323297583,11.466516488313042,11.255439600477429,2.4592621203544827,10.503517338719735,11.474199707977414,11.68860021429607,10.279224040353805,9.032682987880102,13.020926060109064,9.682209257725745,10.787279071015634,4.270227538262031,3.857120494019302,14.419196367884108,12.35260711619012,4.826698967423569,1.5483110986535222,11.18332208531932,9.102391481138572,10.891077948885982,3.0968532275405005,10.110324345975377,4.98637145330055,12.251448393846333,4.418810565557768,6.045658642370759,10.530669456955588,11.581638787639953,10.462677672663764,3.1090454152458484,11.841431745591523,4.4065918020971315,10.469524991693852,2.735904171160597,3.999127631648638,10.34777919951561,3.989525451646735,12.091487647510233,10.437364015109377,12.227310030101528,10.312073717754288,10.998806481348705,11.05009703684454,3.0644597232115367,6.453404427650337,12.151118827604556,4.446502898642361,3.467703667485538,5.493701666493287,3.754025559645061,12.182327381604596,3.14716869228029,2.556245474965289,13.87317663463724,11.423972163238615,9.373673068679114,10.533366866511763,4.488571673490797,3.882468661457171,12.330262957653742,4.721098513772946,9.9945935001371,4.114677868758548,10.454324899650036,4.336546996826612,3.4570040981855596,3.5383301830889353,11.238833585208347,4.89838088555296,4.582176283094969,1.1012556976943033
57.000001872423816,7.920879603466362,4.525315258812556,11.977527036523453,12.114184874219411,10.39448519793555,10.410920826283364,3.8132507095233414,4.351182071016318,4.001584607905655,4.919974810309888,3.942821011378146,8.852349316524512,10.431302106477046,3.500581789640112,2.894611535072619,11.5142152685798,3.97953921752697,3.17962747245637,11.357506873876048,2.721757272257806,3.5405719570754415,11.919762915593461,12.406841235817142,4.564062646925993,4.777960921130237,13.140062463436328,11.526856299218704,3.9543620396078545,10.537173590071474,11.38127262728386,11.228193891246743,2.3781593058927215,10.5143028637241,11.674393231253358,11.53316051818428,10.319647360787359,8.865716740611735,18.648170690355794,10.591069648923247,11.675245807433923,4.112631250437725,3.8247825055337987,9.656289840250396,12.223930258205447,3.9489540939603565,1.7048891158430066,11.821721889258907,9.062286862659986,9.971216982657428,2.5901660122799113,10.958305478490379,5.522345723328883,13.236447507070057,4.115574416498993,5.968407066143882,10.258156331687658,11.536137600165441,10.554163676814388,2.338225910877754,11.971391444528717,4.392075522710306,10.394663618987375,3.58572262726765,4.030170645469313,10.308180764741339,4.622280192612536,12.213287100272346,10.441462037091473,12.206621917974005,10.420146386636167,11.206916455589113,10.50486982248746,3.2138955948537036,6.498638362811189,11.933260111817466,4.367305013712963,3.365301882689442,5.247823925711138,2.9076472613339748,12.679645741443439,3.21533777658498,1.7863100111127972,13.629385110940042,11.427286806897554,10.0325406592366,10.264290679291824,4.232031361884277,3.8898435038877786,12.2797305892467,4.761931300858512,9.413504917283703,4.084444423299861,10.440127494390929,3.309974477799236,3.539443862373637,4.157511368198751,11.203644910050517,4.7816253092051575,4.641704978586546,1.123460975428885
60.00000197097244,7.879411167717264,4.6179946827933165,11.956440475604289,11.890360313672087,10.339287017880032,10.428956567270191,3.8992814229571753,4.520583736754636,4.149180306789727,4.897230609081452,3.9580668928390037,8.970181174769985,10.333108836520084,3.3916262888124766,2.913427976083202,11.4021829488586,3.6422760967132746,4.03900207571343,11.33664027485929,2.5641509003277645,3.765196320241261,12.00198398848059,12.344981420098021,4.543328087404586,4.729175180735063,13.18045177991491,11.51923215602809,3.9823805540333255,10.418994308257565,11.507302233426515,11.210578100973926,2.706934322144086,10.63774041533794,10.386275239153685,11.34802280674723,10.256359590931671,8.738071420099597,18.315721359267027,10.901462966362423,11.778087621580731,4.570910247750172,3.2978676026223948,9.509556679663842,12.273729660477365,4.03246101436927,2.1909918417538976,11.615588252646333,9.42056198273552,10.163764951696374,2.883174675200832,10.609444761536281,5.981400161317536,14.266133829758981,3.7343012743260475,5.349230732181126,10.19847935405569,11.12081382002128,10.397522402643036,3.219837001944316,12.115516771693853,4.323277796890327,10.476460118654586,3.7282279034979053,3.516092230940535,10.295076624937991,4.6480955386801055,12.206737764803078,10.4435412058353,12.15075489295925,10.438453681613966,11.159452193580828,11.033077229526242,3.314382553685359,6.241362745334177,12.31809312536293,4.508538394423975,3.4639270636693,5.160572966507665,2.6581560801124726,13.15099203203837,3.487840042486084,3.232537997715292,13.569438419866025,11.44551681912594,9.887127757969841,10.269038707105329,4.012934148460776,3.891223374146427,12.284633108687416,4.719240343288703,9.247797846469227,4.015878615816987,10.436109838636396,4.092524430039412,3.653004786196312,3.423467282565858,10.21380512486969,4.634537898792228,4.514611651903948,1.064629070913914
63.00000206952106,7.96066049250547,4.519945015782596,12.013673662694641,11.466786532961118,10.33715575560759,10.412355174585203,3.7745891974468466,4.514555459164109,3.9906156735691463,4.845194504756479,3.9338194225347696,9.374049081057322,10.39269032533067,3.954672346651216,2.2409882064366977,11.439593445048166,3.8001602917393567,3.2325757007468847,11.304899744767077,2.6907123632948635,3.235891752794783,11.871476843905507,12.429530305875412,3.937301421114779,4.8048638214906925,12.910567834723064,11.036148922454956,3.1093476137029965,10.376120441199587,11.41535944853032,11.226896600188649,2.592156871228062,10.465615045387134,11.593698243855043,11.318264848592761,10.325402441144485,9.126548355108936,14.345892473732745,10.784610615165322,11.727115872487188,4.027595469077899,3.907201576871612,13.104162616288884,12.51316008748295,4.455382288729336,2.358231724870684,11.53072435942589,9.342756599748117,10.276026926662665,3.0768188940902954,11.100915235444816,5.317682803077441,13.484522351806106,3.856872094135432,5.178781321849231,10.822818212845071,10.472283689757807,10.610395258065136,2.7499616592409484,12.34257917438114,4.347376141157959,10.393426719614096,3.3357089695059376,3.968784228792494,10.438068950063206,4.415283588222518,12.128670907273845,10.35989268719554,12.092068581176258,10.416496896580783,11.144581990576421,11.788476834515585,3.481421891711442,6.43232784833039,12.240366536158529,4.6586590560169965,3.506154348906869,5.576363985155816,2.6868237704415145,12.52101707855898,3.57715766150627,1.8432018473643366,13.681531712698977,11.349043999584556,10.264834538477198,10.525868861115162,4.454183108987557,3.7717347036240345,12.162208796548057,4.696387523538598,9.455263251009134,4.086737745454189,10.440207854722997,3.552713670113134,4.09090346412974,4.096635461096484,11.120928865747556,4.756923700753216,4.471416822904535,1.102778406249103
66.00000216806968,7.995404342840925,4.6080472190630815,11.955308034438566,11.666457269870293,10.335135956268665,10.190947831752077,3.8737928284648637,3.852785582500852,4.033597133330226,4.890889300086522,3.9484428402549696,9.194384838789956,10.135508644354156,3.378310446719945,2.212513759564186,11.461820538470644,4.133487228149258,2.8925082860241487,11.370180334580386,2.6656098848039784,3.507549524132262,12.234663935554963,12.333362043417978,3.8776097136316734,4.721735011859751,12.464319960059008,11.552107065670246,3.264565842560013,10.423900744781609,11.478020707996265,11.174499691628604,2.339130684622889,10.47991374068175,11.549844743151578,11.57508328121161,10.284568957262966,8.928436178198947,18.767894320305935,10.70017071108801,11.192160860209736,4.207270982123894,3.4513779962263906,9.355381655414778,12.64215861022001,4.032047644646893,2.2387161399545197,11.474316708396252,9.162908192207654,9.864588004770447,2.9959802262905795,10.901628091735734,5.472653362913391,14.328590750659329,4.277402375088116,5.455472673721612,10.41167285961494,10.459654992004973,10.483698555091657,3.465360810531449,12.299857310422306,4.3265010395895676,10.476894179545818,3.9067400071799603,4.085338786188642,10.419475470408473,4.600972237357139,12.159521681406359,10.32140362402407,12.101727133891337,10.422469825955725,11.311191001660454,11.346526741086425,3.2914738587515253,6.500934882501973,11.970084593257114,4.06301245228167,3.502311118351232,5.4037776088125655,2.988119372482462,13.071705054269382,3.2129119345529107,2.5334712130720343,13.856606962687868,11.410254227362046,9.587381255159402,10.488628263022541,4.573519003625362,3.7188555281329054,12.148239535680553,4.5818542424218816,9.931644963881894,4.103638881928209,10.526767667631669,3.5567840675677824,3.526149312277319,4.086864263837981,10.931802969284616,4.747600797337571,4.5513737980772335,1.1211128520753535
69.00000226661831,7.810427917265998,4.456371971770058,12.015125186089442,10.837984308708934,10.43052504060716,10.276634147384442,3.8515791988101036,4.021216733400914,3.996665272426022,4.792313716111088,3.9673089687495655,9.698186728191441,10.340232704012056,3.295658662248692,2.900405594503896,11.469021701635288,4.445884419781343,3.1133643780062816,10.459475689004593,3.7399334719431434,3.176750720551171,11.14023427120331,12.386625916365007,4.029442825743402,4.755622798866764,12.519416248668941,11.642190449674612,3.2240485495824283,10.373963592461292,11.318784357026964,11.219446607772996,2.3952265821120022,10.368434821465472,11.70949079927626,11.743280059709118,10.306459109087244,9.203778801935114,13.15485616083841,10.323555835093767,12.173615697584726,4.122729073861777,3.8137720779477995,14.446963608324742,12.235188493606664,4.442627793275087,2.301223851881246,11.661540577090994,9.48933650323613,10.291036295697541,3.2157076080741116,10.39501210297377,4.588740120040464,13.327902207435097,4.161321905657377,5.431989495229156,10.50911545036623,10.657433193405982,10.411368826420892,4.266636307317367,12.073512057046113,4.596184152136574,10.498190033916455,3.832002271730091,3.9638650366409967,10.21879672390486,4.079210084269565,12.028721849100691,10.399577963672268,12.201021133627224,10.34029389936359,11.32390761429824,10.8843226565658,3.0123751715225575,6.375619895723083,12.178524980918056,4.497327757760891,3.5575716167815634,5.144015077832594,2.791622855784061,12.87892746788897,3.5282226346487118,0.8866552849543257,13.758278952014194,11.403558035318781,10.1451148388715,10.513933354624005,4.3136732395116155,3.896224095177781,12.156071120185098,4.511743997483463,9.590247192578989,3.804773781292984,10.65633458142448,3.3121134222562385,3.090677404646425,4.189008595467171,10.855133368487747,4.855647266541624,4.638472175544854,1.2954062586065285
72.00000236516692,7.958067145260342,4.482653746882883,11.96906501178923,11.907218248538035,10.275277811231243,10.267121896016105,3.9043732293804987,3.875457134461592,3.975412680919445,4.833847064530044,3.9947997832042943,9.001396582180476,10.246949047503092,3.412620609145856,2.949656669917668,10.710024954363409,4.922393769570623,3.8983255489121738,10.455367920394306,3.776919735541168,3.091474850937609,11.326278658743293,12.353779218851061,3.8648594650228407,4.703754254767025,13.305637009034292,11.512163916877359,3.8234101671291816,10.431567168400319,11.164825237191828,11.43327472524404,2.330991135361361,10.650509219071164,10.353863185559248,11.703669212361376,10.268040956024922,9.27165370948209,18.421555230533915,11.085871093234227,11.74820755742354,4.13500723625507,3.746422633299988,9.379470986752011,12.355375128193224,4.4392144427756195,2.501636820642601,11.540428275798984,9.396177628223523,10.274928946028542,2.9124211711726518,11.378563983344405,5.789155496870081,13.567034838769949,4.1288309839825255,5.605157118026071,10.40214588847665,10.463087216996433,10.45692101840553,3.1787219563546127,11.953475420732481,3.4540534011830393,11.49295110849113,3.799254180629103,4.030640691372942,10.24236086488022,4.5119725326558395,12.236013908086544,10.405429434010998,12.203111496088576,10.271953090798355,11.103056601128175,11.004394889544253,3.434125729389687,6.42172808934402,11.971764395048988,4.596734363446656,3.542490257135827,5.0488930045387574,2.8067003940867323,12.050290408784564,4.042915711417009,3.223528598043079,13.690405829101593,11.398977623116913,9.381238176004326,10.258234995792968,3.940343865265836,3.8908931900878345,12.23775292239114,4.601335960728132,9.706161641887991,4.134722333869574,10.633215626377305,4.8289727298119285,3.425134874682616,3.8003522090325,10.45394308791996,4.546447135092307,4.615897528274309,1.2923236563517984
75.00000246371555,7.885810711751302,4.4908495175898775,11.98772961353915,11.515418414446414,10.208699901656475,10.455026115086659,3.8133010670411447,4.226556192861966,3.9636921674220815,4.837074446226601,3.961866365329278,9.17541517181427,10.377028604649809,3.6567479648836065,2.0336677499038185,11.494592452769574,4.952259755209017,3.41767434554163,10.34534974615141,3.7416363771472776,3.2141720115967916,11.594010065898921,12.337839844394127,3.903769371658342,4.74597686298489,13.55050525635215,11.573932217954834,3.8775042989558646,10.407748023210257,11.472994489027945,11.259808471641314,2.3645151214322246,10.50222025274067,11.28224714305974,11.605491176300637,10.270912017983965,9.12778976508489,18.877689114544065,10.726638189852176,12.13012716453264,4.329193146234924,3.74445047904328,9.49472690471675,12.428887158968221,4.517457041940531,1.893413757146822,11.720033942109753,9.025624091180035,10.06825781408776,2.6246166831869813,11.030801099021959,5.1507135984437635,12.91043353011541,3.4042791793038747,6.1200049667764675,11.362061397498659,10.471229427121111,10.406830896517723,2.578585104527527,12.113106852010562,3.4995951929255833,11.46322837589301,3.8514746625201006,4.012532214611244,10.424052612831634,4.551061767974446,11.9795306044574,10.363448446656882,12.239145853102203,10.29682933978444,11.025877190208842,11.027993456379178,2.9990364452395237,6.456632300333439,12.02046257966908,4.9829253593243985,3.6040727607445677,5.3569490890507785,3.922038936542643,12.236129465701335,3.4426062580723404,1.9956194203792927,13.474301519119667,11.331368478709624,9.675315924557207,10.284334299291128,3.9359920965548514,3.9121883299630293,12.190709407783324,4.537434762449794,9.454368782740532,3.883543428092022,10.621477476156713,4.800143882905591,3.506204281078965,3.6164468722500014,10.21197101526663,4.702958541987983,4.552625319633642,1.1691324723297765
78.00000256226417,7.904749290948736,4.500675752969372,12.020651215518779,11.923729132608814,10.406375749296606,10.482305013346334,3.846242908944611,4.0102494916918054,4.013568953100266,4.724478749845502,3.955791289754411,8.93527608254923,10.389058181708785,3.3874448738955065,2.0747363174115807,11.424024290843088,4.0548144088563465,3.192089299091688,10.252991593788703,3.7813060681212254,3.3222151319290503,11.179107686954056,12.28696647723256,3.823577920385426,4.731518798428943,13.21236969325904,11.484331972536017,3.2128294151029855,10.56032886682275,10.41456167594757,11.404106845100278,2.414916380708172,10.350014785559488,11.67210019891846,11.426609707301015,10.24219331705584,9.334923399181632,14.27389716469132,10.238664866330998,11.624339451741061,4.049171854102867,3.4026363663511097,13.13849425753314,12.618641582357087,4.30150706939385,2.047372940574848,11.395906101083865,9.048804349826355,10.183916996171451,3.0257191198356064,10.977789191847412,5.611982724622793,13.258308585170038,3.8522059184862147,6.324392486521011,11.35196326227162,10.496377434495328,10.450673881853644,2.3660103134967123,12.182861965443417,3.470970914651436,11.443111968113822,3.7771497200061632,3.9324765949081075,10.353084742059556,4.379573169500858,11.91582515969433,10.434316891583318,12.202066093704161,10.386122519488135,11.126149360655976,11.368222692518437,2.817603296643456,6.140920538629457,12.144720746776098,4.435741977683862,4.159319606273085,5.07210989642749,3.1318361013658227,12.206029789119812,3.348053650698986,2.6509424334251417,14.109920936763128,10.535057559576185,9.436606120167468,10.198608313673732,3.9540771441564195,3.8752802252387473,12.104206909351346,4.569211429476181,10.19650742220718,3.912178593761185,10.58011179177672,3.6004810067457087,3.2991650716381278,4.106897584694946,10.850708987309755,4.7489821516484865,4.606245066789185,2.2919496112513085
81.0000026608128,7.8761262172097934,4.537123435819771,12.012530878720927,11.665178523768189,10.008043947229845,10.284932433223005,3.941892923948736,4.094166002322143,4.001091313931435,4.874757581697499,3.9895376906775692,9.11220589989884,10.19152628332832,3.6173331848628485,2.570680777525198,11.275776078096731,4.545796242516078,3.0493259024595534,10.260883135151033,3.694256439084558,3.11121988432256,11.523592990728922,12.332671395714703,3.8736978679414786,4.728040492229083,13.22473653056324,11.510690473474767,3.9075898337864454,10.497087347476306,10.417868948233847,11.311467613726434,2.2439004954934094,10.452501717646665,11.678885769467081,11.636709228121854,10.291337763029427,9.178219728649017,14.442075465537945,10.870983170660203,11.712088359360155,4.0786910757259935,4.262092264939297,13.05640090917747,12.755533062013194,4.081392734262951,1.6387087953590305,11.660843507924579,9.05707836683446,9.91595741034579,2.6365618577797427,10.1086478569348,5.949755942677546,13.275856294959551,3.7280065520558305,5.435428796240129,10.340620566773865,10.596552736823112,10.453420603264043,3.8441300444817887,11.734712453491472,3.533244191112753,11.480302202650737,4.081369082337717,3.9378959829624898,10.408316501812623,4.572959592074429,11.850554758952343,10.418571631914666,12.188288852224861,10.442821274793594,11.213087880600503,11.108742482621793,3.8841244774061656,6.281592194560759,12.090698803204639,4.304989501597907,3.9428363131513833,5.015329946947882,2.5267340448506572,12.104137216598597,3.293479724057317,1.812273269753648,13.521749890369346,10.517119436653141,8.99694907227955,10.28607641507604,4.061092635737066,3.88763724998003,12.097629036633599,4.584960875493763,9.89461526817194,3.7428639548528757,10.601089736760416,5.761536056880825,3.07655066994619,3.533029582511458,11.13531984658056,4.8188825829104305,4.527086603465597,2.098717729508171
84.00000275936141,7.871815272063058,4.467260898561006,12.172715804879367,11.069114029232594,10.222596244779847,10.287849345408006,3.9388748368797377,3.8918600073362417,3.9923448981740672,4.932369061946525,4.022141405809027,9.633399068428956,10.213638479074444,3.3901222022194153,3.190667238396932,10.65088188648361,4.786177513686733,3.297464170540196,10.323857908025598,3.720056935228007,3.276622245413524,11.9023476885045,12.393821695203078,4.082688426721412,3.997706741718839,12.972827163256449,10.647262728649528,3.7991834773178437,10.46521567445023,10.535152055961712,11.443346740512968,2.1711649605449677,10.383598448484708,11.030775651557722,11.699671671969442,10.260685679109766,9.39286587898997,18.315983765200496,10.34761441969035,11.570742347640888,4.002355148474152,4.1184974061032875,9.049872269897522,12.452887740466805,4.4837418027095675,2.242136829776697,11.504936415056092,9.439134613157474,9.998266404103365,2.5831213609709036,10.410997837757103,4.838397758867751,13.655470711949613,2.034656978477843,7.0624388103695726,10.236014176563017,10.57667993863209,10.465166047516165,4.257585893200021,12.342867484448833,3.5601018872052173,11.478040783180482,3.9077982870466954,3.8467597081319873,10.469645967709713,4.201413225716909,11.88852419007893,10.333850551091524,12.269582455261023,10.26673193148532,11.205322410149437,10.277320633812819,2.846564685685313,6.216521146848579,12.138329495208248,4.5393093924910435,3.916098086270302,5.023261940120597,2.592062381923344,13.205396509422135,3.4178820945071635,1.9563675730773398,13.908797336182895,10.423859956261937,9.776656615911293,10.392922504545226,3.8362010360179593,3.8578250228963844,12.222619297698234,4.588037975828453,10.076690068220543,3.9728806237588,10.660538041488362,3.40031089289886,4.455065232074382,3.8170262797793697,11.03504175318869,4.662537876669302,4.534678936634767,2.119329174843486
87.00000285791003,7.953540163276309,4.441737894059331,12.001486024845324,11.692384607781454,10.295285446994853,10.4210682061929,3.851439746364072,4.025002281142246,3.9657261126475496,4.768483853494671,3.940668961000857,8.802939975735361,10.178951119992266,3.4101834441830343,3.2131451668742343,11.147651842359656,3.704586658762505,3.4188831344210673,10.419069746069866,3.7794148091223256,3.48071976009277,11.762593931394932,12.301071122889791,3.8574841038742633,3.6792863033868404,12.58438267369981,11.56966881881153,4.068720233987755,10.46268160558551,10.250908323031906,11.317233976081825,2.342284876114392,10.50657752981184,11.39042463808039,11.721452112545766,10.25035093952469,9.016130599597338,18.1864995487147,9.807524716076419,11.626427605867246,4.080960220373751,4.1436273384109885,9.559448202837311,12.59191445226544,3.987092517342247,2.183574551881306,12.642535587122401,9.559355806537749,9.87678618494828,2.387600219185006,10.245017964904335,4.361800786048123,14.348966808908934,3.0852581105889754,5.544524407935703,10.402689327215569,10.58954223829436,10.437885498828873,3.74165374979119,12.342697108831446,4.311277163785104,10.842975353827308,3.8814170264473975,4.032803916977306,10.308693779485116,4.092111363171536,11.908624181056044,10.242079485568006,12.195701192374363,10.297127885244263,11.174856334383804,10.330147687843812,3.5855679635236037,6.195515321196922,12.223686038314726,4.486857586922875,4.56039120159901,5.14435389403411,2.218769216757063,12.295115770988712,3.596867885773074,4.134105070685218,13.809125955949034,10.425007921578427,9.313733788842702,10.186983369040357,3.9961598548943726,3.8936563018979293,12.208871163975486,4.554584897463977,10.079755626312355,3.755565258736914,10.667269737041877,5.2211266839053,3.4165278643734682,4.658575367493124,10.306914311477243,4.8232413183257385,4.667319389086702,2.1130243832478146
90.00000295645866,7.929082391531092,3.8070198483750235,12.058230807154759,12.008293465355557,10.489943842974547,10.197613638848207,3.8958982331242678,3.837575593009036,3.9794458972323867,3.9437721125799285,4.158629529851484,10.315982880675769,10.257215258339524,3.328721612006825,2.1201287039334287,11.466619202920192,4.570959632165954,3.1538301041273287,10.47540320214685,3.6186232171838015,3.381196232365705,12.04775941719933,12.294287028334896,3.8287053838615046,3.695966072470115,13.459177886147128,11.679611889797522,4.008429551276407,10.45338750640938,10.019688343703173,11.364148168578009,2.1743516382602346,10.558628638764885,11.482902380558045,12.48571198746927,10.21333580745812,9.019439770305114,18.398144056137102,10.415686607101744,11.720926565821697,4.036313429886574,3.8613000228117933,9.479492923704068,12.47756680359106,3.8999488423966313,2.5519504007568528,12.462725743093936,9.54967918879506,9.955150685075822,2.916684068715633,10.03832710707142,4.541132263326922,13.797845622504274,3.612835037122251,6.082225414694044,10.450220691528731,10.539465542615,10.50904694343385,3.490452865987149,12.521070673380336,4.475761057688711,10.478251623811879,3.8885347683782556,3.9943915232300267,10.404952948896446,4.48188118257534,11.957312205523714,10.25914856995126,12.24848990987274,10.305146030766892,10.976376049504056,11.061205713897765,3.0588099023724595,6.439924094287904,12.374577598858814,4.925531902591631,4.5591922360634065,5.459621252468317,2.176236162814998,12.881981068484873,3.7642994008588375,4.195571631432645,14.064024755648648,10.42918056957826,9.952883756159524,10.209681110799236,3.990819465694656,3.870273667829984,12.254608112726784,4.581443082536722,9.975080015523737,3.9788610235700044,10.565974746559656,5.102194392736783,3.473473971068537,3.748890341489523,10.211208168498619,4.596744657126012,4.621517787696715,2.1218426116425277
93.00000305500728,7.882074579124901,3.724956990373038,12.056116935332211,12.139766490212809,10.394888107825667,10.404719116787119,3.898555902737966,4.041631330674838,3.9738613940377037,4.984295068339163,3.9268239325530168,9.201871213098858,10.375525088464473,3.5308979173559614,2.6508742720363556,11.507096317936844,4.841361976179051,3.3832955058461067,10.596157955107282,3.4915761912847887,3.316655127763437,12.332492197116027,12.37810022866875,4.519861243850448,4.269012530099686,13.529647868904874,11.319724363927431,3.917486643539836,10.419258382982543,9.955789974689793,11.30187214300268,2.54611079870919,10.659379960895404,10.354247721956163,12.461133669738242,10.224481967172192,8.963725618639378,14.294449276209741,10.152585261232096,11.65410290458803,4.477052389541618,3.487889464360572,13.163553426451507,12.54095543474592,5.71608053363569,2.3006231410014166,11.418140441294748,9.361299110582232,9.827837183848317,2.747312622589043,10.223115615735857,4.345019043134692,14.129216770627451,3.6167159126503687,6.112763079786772,10.44147828519108,10.574216508045117,10.511094210954958,3.504668742857212,11.994208162717007,4.199788185387869,10.43234604593354,3.8536368243876473,4.038514326751678,10.367939443541724,4.538554162062094,11.889117941339382,10.443099684810944,12.232743047780218,10.300828816093121,11.029070666869506,11.364371180336372,3.323353475104454,6.710794485480829,12.191619719426933,4.475969563077141,3.4016148420170738,5.223865973761184,2.3351359014317974,12.842884943626995,4.221271289664961,3.8919994402433575,13.262155975703433,11.405022329708384,9.697890911572854,10.033255575216348,3.913373081699351,3.6821620369680343,12.30862420882396,4.538527642730832,9.731630257532787,3.8271656090530337,10.616016241934352,3.1812072499740904,3.694096714063367,3.503087646218871,10.387796812588038,4.691418509177774,4.606716625185378,2.1598402599028503
96.0000031535559,7.903007654728363,4.553195141509202,12.081469525272961,12.448853463394032,10.406553814899384,10.390294868230267,3.838250589805661,4.286000122426727,3.965656543672929,4.9651565957824,3.9599523302004376,9.137668088080545,10.371885944234403,3.697163797024922,2.6416489196880977,11.554187098939641,4.628527778918263,3.216389974548349,10.536951593792288,3.5002195988068023,3.455750321273272,12.182116348940566,12.294725046939687,4.538293475329928,4.602250392857693,13.065341123504249,11.624871870778337,3.8989252574333326,10.525439673709656,10.292960564568256,11.434868480021414,2.5698271362504843,10.481503113988236,11.61356876745282,10.899986575100506,10.28611309741211,9.19208257233791,14.416595741177373,10.110813351328398,11.672790678739501,4.050267951076026,3.9705547655243105,13.109869356556148,12.504522269558882,5.994683826058959,2.1800759025422796,11.345619633227308,9.523777001336391,9.922315144746364,2.5477600833764362,9.973494449921043,4.192952254373732,14.294551313298932,3.237636928709996,5.841433706624251,10.45495861640815,10.516518767621125,10.644245286797696,3.5571421867242177,12.007184304064209,4.419195310238924,10.486899180828365,3.8326310361798503,4.017495315883287,10.36363682214441,4.68062036798404,12.138942994801567,10.450971018297993,12.27407058024263,10.44147267511502,11.023781802487846,11.105216602326287,2.8603652566376874,6.008077170273459,12.100297064930244,4.418101066714027,3.1804052279145094,5.1605113288482665,2.3683213297504224,12.145092145444478,3.356052415978346,3.9893607235532462,13.529817694368765,11.438925130154363,9.953088015274524,10.16097144714542,4.11604871472083,3.7808498030804722,12.160859038908356,4.604607890774857,10.114363841482469,3.7946883042236887,10.651028921761238,4.940440247014195,3.639677856413678,4.045410601832792,9.95843651752385,4.635684424947417,4.52861240328098,2.0858170247528625
99.00000325210452,7.915695825332362,4.606770067445188,11.903475237837148,12.065545650677107,10.340309488789442,10.41646589021467,3.882141620330823,4.152343264142629,4.003650633909488,4.81612768276278,3.9429588284963626,8.974007526738367,10.35237739843513,3.633722540898323,2.7072929125977536,11.428460418658837,3.909978520851288,3.3886022396573856,10.531931299394412,3.491496034510956,3.1504312630738895,12.163504235449372,12.289590749448674,4.502686828259256,4.257444180489916,13.692547795899685,11.472026876141355,3.240272491016005,10.360704908666424,10.041227792570604,11.353629143319912,2.453858923050619,10.37857016692302,11.486210646887582,11.02900995725783,10.213335216779404,8.923204696014103,14.682484364603615,11.047146356317466,11.788613610725992,4.0983314980427545,4.003124450271189,12.893431334066658,12.477731427358702,5.662041930553589,2.0927687321162907,11.555441960346108,9.170430366205824,9.92561417680552,2.72877609484518,10.300038015032417,4.142915039532029,13.770472148223357,3.1283406847914645,5.7077115810354355,10.548550207594312,10.573329076824981,10.3953264166141,4.030567816888231,11.989953776835456,4.200318296826341,10.443669177314852,3.9591869422903136,3.809949717444957,10.439227020614327,4.6504879585504995,12.005159028448304,10.456921681663584,12.248014446212668,10.463123739791438,10.936486315766814,10.761316858291881,3.0012982652127387,6.217110548493897,12.029850500297584,4.075449828956701,3.647883395246766,4.994818937780252,2.064258755549359,12.580671377005123,3.633021460526769,2.7978622040162455,13.220829985255458,10.534249129538455,9.687939766613368,10.312143747662875,3.715018042240026,3.6358009742566986,12.164711342854321,4.447682520856238,10.220508673168366,3.807937475448298,10.654291896798243,4.602086699027104,3.275305034293189,3.4550549551971392,9.835886369567929,4.701851692741085,4.614073082662434,2.3563264273700018
